gid,role,role_score,cluster_id,priority_score,evidence,depth,is_seed,in_deg,out_deg,in_kzt,out_kzt,in_tx,out_tx,pagerank,seed_reach,pass_through,temporal_support_kzt,temporal_support_ratio,truncated_by_depth
100000000011452100,peripheral,0.35,0,0.741548,"Недостаточно ролевых признаков: входящих 3, исходящих 1, depth=1.",1,False,3,1,110000.0,16685.0,7,2,0.00047686402523264667,7,0.1516818181818182,16685.0,1.0,False
100000000018102100,peripheral,0.2,0,0.039702,"depth=4: обход обрывается; видимый вход от 1 узлов, исходящие неизвестны.",4,False,1,0,7000.0,0.0,1,0,0.00032040294724489533,7,0.0,0.0,0.0,True
100000000031787100,transit,1.0,1,0.885231,"Вход 90,000, выход 90,000 KZT; выход/вход=1.00; после видимого входа в более поздние дни ушло до 60,000 KZT.",2,False,1,2,90000.0,90000.0,2,4,0.00043153563048532306,1,1.0,60000.0,0.6666666666666666,False
100000000041368100,terminal,0.698577,2,0.780694,"Видимый вход от 1 узлов (160,000 KZT), выхода нет; depth=1<4.",1,False,1,0,160000.0,0.0,1,0,0.00031760712361923363,10,0.0,0.0,0.0,False
100000000076451100,peripheral,0.35,3,0.823399,"Недостаточно ролевых признаков: входящих 3, исходящих 4, depth=2.",2,False,3,4,87707.0,58000.0,4,4,0.0013962008641423907,7,0.661292713238396,35000.0,0.603448275862069,False
100000000089154100,distributor,0.953625,4,0.907918,"Отправляет 15 получателям, видимый выход 425,500 KZT; depth=1.",1,False,1,15,10000.0,425500.0,1,21,0.0002874458184490925,7,42.55,10000.0,1.0,False
100000000190228100,peripheral,0.35,1,0.628559,"Недостаточно ролевых признаков: входящих 1, исходящих 1, depth=2.",2,False,1,1,5000.0,28560.0,1,1,0.0005820068181865632,8,5.712,0.0,0.0,False
100000000201868100,transit,1.0,5,0.926601,"Вход 190,000, выход 190,000 KZT; выход/вход=1.00; после видимого входа в более поздние дни ушло до 190,000 KZT.",2,False,1,1,190000.0,190000.0,1,1,0.0009746432509228572,7,1.0,190000.0,1.0,False
100000000254336100,peripheral,0.35,0,0.612544,"Недостаточно ролевых признаков: входящих 2, исходящих 1, depth=3.",3,False,2,1,97177.0,60000.0,2,1,0.00029193514276874746,7,0.6174300503205491,60000.0,1.0,False
100000000267734100,peripheral,0.35,1,0.80516,"Недостаточно ролевых признаков: входящих 2, исходящих 7, depth=1.",1,False,2,7,180000.0,282000.0,4,8,0.0005373190777888414,1,1.5666666666666667,160000.0,0.8888888888888888,False
100000000274067100,peripheral,0.35,1,0.813612,"Недостаточно ролевых признаков: входящих 2, исходящих 3, depth=1.",1,False,2,3,517704.0,2969000.0,9,9,0.00041370365128518645,1,5.734937338710924,55000.0,0.1062383137854836,False
100000000287768100,terminal,0.566726,0,0.361432,"Видимый вход от 1 узлов (35,168 KZT), выхода нет; depth=3<4.",3,False,1,0,35168.0,0.0,1,0,0.0002886880716986394,7,0.0,0.0,0.0,False
100000000288317100,peripheral,0.35,0,0.710409,"Недостаточно ролевых признаков: входящих 2, исходящих 3, depth=3.",3,False,2,3,100000.0,53500.0,2,3,0.0003128334856204937,7,0.535,30000.0,0.5607476635514018,False
100000000291906100,peripheral,0.35,6,0.870552,"Недостаточно ролевых признаков: входящих 2, исходящих 2, depth=2.",2,False,2,2,388000.0,455854.0,3,6,0.0007629373053537469,7,1.1748814432989692,95500.0,0.24613402061855671,False
100000000291908100,peripheral,0.35,6,0.774021,"Недостаточно ролевых признаков: входящих 1, исходящих 1, depth=3.",3,False,1,1,295500.0,13300.0,5,1,0.0007065527083396985,7,0.045008460236886635,13300.0,1.0,False
100000000297649100,peripheral,0.35,7,0.759786,"Недостаточно ролевых признаков: входящих 1, исходящих 1, depth=2.",2,False,1,1,40000.0,70600.0,1,2,0.0008091385858414682,8,1.765,40000.0,1.0,False
100000000299820100,peripheral,0.2,0,0.075734,"depth=4: обход обрывается; видимый вход от 1 узлов, исходящие неизвестны.",4,False,1,0,10000.0,0.0,1,0,0.0004501620352243427,7,0.0,0.0,0.0,True
100000000307908100,terminal,0.412544,8,0.056495,"Видимый вход от 1 узлов (5,000 KZT), выхода нет; depth=2<4.",2,False,1,0,5000.0,0.0,1,0,0.0002964337747494588,1,0.0,0.0,0.0,False
100000000331309100,distributor,0.999555,9,0.994217,"Отправляет 99 получателям, видимый выход 23,001,375 KZT; depth=2.",2,False,5,99,984635.0,23001375.0,8,126,0.0008756899038073739,7,23.360306103276848,984635.0,1.0,False
100000000332284100,peripheral,0.35,4,0.872331,"Недостаточно ролевых признаков: входящих 10, исходящих 3, depth=2.",2,False,10,3,107426.0,289500.0,12,3,0.0007170946224349055,7,2.69487833485376,28000.0,0.260644536704336,False
100000000343175100,distributor,0.992883,2,0.998221,"Отправляет 31 получателям, видимый выход 4,000,039 KZT; depth=0.",0,True,8,31,178712.0,4000039.0,14,33,0.0007132581979384031,8,22.382598818210305,157712.0,0.8824925019025024,False
100000000369781100,peripheral,0.2,9,0.065392,"depth=4: обход обрывается; видимый вход от 1 узлов, исходящие неизвестны.",4,False,1,0,5000.0,0.0,1,0,0.0005324777910582551,7,0.0,0.0,0.0,True
100000000375150100,peripheral,0.2,10,0.441726,"depth=4: обход обрывается; видимый вход от 1 узлов, исходящие неизвестны.",4,False,1,0,300000.0,0.0,1,0,0.0007463802351751558,10,0.0,0.0,0.0,True
100000000404740100,peripheral,0.2,11,0.168817,"depth=4: обход обрывается; видимый вход от 1 узлов, исходящие неизвестны.",4,False,1,0,25000.0,0.0,1,0,0.0005579900727464822,7,0.0,0.0,0.0,True
100000000408846100,terminal,0.578915,12,0.432384,"Видимый вход от 1 узлов (40,500 KZT), выхода нет; depth=3<4.",3,False,1,0,40500.0,0.0,1,0,0.0002957255734808799,7,0.0,0.0,0.0,False
100000000413678100,peripheral,0.35,13,0.800712,"Недостаточно ролевых признаков: входящих 2, исходящих 3, depth=3.",3,False,2,3,306500.0,528198.0,2,18,0.0003006988541738493,7,1.723321370309951,272199.0,0.8880880913539967,False
100000000424935100,peripheral,0.2,14,0.04504,"depth=4: обход обрывается; видимый вход от 1 узлов, исходящие неизвестны.",4,False,1,0,15000.0,0.0,1,0,0.0003014479732354367,7,0.0,0.0,0.0,True
100000000425407100,terminal,0.504004,4,0.321619,"Видимый вход от 1 узлов (20,000 KZT), выхода нет; depth=2<4.",2,False,1,0,20000.0,0.0,1,0,0.00030509459327138065,7,0.0,0.0,0.0,False
100000000437046100,distributor,0.997109,0,0.992438,"Отправляет 42 получателям, видимый выход 7,606,224 KZT; depth=2.",2,False,9,42,1107200.0,7606224.0,20,73,0.0007924860106097857,7,6.86978323699422,1008055.0,0.910454299132948,False
100000000440392100,terminal,0.669929,5,0.592082,"Видимый вход от 1 узлов (105,705 KZT), выхода нет; depth=1<4.",1,False,1,0,105705.0,0.0,4,0,0.000296934490065325,7,0.0,0.0,0.0,False
100000000456947100,peripheral,0.35,15,0.004448,"Недостаточно ролевых признаков: входящих 0, исходящих 0, depth=0.",0,True,0,0,0.0,0.0,0,0,0.0002855692942172902,1,,0.0,0.0,False
100000000470237100,peripheral,0.2,14,0.193839,"depth=4: обход обрывается; видимый вход от 1 узлов, исходящие неизвестны.",4,False,1,0,32500.0,0.0,1,0,0.000584633394176411,7,0.0,0.0,0.0,True
100000000481716100,terminal,0.432562,16,0.255338,"Видимый вход от 1 узлов (8,000 KZT), выхода нет; depth=3<4.",3,False,1,0,8000.0,0.0,1,0,0.0003771539261882786,7,0.0,0.0,0.0,False
100000000489417100,peripheral,0.35,4,0.778915,"Недостаточно ролевых признаков: входящих 3, исходящих 1, depth=2.",2,False,3,1,73504.0,80000.0,3,1,0.0005517574141078721,7,1.0883761427949499,0.0,0.0,False
100000000490383100,distributor,0.949511,5,0.959075,"Отправляет 8 получателям, видимый выход 461,375 KZT; depth=2.",2,False,3,8,62600.0,461375.0,3,9,0.0005480373500605425,7,7.37020766773163,62600.0,1.0,False
100000000500040100,peripheral,0.2,4,0.066726,"depth=4: обход обрывается; видимый вход от 1 узлов, исходящие неизвестны.",4,False,1,0,20000.0,0.0,1,0,0.0003060504467365633,7,0.0,0.0,0.0,True
100000000507799100,peripheral,0.35,5,0.243772,"Недостаточно ролевых признаков: входящих 1, исходящих 1, depth=1.",1,False,1,1,5132.0,8000.0,1,1,0.000286121076867989,7,1.558846453624318,5132.0,1.0,False
100000000533217100,terminal,0.612278,4,0.628114,"Видимый вход от 1 узлов (53,587 KZT), выхода нет; depth=2<4.",2,False,1,0,53587.0,0.0,1,0,0.0006536029907362576,7,0.0,0.0,0.0,False
100000000534581100,peripheral,0.35,4,0.595196,"Недостаточно ролевых признаков: входящих 2, исходящих 1, depth=3.",3,False,2,1,55960.0,40000.0,2,1,0.00029845332198865065,7,0.7147962830593281,8988.0,0.2247,False
100000000542087100,peripheral,0.2,9,0.014346,"depth=4: обход обрывается; видимый вход от 1 узлов, исходящие неизвестны.",4,False,1,0,8506.91,0.0,1,0,0.00028641460273720837,7,0.0,0.0,0.0,True
100000000552584100,peripheral,0.35,7,0.810498,"Недостаточно ролевых признаков: входящих 1, исходящих 1, depth=3.",3,False,1,1,2500000.0,57500.0,3,1,0.0013254360037725011,2,0.023,57500.0,1.0,False
100000000555721100,terminal,0.675089,4,0.801824,"Видимый вход от 2 узлов (113,000 KZT), выхода нет; depth=1<4.",1,False,2,0,113000.0,0.0,3,0,0.000308091961795813,7,0.0,0.0,0.0,False
100000000557536100,peripheral,0.2,9,0.229871,"depth=4: обход обрывается; видимый вход от 1 узлов, исходящие неизвестны.",4,False,1,0,153000.0,0.0,7,0,0.00030077248827335565,7,0.0,0.0,0.0,True
100000000560751100,terminal,0.53016,4,0.476868,"Видимый вход от 1 узлов (25,000 KZT), выхода нет; depth=3<4.",3,False,1,0,25000.0,0.0,1,0,0.0005524500973404954,7,0.0,0.0,0.0,False
100000000561160100,peripheral,0.2,0,0.326624,"depth=4: обход обрывается; видимый вход от 1 узлов, исходящие неизвестны.",4,False,1,0,240000.0,0.0,1,0,0.00043625462329843924,7,0.0,0.0,0.0,True
100000000569479100,terminal,0.746886,0,0.801824,"Видимый вход от 1 узлов (320,000 KZT), выхода нет; depth=3<4.",3,False,1,0,320000.0,0.0,1,0,0.0003949532398197781,7,0.0,0.0,0.0,False
100000000572276100,peripheral,0.35,17,0.304715,"Недостаточно ролевых признаков: входящих 1, исходящих 1, depth=3.",3,False,1,1,13075.0,34547.0,1,1,0.00028761001118010604,1,2.6422179732313578,13075.0,1.0,False
100000000580561100,peripheral,0.35,18,0.837856,"Недостаточно ролевых признаков: входящих 2, исходящих 3, depth=0.",0,True,2,3,27980.0,1488077.0,3,13,0.0008349888856684632,1,53.183595425303785,27980.0,1.0,False
100000000581662100,peripheral,0.2,19,0.037033,"depth=4: обход обрывается; видимый вход от 1 узлов, исходящие неизвестны.",4,False,1,0,21160.0,0.0,1,0,0.0003029166285306614,2,0.0,0.0,0.0,True
100000000581682100,peripheral,0.2,14,0.016348,"depth=4: обход обрывается; видимый вход от 1 узлов, исходящие неизвестны.",4,False,1,0,5000.0,0.0,1,0,0.000290862187223339,7,0.0,0.0,0.0,True
100000000583220100,peripheral,0.35,13,0.697954,"Недостаточно ролевых признаков: входящих 1, исходящих 1, depth=3.",3,False,1,1,5000.0,761255.0,1,4,0.0002981132552282107,7,152.251,5000.0,1.0,False
100000000594783100,peripheral,0.35,7,0.847865,"Недостаточно ролевых признаков: входящих 1, исходящих 2, depth=3.",3,False,1,2,2635000.0,152500.0,10,2,0.0013815888060884824,2,0.05787476280834915,152500.0,1.0,False
100000000596954100,peripheral,0.35,2,0.828737,"Недостаточно ролевых признаков: входящих 1, исходящих 2, depth=2.",2,False,1,2,120000.0,48100.0,1,2,0.0005156144546495886,10,0.4008333333333333,48100.0,1.0,False
100000000600707100,peripheral,0.2,20,0.198176,"depth=4: обход обрывается; видимый вход от 1 узлов, исходящие неизвестны.",4,False,1,0,89000.0,0.0,2,0,0.0005701602511841799,1,0.0,0.0,0.0,True
100000000607731100,peripheral,0.35,21,0.48621,"Недостаточно ролевых признаков: входящих 1, исходящих 1, depth=1.",1,False,1,1,20000.0,66666.0,1,1,0.00031753584489255785,1,3.3333,0.0,0.0,False
100000000607941100,peripheral,0.35,5,0.733986,"Недостаточно ролевых признаков: входящих 2, исходящих 1, depth=2.",2,False,2,1,50000.0,70000.0,3,4,0.0005785720589504676,7,1.4,30000.0,0.6,False
100000000608031100,peripheral,0.2,22,0.179493,"depth=4: обход обрывается; видимый вход от 1 узлов, исходящие неизвестны.",4,False,1,0,30000.0,0.0,1,0,0.0005386366709608561,7,0.0,0.0,0.0,True
100000000611474100,terminal,0.559075,23,0.537367,"Видимый вход от 1 узлов (32,000 KZT), выхода нет; depth=3<4.",3,False,1,0,32000.0,0.0,1,0,0.0005956216679555992,7,0.0,0.0,0.0,False
100000000625169100,terminal,0.445907,24,0.054938,"Видимый вход от 1 узлов (10,000 KZT), выхода нет; depth=2<4.",2,False,1,0,10000.0,0.0,1,0,0.00028896566732328877,1,0.0,0.0,0.0,False
100000000627521100,peripheral,0.2,9,0.013346,"depth=4: обход обрывается; видимый вход от 1 узлов, исходящие неизвестны.",4,False,1,0,6500.0,0.0,1,0,0.00028609897888673224,7,0.0,0.0,0.0,True
100000000629812100,terminal,0.514591,25,0.600089,"Видимый вход от 2 узлов (22,000 KZT), выхода нет; depth=2<4.",2,False,2,0,22000.0,0.0,2,0,0.00029798400743920154,10,0.0,0.0,0.0,False
100000000634341100,peripheral,0.2,0,0.16081,"depth=4: обход обрывается; видимый вход от 1 узлов, исходящие неизвестны.",4,False,1,0,24000.0,0.0,2,0,0.0005549382719388587,7,0.0,0.0,0.0,True
100000000640800100,peripheral,0.35,13,0.794039,"Недостаточно ролевых признаков: входящих 1, исходящих 4, depth=3.",3,False,1,4,80000.0,518135.0,1,6,0.0003032403424804621,7,6.4766875,80000.0,1.0,False
100000000646541100,terminal,0.53363,4,0.688612,"Видимый вход от 3 узлов (25,300 KZT), выхода нет; depth=2<4.",2,False,3,0,25300.0,0.0,4,0,0.0005058630830440042,7,0.0,0.0,0.0,False
100000000655469100,peripheral,0.2,25,0.102758,"depth=4: обход обрывается; видимый вход от 1 узлов, исходящие неизвестны.",4,False,1,0,20000.0,0.0,2,0,0.00034543115072670764,7,0.0,0.0,0.0,True
100000000656682100,transit,0.786063,4,0.842082,"Вход 71,000, выход 80,000 KZT; выход/вход=1.13; после видимого входа в более поздние дни ушло до 65,000 KZT.",3,False,1,2,71000.0,80000.0,1,3,0.0002895680118780549,7,1.1267605633802817,65000.0,0.9154929577464789,False
100000000661131100,terminal,0.479004,17,0.083852,"Видимый вход от 1 узлов (15,600 KZT), выхода нет; depth=3<4.",3,False,1,0,15600.0,0.0,1,0,0.00028800410757254274,1,0.0,0.0,0.0,False
100000000661912100,consolidator,0.9375,0,0.970641,"Получает от 5 плательщиков, видимый вход 393,036 KZT; depth=1.",1,False,5,2,393036.0,430700.0,9,8,0.0017491597591117558,7,1.0958283719557496,320311.0,0.8149660590887349,False
100000000667713100,peripheral,0.35,5,0.766904,"Недостаточно ролевых признаков: входящих 2, исходящих 6, depth=1.",1,False,2,6,119495.0,79236.0,10,7,0.0003201059721320311,7,0.663090505878907,66486.0,0.8390882932000606,False
100000000673868100,peripheral,0.35,26,0.895463,"Недостаточно ролевых признаков: входящих 1, исходящих 5, depth=3.",3,False,1,5,2030650.0,383000.0,5,19,0.0011728050936714342,7,0.18860955851574618,272000.0,0.7101827676240209,False
100000000673915100,peripheral,0.2,9,0.030027,"depth=4: обход обрывается; видимый вход от 1 узлов, исходящие неизвестны.",4,False,1,0,20200.0,0.0,1,0,0.00028757651330181647,7,0.0,0.0,0.0,True
100000000703894100,peripheral,0.35,21,0.586744,"Недостаточно ролевых признаков: входящих 1, исходящих 1, depth=1.",1,False,1,1,120000.0,35000.0,1,1,0.00047736859826889627,1,0.2916666666666667,0.0,0.0,False
100000000703902100,terminal,0.534342,24,0.212633,"Видимый вход от 1 узлов (25,499 KZT), выхода нет; depth=1<4.",1,False,1,0,25499.0,0.0,1,0,0.00029092123563524225,1,0.0,0.0,0.0,False
100000000704700100,peripheral,0.2,27,0.035698,"depth=4: обход обрывается; видимый вход от 1 узлов, исходящие неизвестны.",4,False,1,0,10000.0,0.0,1,0,0.0005332551718567717,1,0.0,0.0,0.0,True
100000000706545100,consolidator,0.955961,5,0.969306,"Получает от 3 плательщиков, видимый вход 1,070,300 KZT; depth=1.",1,False,3,1,1070300.0,75800.0,8,3,0.0032266260404967273,7,0.07082126506586939,75800.0,1.0,False
100000000718427100,terminal,0.423399,24,0.034253,"Видимый вход от 1 узлов (6,000 KZT), выхода нет; depth=2<4.",2,False,1,0,6000.0,0.0,1,0,0.00028760711808088936,1,0.0,0.0,0.0,False
100000000723383100,peripheral,0.35,25,0.656584,"Недостаточно ролевых признаков: входящих 1, исходящих 2, depth=2.",2,False,1,2,6800.0,75000.0,1,2,0.00038931955491752166,7,11.029411764705882,0.0,0.0,False
100000000724540100,peripheral,0.35,28,0.678158,"Недостаточно ролевых признаков: входящих 1, исходящих 1, depth=2.",2,False,1,1,50000.0,100000.0,1,1,0.00030963471226612996,8,2.0,0.0,0.0,False
100000000733373100,terminal,0.453559,5,0.233986,"Видимый вход от 1 узлов (10,710 KZT), выхода нет; depth=2<4.",2,False,1,0,10710.0,0.0,1,0,0.000305781397776004,7,0.0,0.0,0.0,False
100000000733451100,peripheral,0.35,10,0.844306,"Недостаточно ролевых признаков: входящих 1, исходящих 1, depth=3.",3,False,1,1,70000.0,300000.0,2,1,0.0005412616148555019,10,4.285714285714286,0.0,0.0,False
100000000733940100,peripheral,0.2,29,0.385676,"depth=4: обход обрывается; видимый вход от 1 узлов, исходящие неизвестны.",4,False,1,0,752000.0,0.0,2,0,0.00041118521018324706,7,0.0,0.0,0.0,True
100000000737152100,peripheral,0.2,9,0.150134,"depth=4: обход обрывается; видимый вход от 1 узлов, исходящие неизвестны.",4,False,1,0,35000.0,0.0,1,0,0.0003445071691804108,7,0.0,0.0,0.0,True
100000000749118100,peripheral,0.35,4,0.328292,"Недостаточно ролевых признаков: входящих 1, исходящих 1, depth=3.",3,False,1,1,10330.0,16500.0,1,1,0.0002861510794769479,7,1.5972894482090998,10330.0,1.0,False
100000000764836100,peripheral,0.35,0,0.748443,"Недостаточно ролевых признаков: входящих 1, исходящих 2, depth=3.",3,False,1,2,251716.0,50000.0,1,2,0.00033678317937202863,7,0.1986365586613485,0.0,0.0,False
100000000765628100,terminal,0.412544,5,0.191726,"Видимый вход от 1 узлов (5,000 KZT), выхода нет; depth=2<4.",2,False,1,0,5000.0,0.0,1,0,0.00031542416946217386,7,0.0,0.0,0.0,False
100000000769919100,terminal,0.732473,30,0.736655,"Видимый вход от 1 узлов (250,000 KZT), выхода нет; depth=2<4.",2,False,1,0,250000.0,0.0,1,0,0.0007354469638244235,1,0.0,0.0,0.0,False
100000000782285100,terminal,0.425089,4,0.211299,"Видимый вход от 1 узлов (6,151 KZT), выхода нет; depth=3<4.",3,False,1,0,6151.0,0.0,1,0,0.0003196030120468729,7,0.0,0.0,0.0,False
100000000783406100,terminal,0.424644,22,0.122109,"Видимый вход от 1 узлов (6,066 KZT), выхода нет; depth=3<4.",3,False,1,0,6066.0,0.0,1,0,0.0002901959794883705,7,0.0,0.0,0.0,False
100000000785800100,peripheral,0.35,31,0.421263,"Недостаточно ролевых признаков: входящих 1, исходящих 1, depth=2.",2,False,1,1,19000.0,19000.0,1,1,0.00035669797856313927,1,1.0,0.0,0.0,False
100000000790311100,terminal,0.58968,5,0.474199,"Видимый вход от 1 узлов (46,300 KZT), выхода нет; depth=2<4.",2,False,1,0,46300.0,0.0,1,0,0.00030029921906631226,7,0.0,0.0,0.0,False
100000000791285100,peripheral,0.35,12,0.87411,"Недостаточно ролевых признаков: входящих 1, исходящих 3, depth=3.",3,False,1,3,1120000.0,650000.0,2,3,0.0005664343010128576,7,0.5803571428571429,0.0,0.0,False
100000000795033100,terminal,0.495374,4,0.402135,"Видимый вход от 1 узлов (18,200 KZT), выхода нет; depth=2<4.",2,False,1,0,18200.0,0.0,1,0,0.0005330176535576364,7,0.0,0.0,0.0,False
100000000795129100,terminal,0.748932,5,0.803826,"Видимый вход от 1 узлов (332,000 KZT), выхода нет; depth=2<4.",2,False,1,0,332000.0,0.0,1,0,0.0003911920814716169,7,0.0,0.0,0.0,False
100000000795374100,terminal,0.601957,0,0.478425,"Видимый вход от 1 узлов (50,000 KZT), выхода нет; depth=3<4.",3,False,1,0,50000.0,0.0,1,0,0.000295742244120105,7,0.0,0.0,0.0,False
100000000802149100,terminal,0.668505,0,0.581851,"Видимый вход от 1 узлов (104,128 KZT), выхода нет; depth=3<4.",3,False,1,0,104128.0,0.0,1,0,0.00029480359988090277,7,0.0,0.0,0.0,False
100000000803368100,peripheral,0.2,16,0.306272,"depth=4: обход обрывается; видимый вход от 1 узлов, исходящие неизвестны.",4,False,1,0,139503.0,0.0,1,0,0.0005481144591336156,7,0.0,0.0,0.0,True
100000000806727100,peripheral,0.35,2,0.648132,"Недостаточно ролевых признаков: входящих 1, исходящих 1, depth=2.",2,False,1,1,45000.0,5000.0,1,1,0.0003458595620044746,11,0.1111111111111111,5000.0,1.0,False
100000000810551100,peripheral,0.35,2,0.673043,"Недостаточно ролевых признаков: входящих 1, исходящих 1, depth=1.",1,False,1,1,100000.0,7100.0,1,1,0.0003055929375935048,10,0.071,0.0,0.0,False
100000000817146100,terminal,0.633274,5,0.737544,"Видимый вход от 1 узлов (70,020 KZT), выхода нет; depth=1<4.",1,False,1,0,70020.0,0.0,1,0,0.0005894684786410244,9,0.0,0.0,0.0,False
100000000821507100,terminal,0.759164,26,0.799377,"Видимый вход от 1 узлов (400,000 KZT), выхода нет; depth=2<4.",2,False,1,0,400000.0,0.0,1,0,0.0003355427477307156,7,0.0,0.0,0.0,False
100000000831684100,peripheral,0.35,7,0.560943,"Недостаточно ролевых признаков: входящих 1, исходящих 1, depth=2.",2,False,1,1,15000.0,50000.0,2,3,0.0018906089223340327,1,3.3333333333333335,15000.0,1.0,False
100000000838385100,peripheral,0.35,14,0.858986,"Недостаточно ролевых признаков: входящих 1, исходящих 2, depth=3.",3,False,1,2,436900.0,177500.0,8,6,0.0019211545642599033,7,0.40627145799954223,174800.0,0.9847887323943662,False
100000000850297100,peripheral,0.35,19,0.322509,"Недостаточно ролевых признаков: входящих 1, исходящих 1, depth=2.",2,False,1,1,17520.0,17520.0,1,1,0.00029391683130875195,1,1.0,0.0,0.0,False
100000000860514100,peripheral,0.35,11,0.534698,"Недостаточно ролевых признаков: входящих 1, исходящих 1, depth=3.",3,False,1,1,12000.0,50000.0,1,1,0.0003062893737864728,7,4.166666666666667,12000.0,1.0,False
100000000861294100,terminal,0.693594,32,0.574733,"Видимый вход от 1 узлов (150,000 KZT), выхода нет; depth=2<4.",2,False,1,0,150000.0,0.0,1,0,0.0003139989095463333,1,0.0,0.0,0.0,False
100000000870121100,terminal,0.457829,13,0.25645,"Видимый вход от 1 узлов (12,000 KZT), выхода нет; depth=3<4.",3,False,1,0,12000.0,0.0,1,0,0.00031567480064349947,7,0.0,0.0,0.0,False
100000000878006100,terminal,0.592171,9,0.393238,"Видимый вход от 1 узлов (47,003 KZT), выхода нет; depth=3<4.",3,False,1,0,47003.0,0.0,1,0,0.0002870926226262943,7,0.0,0.0,0.0,False
100000000896111100,terminal,0.741459,7,0.698399,"Видимый вход от 1 узлов (287,100 KZT), выхода нет; depth=3<4.",3,False,1,0,287100.0,0.0,1,0,0.0003871718928532024,1,0.0,0.0,0.0,False
100000000907277100,terminal,0.489947,24,0.11944,"Видимый вход от 1 узлов (17,534 KZT), выхода нет; depth=1<4.",1,False,1,0,17534.0,0.0,1,0,0.00028924947543311713,1,0.0,0.0,0.0,False
100000000910216100,peripheral,0.35,4,0.615214,"Недостаточно ролевых признаков: входящих 1, исходящих 1, depth=2.",2,False,1,1,71000.0,52010.0,3,1,0.0003232395491094316,7,0.7325352112676057,52010.0,1.0,False
100000000912487100,terminal,0.445907,4,0.254448,"Видимый вход от 1 узлов (10,000 KZT), выхода нет; depth=2<4.",2,False,1,0,10000.0,0.0,1,0,0.0002916801543187913,9,0.0,0.0,0.0,False
100000000913911100,peripheral,0.35,25,0.837189,"Недостаточно ролевых признаков: входящих 2, исходящих 1, depth=2.",2,False,2,1,467000.0,600000.0,2,1,0.00045944318623889006,7,1.284796573875803,467000.0,1.0,False
100000000917179100,terminal,0.656228,16,0.661477,"Видимый вход от 1 узлов (94,465 KZT), выхода нет; depth=2<4.",2,False,1,0,94465.0,0.0,2,0,0.00042586253334482804,7,0.0,0.0,0.0,False
100000000922570100,peripheral,0.35,7,0.433719,"Недостаточно ролевых признаков: входящих 1, исходящих 1, depth=1.",1,False,1,1,47101.0,50000.0,1,1,0.00029338594320602393,1,1.0615485870788306,0.0,0.0,False
100000000926078100,peripheral,0.2,0,0.339969,"depth=4: обход обрывается; видимый вход от 1 узлов, исходящие неизвестны.",4,False,1,0,250000.0,0.0,1,0,0.0005165635899862588,7,0.0,0.0,0.0,True
100000000926766100,peripheral,0.35,11,0.44306,"Недостаточно ролевых признаков: входящих 1, исходящих 1, depth=3.",3,False,1,1,18750.0,6000.0,1,1,0.00031794441854413795,7,0.32,0.0,0.0,False
100000000933075100,peripheral,0.35,7,0.792705,"Недостаточно ролевых признаков: входящих 1, исходящих 2, depth=3.",3,False,1,2,40000.0,55000.0,1,2,0.0008086964755110812,8,1.375,15000.0,0.375,False
100000000941942100,terminal,0.682562,2,0.744217,"Видимый вход от 1 узлов (130,000 KZT), выхода нет; depth=1<4.",1,False,1,0,130000.0,0.0,1,0,0.0003116000306063692,10,0.0,0.0,0.0,False
100000000942301100,terminal,0.618505,0,0.52847,"Видимый вход от 1 узлов (57,580 KZT), выхода нет; depth=3<4.",3,False,1,0,57580.0,0.0,2,0,0.00030059027639135424,7,0.0,0.0,0.0,False
100000000943371100,terminal,0.477491,10,0.383007,"Видимый вход от 1 узлов (15,500 KZT), выхода нет; depth=2<4.",2,False,1,0,15500.0,0.0,1,0,0.0003059751638440235,10,0.0,0.0,0.0,False
100000000945428100,terminal,0.65089,4,0.578737,"Видимый вход от 1 узлов (89,629 KZT), выхода нет; depth=1<4.",1,False,1,0,89629.0,0.0,1,0,0.00030238839325451126,7,0.0,0.0,0.0,False
100000000954884100,terminal,0.562633,22,0.447064,"Видимый вход от 1 узлов (34,000 KZT), выхода нет; depth=3<4.",3,False,1,0,34000.0,0.0,1,0,0.00031150191855239246,7,0.0,0.0,0.0,False
100000000955444100,terminal,0.427224,18,0.141459,"Видимый вход от 1 узлов (6,910 KZT), выхода нет; depth=2<4.",2,False,1,0,6910.0,0.0,1,0,0.0003525283441776951,1,0.0,0.0,0.0,False
100000000955529100,peripheral,0.35,2,0.538701,"Недостаточно ролевых признаков: входящих 1, исходящих 1, depth=3.",3,False,1,1,27000.0,63500.0,1,1,0.0002956290149139559,7,2.3518518518518516,27000.0,1.0,False
100000000957746100,peripheral,0.2,22,0.044707,"depth=4: обход обрывается; видимый вход от 1 узлов, исходящие неизвестны.",4,False,1,0,5300.0,0.0,1,0,0.0003473073598506199,7,0.0,0.0,0.0,True
100000000961900100,terminal,0.568594,4,0.582295,"Видимый вход от 2 узлов (36,000 KZT), выхода нет; depth=1<4.",1,False,2,0,36000.0,0.0,3,0,0.00029432044056326376,7,0.0,0.0,0.0,False
100000000967918100,terminal,0.512722,4,0.419262,"Видимый вход от 1 узлов (21,200 KZT), выхода нет; depth=2<4.",2,False,1,0,21200.0,0.0,3,0,0.00047927096158051656,7,0.0,0.0,0.0,False
100000000968253100,terminal,0.473488,24,0.081851,"Видимый вход от 1 узлов (15,000 KZT), выхода нет; depth=1<4.",1,False,1,0,15000.0,0.0,1,0,0.0002887176185150776,1,0.0,0.0,0.0,False
100000000971908100,terminal,0.650445,32,0.495107,"Видимый вход от 1 узлов (89,000 KZT), выхода нет; depth=2<4.",2,False,1,0,89000.0,0.0,1,0,0.00030243753264585577,1,0.0,0.0,0.0,False
100000000976943100,transit,0.673176,4,0.882117,"Вход 70,000, выход 84,000 KZT; выход/вход=1.20; после видимого входа в более поздние дни ушло до 70,000 KZT.",3,False,1,1,70000.0,84000.0,1,3,0.00037346136238482506,8,1.2,70000.0,1.0,False
100000000978041100,terminal,0.584342,24,0.338523,"Видимый вход от 1 узлов (44,445 KZT), выхода нет; depth=1<4.",1,False,1,0,44445.0,0.0,1,0,0.0002948977791116342,1,0.0,0.0,0.0,False
100000000979567100,terminal,0.445907,24,0.201512,"Видимый вход от 1 узлов (10,000 KZT), выхода нет; depth=2<4.",2,False,1,0,10000.0,0.0,1,0,0.0005307306769296829,1,0.0,0.0,0.0,False
100000000979923100,terminal,0.659698,2,0.658808,"Видимый вход от 1 узлов (97,900 KZT), выхода нет; depth=1<4.",1,False,1,0,97900.0,0.0,1,0,0.00030041780440949814,8,0.0,0.0,0.0,False
100000000981693100,peripheral,0.2,4,0.117271,"depth=4: обход обрывается; видимый вход от 1 узлов, исходящие неизвестны.",4,False,1,0,16500.0,0.0,1,0,0.0005290815211541508,7,0.0,0.0,0.0,True
100000000993112100,terminal,0.689235,20,0.785142,"Видимый вход от 1 узлов (141,000 KZT), выхода нет; depth=2<4.",2,False,1,0,141000.0,0.0,1,0,0.00044111482764995513,8,0.0,0.0,0.0,False
100000000998559100,terminal,0.663523,2,0.703737,"Видимый вход от 1 узлов (100,000 KZT), выхода нет; depth=1<4.",1,False,1,0,100000.0,0.0,1,0,0.0003055929375935048,10,0.0,0.0,0.0,False
100000001009583100,terminal,0.757829,9,0.743772,"Видимый вход от 1 узлов (393,740 KZT), выхода нет; depth=3<4.",3,False,1,0,393740.0,0.0,1,0,0.0002983300824172197,7,0.0,0.0,0.0,False
100000001046057100,terminal,0.645907,33,0.592972,"Видимый вход от 1 узлов (83,420 KZT), выхода нет; depth=3<4.",3,False,1,0,83420.0,0.0,1,0,0.00031851488108134053,7,0.0,0.0,0.0,False
100000001046626100,terminal,0.693594,9,0.594306,"Видимый вход от 1 узлов (150,000 KZT), выхода нет; depth=3<4.",3,False,1,0,150000.0,0.0,1,0,0.00029043067032840264,7,0.0,0.0,0.0,False
100000001049200100,peripheral,0.35,5,0.664146,"Недостаточно ролевых признаков: входящих 2, исходящих 4, depth=1.",1,False,2,4,76624.0,36000.0,2,5,0.00029829130032713914,7,0.46982668615577367,32014.0,0.8892777777777777,False
100000001052789100,terminal,0.633986,34,0.541815,"Видимый вход от 1 узлов (70,975 KZT), выхода нет; depth=3<4.",3,False,1,0,70975.0,0.0,1,0,0.0002977071073491174,7,0.0,0.0,0.0,False
100000001052945100,peripheral,0.35,16,0.810053,"Недостаточно ролевых признаков: входящих 1, исходящих 3, depth=3.",3,False,1,3,56520.0,1595700.0,1,6,0.00030154476497427343,7,28.23248407643312,56520.0,1.0,False
100000001053894100,peripheral,0.2,9,0.40903,"depth=4: обход обрывается; видимый вход от 1 узлов, исходящие неизвестны.",4,False,1,0,2000000.0,0.0,7,0,0.0004485491925071477,7,0.0,0.0,0.0,True
100000001056414100,terminal,0.732473,19,0.641014,"Видимый вход от 1 узлов (250,000 KZT), выхода нет; depth=3<4.",3,False,1,0,250000.0,0.0,1,0,0.0002974772562529209,2,0.0,0.0,0.0,False
100000001063678100,peripheral,0.35,23,0.669484,"Недостаточно ролевых признаков: входящих 1, исходящих 2, depth=3.",3,False,1,2,35000.0,90000.0,1,2,0.0003277487283987024,7,2.5714285714285716,35000.0,1.0,False
100000001065234100,peripheral,0.2,5,0.373332,"depth=4: обход обрывается; видимый вход от 1 узлов, исходящие неизвестны.",4,False,1,0,360000.0,0.0,1,0,0.00054869478712359,7,0.0,0.0,0.0,True
100000001065481100,peripheral,0.2,13,0.107762,"depth=4: обход обрывается; видимый вход от 1 узлов, исходящие неизвестны.",4,False,1,0,16000.0,0.0,2,0,0.0004322656924987207,7,0.0,0.0,0.0,True
100000001066017100,peripheral,0.35,0,0.727758,"Недостаточно ролевых признаков: входящих 2, исходящих 4, depth=3.",3,False,2,4,136123.0,82500.0,3,4,0.0003012384075340405,7,0.6060695106631503,82500.0,1.0,False
100000001072022100,consolidator,0.962189,25,0.976423,"Получает от 3 плательщиков, видимый вход 1,684,000 KZT; depth=1.",1,False,3,0,1684000.0,0.0,6,0,0.0005021346766292344,10,0.0,0.0,0.0,False
100000001073568100,peripheral,0.35,16,0.836299,"Недостаточно ролевых признаков: входящих 1, исходящих 2, depth=3.",3,False,1,2,707465.0,219503.0,4,3,0.0004855354375132767,7,0.31026693900051594,0.0,0.0,False
100000001074553100,terminal,0.545552,1,0.456851,"Видимый вход от 2 узлов (28,971 KZT), выхода нет; depth=1<4.",1,False,2,0,28971.0,0.0,2,0,0.0002894987523363474,2,0.0,0.0,0.0,False
100000001083990100,terminal,0.598577,7,0.642794,"Видимый вход от 1 узлов (49,900 KZT), выхода нет; depth=2<4.",2,False,1,0,49900.0,0.0,2,0,0.0005021137973799169,8,0.0,0.0,0.0,False
100000001089055100,peripheral,0.2,22,0.057718,"depth=4: обход обрывается; видимый вход от 1 узлов, исходящие неизвестны.",4,False,1,0,13000.0,0.0,1,0,0.00032930768290613944,7,0.0,0.0,0.0,True
100000001102676100,peripheral,0.35,20,0.653915,"Недостаточно ролевых признаков: входящих 1, исходящих 1, depth=2.",2,False,1,1,50000.0,50000.0,1,1,0.00031303095439867446,8,1.0,0.0,0.0,False
100000001103905100,terminal,0.493505,24,0.131673,"Видимый вход от 1 узлов (18,000 KZT), выхода нет; depth=1<4.",1,False,1,0,18000.0,0.0,1,0,0.00028934728337463503,1,0.0,0.0,0.0,False
100000001110358100,terminal,0.559075,0,0.562722,"Видимый вход от 2 узлов (32,000 KZT), выхода нет; depth=3<4.",3,False,2,0,32000.0,0.0,2,0,0.00029298593062142774,7,0.0,0.0,0.0,False
100000001111763100,terminal,0.48621,24,0.112322,"Видимый вход от 1 узлов (17,144 KZT), выхода нет; depth=1<4.",1,False,1,0,17144.0,0.0,1,0,0.0002891676190013747,1,0.0,0.0,0.0,False
100000001114385100,terminal,0.547153,4,0.336744,"Видимый вход от 1 узлов (29,500 KZT), выхода нет; depth=2<4.",2,False,1,0,29500.0,0.0,1,0,0.00029021989549549,7,0.0,0.0,0.0,False
100000001126374100,consolidator,0.869773,4,0.910587,"Получает от 4 плательщиков, видимый вход 182,500 KZT; depth=1.",1,False,4,2,182500.0,29200.0,7,4,0.00031350041044900305,7,0.16,22000.0,0.7534246575342466,False
100000001130176100,terminal,0.53016,4,0.479093,"Видимый вход от 1 узлов (25,000 KZT), выхода нет; depth=3<4.",3,False,1,0,25000.0,0.0,2,0,0.0005580456003895453,7,0.0,0.0,0.0,False
100000001130553100,peripheral,0.2,22,0.13145,"depth=4: обход обрывается; видимый вход от 1 узлов, исходящие неизвестны.",4,False,1,0,18000.0,0.0,2,0,0.0005436529519802205,7,0.0,0.0,0.0,True
100000001131403100,peripheral,0.2,16,0.417038,"depth=4: обход обрывается; видимый вход от 1 узлов, исходящие неизвестны.",4,False,1,0,1570000.0,0.0,3,0,0.0005380419296007586,7,0.0,0.0,0.0,True
100000001138283100,peripheral,0.35,0,0.637233,"Недостаточно ролевых признаков: входящих 1, исходящих 2, depth=3.",3,False,1,2,81805.0,50000.0,1,2,0.0003022132575532854,7,0.6112095837662734,0.0,0.0,False
100000001138376100,terminal,0.477046,5,0.202847,"Видимый вход от 1 узлов (15,300 KZT), выхода нет; depth=2<4.",2,False,1,0,15300.0,0.0,1,0,0.00029043685037690223,7,0.0,0.0,0.0,False
100000001140785100,terminal,0.721708,28,0.887456,"Видимый вход от 2 узлов (215,000 KZT), выхода нет; depth=3<4.",3,False,2,0,215000.0,0.0,2,0,0.0003153466781884731,8,0.0,0.0,0.0,False
100000001141268100,peripheral,0.35,28,0.858096,"Недостаточно ролевых признаков: входящих 2, исходящих 1, depth=3.",3,False,2,1,480000.0,10000.0,2,1,0.0003648625677100086,9,0.020833333333333332,10000.0,1.0,False
100000001145749100,terminal,0.445907,2,0.407918,"Видимый вход от 1 узлов (10,000 KZT), выхода нет; depth=3<4.",3,False,1,0,10000.0,0.0,1,0,0.0004785089150229709,10,0.0,0.0,0.0,False
100000001149815100,terminal,0.457829,17,0.05694,"Видимый вход от 1 узлов (12,000 KZT), выхода нет; depth=3<4.",3,False,1,0,12000.0,0.0,1,0,0.00028744222756748445,1,0.0,0.0,0.0,False
100000001155773100,terminal,0.513345,17,0.157028,"Видимый вход от 1 узлов (21,500 KZT), выхода нет; depth=3<4.",3,False,1,0,21500.0,0.0,1,0,0.00028892496646972155,1,0.0,0.0,0.0,False
100000001160401100,terminal,0.593149,4,0.494662,"Видимый вход от 1 узлов (47,190 KZT), выхода нет; depth=3<4.",3,False,1,0,47190.0,0.0,2,0,0.000304888518008386,7,0.0,0.0,0.0,False
100000001162560100,distributor,0.982429,28,0.928826,"Отправляет 12 получателям, видимый выход 2,904,398 KZT; depth=1.",1,False,1,12,331300.0,2904398.0,2,14,0.0003211487069311817,1,8.76667069121642,331300.0,1.0,False
100000001164648100,terminal,0.465658,19,0.379893,"Видимый вход от 2 узлов (13,660 KZT), выхода нет; depth=1<4.",1,False,2,0,13660.0,0.0,2,0,0.00029014259597535106,7,0.0,0.0,0.0,False
100000001166289100,peripheral,0.35,24,0.798932,"Недостаточно ролевых признаков: входящих 2, исходящих 1, depth=2.",2,False,2,1,721039.0,25000.0,10,1,0.0020021280906723808,1,0.0346721883282319,25000.0,1.0,False
100000001169666100,peripheral,0.35,16,0.754004,"Недостаточно ролевых признаков: входящих 1, исходящих 1, depth=3.",3,False,1,1,220000.0,24000.0,2,1,0.0003195447456388576,9,0.10909090909090909,24000.0,1.0,False
100000001184915100,terminal,0.718505,5,0.739324,"Видимый вход от 1 узлов (201,000 KZT), выхода нет; depth=2<4.",2,False,1,0,201000.0,0.0,2,0,0.0003495156202357229,7,0.0,0.0,0.0,False
100000001194266100,terminal,0.601957,2,0.566504,"Видимый вход от 1 узлов (50,000 KZT), выхода нет; depth=1<4.",1,False,1,0,50000.0,0.0,1,0,0.0002955811159053975,10,0.0,0.0,0.0,False
100000001202637100,peripheral,0.2,16,0.166481,"depth=4: обход обрывается; видимый вход от 1 узлов, исходящие неизвестны.",4,False,1,0,10000.0,0.0,1,0,0.0005487659443752234,9,0.0,0.0,0.0,True
100000001202787100,peripheral,0.2,4,0.218194,"depth=4: обход обрывается; видимый вход от 2 узлов, исходящие неизвестны.",4,False,2,0,14850.0,0.0,2,0,0.00035114494940795466,7,0.0,0.0,0.0,True
100000001220124100,peripheral,0.2,4,0.201846,"depth=4: обход обрывается; видимый вход от 1 узлов, исходящие неизвестны.",4,False,1,0,40000.0,0.0,1,0,0.000539556585195879,7,0.0,0.0,0.0,True
100000001222245100,peripheral,0.2,9,0.384342,"depth=4: обход обрывается; видимый вход от 1 узлов, исходящие неизвестны.",4,False,1,0,420000.0,0.0,5,0,0.0005491629789918033,7,0.0,0.0,0.0,True
100000001222263100,peripheral,0.35,9,0.741103,"Недостаточно ролевых признаков: входящих 1, исходящих 1, depth=3.",3,False,1,1,745570.0,420000.0,1,5,0.00030973260213170437,7,0.5633273870998028,0.0,0.0,False
100000001223977100,peripheral,0.35,2,0.519573,"Недостаточно ролевых признаков: входящих 1, исходящих 1, depth=3.",3,False,1,1,5000.0,18000.0,1,1,0.0003055412798976374,10,3.6,5000.0,1.0,False
100000001227106100,terminal,0.700356,9,0.614769,"Видимый вход от 1 узлов (164,765 KZT), выхода нет; depth=3<4.",3,False,1,0,164765.0,0.0,1,0,0.0002909091917836065,7,0.0,0.0,0.0,False
100000001229743100,peripheral,0.35,4,0.282473,"Недостаточно ролевых признаков: входящих 1, исходящих 1, depth=3.",3,False,1,1,7000.0,9000.0,1,1,0.0002884350404884847,7,1.2857142857142858,7000.0,1.0,False
100000001232297100,peripheral,0.35,10,0.601423,"Недостаточно ролевых признаков: входящих 1, исходящих 2, depth=2.",2,False,1,2,5000.0,45000.0,1,2,0.000292151832806559,10,9.0,5000.0,1.0,False
100000001236706100,peripheral,0.35,4,0.816281,"Недостаточно ролевых признаков: входящих 3, исходящих 2, depth=3.",3,False,3,2,142700.0,36000.0,3,2,0.0007662915221773773,7,0.25227750525578135,36000.0,1.0,False
100000001241318100,terminal,0.610765,4,0.599422,"Видимый вход от 1 узлов (53,000 KZT), выхода нет; depth=2<4.",2,False,1,0,53000.0,0.0,1,0,0.0005308383624756579,7,0.0,0.0,0.0,False
100000001246806100,peripheral,0.2,28,0.36766,"depth=4: обход обрывается; видимый вход от 1 узлов, исходящие неизвестны.",4,False,1,0,130000.0,0.0,1,0,0.0005329767614424794,9,0.0,0.0,0.0,True
100000001248999100,terminal,0.519217,22,0.273577,"Видимый вход от 1 узлов (23,425 KZT), выхода нет; depth=3<4.",3,False,1,0,23425.0,0.0,1,0,0.00028925636689373647,7,0.0,0.0,0.0,False
100000001249054100,peripheral,0.2,16,0.036366,"depth=4: обход обрывается; видимый вход от 1 узлов, исходящие неизвестны.",4,False,1,0,17375.0,0.0,1,0,0.00029207326082160873,7,0.0,0.0,0.0,True
100000001250022100,terminal,0.601957,32,0.372776,"Видимый вход от 1 узлов (50,000 KZT), выхода нет; depth=2<4.",2,False,1,0,50000.0,0.0,1,0,0.00029504583266030455,1,0.0,0.0,0.0,False
100000001251686100,terminal,0.493505,4,0.370552,"Видимый вход от 1 узлов (18,000 KZT), выхода нет; depth=2<4.",2,False,1,0,18000.0,0.0,1,0,0.00029656884239999225,9,0.0,0.0,0.0,False
100000001252290100,peripheral,0.35,9,0.544484,"Недостаточно ролевых признаков: входящих 1, исходящих 1, depth=3.",3,False,1,1,141005.0,5000.0,1,1,0.0002901391498076063,7,0.03545973547037339,0.0,0.0,False
100000001253557100,consolidator,0.891459,28,0.936388,"Получает от 5 плательщиков, видимый вход 210,200 KZT; depth=1.",1,False,5,0,210200.0,0.0,5,0,0.0003510659229876527,10,0.0,0.0,0.0,False
100000001256409100,peripheral,0.2,25,0.033363,"depth=4: обход обрывается; видимый вход от 1 узлов, исходящие неизвестны.",4,False,1,0,8000.0,0.0,1,0,0.0005471647850140182,1,0.0,0.0,0.0,True
100000001262647100,terminal,0.521174,5,0.352313,"Видимый вход от 1 узлов (23,650 KZT), выхода нет; depth=2<4.",2,False,1,0,23650.0,0.0,1,0,0.000303391972492015,7,0.0,0.0,0.0,False
100000001270349100,terminal,0.716815,32,0.649911,"Видимый вход от 1 узлов (200,000 KZT), выхода нет; depth=3<4.",3,False,1,0,200000.0,0.0,1,0,0.0003553003383239642,1,0.0,0.0,0.0,False
100000001270470100,peripheral,0.2,0,0.150801,"depth=4: обход обрывается; видимый вход от 1 узлов, исходящие неизвестны.",4,False,1,0,28300.0,0.0,2,0,0.00042974130560740703,7,0.0,0.0,0.0,True
100000001273783100,terminal,0.518505,19,0.22153,"Видимый вход от 1 узлов (23,200 KZT), выхода нет; depth=2<4.",2,False,1,0,23200.0,0.0,1,0,0.0002966231104571254,1,0.0,0.0,0.0,False
100000001275557100,peripheral,0.2,23,0.103759,"depth=4: обход обрывается; видимый вход от 1 узлов, исходящие неизвестны.",4,False,1,0,20000.0,0.0,1,0,0.0003475117995580216,7,0.0,0.0,0.0,True
100000001275752100,terminal,0.695552,28,0.702847,"Видимый вход от 1 узлов (151,500 KZT), выхода нет; depth=3<4.",3,False,1,0,151500.0,0.0,1,0,0.00029337452908966726,9,0.0,0.0,0.0,False
100000001276409100,peripheral,0.2,16,0.224032,"depth=4: обход обрывается; видимый вход от 1 узлов, исходящие неизвестны.",4,False,1,0,94760.0,0.0,1,0,0.0003210407115079505,7,0.0,0.0,0.0,True
100000001279272100,peripheral,0.35,0,0.733096,"Недостаточно ролевых признаков: входящих 1, исходящих 2, depth=3.",3,False,1,2,250000.0,136758.0,1,2,0.00030773985752305947,7,0.547032,136758.0,1.0,False
100000001279875100,terminal,0.597509,19,0.394128,"Видимый вход от 1 узлов (49,235 KZT), выхода нет; depth=2<4.",2,False,1,0,49235.0,0.0,1,0,0.00030327274282640596,1,0.0,0.0,0.0,False
100000001280798100,terminal,0.522954,16,0.31895,"Видимый вход от 1 узлов (23,785 KZT), выхода нет; depth=3<4.",3,False,1,0,23785.0,0.0,1,0,0.00029443116298655665,7,0.0,0.0,0.0,False
100000001282143100,consolidator,0.985098,28,0.988434,"Получает от 5 плательщиков, видимый вход 1,700,000 KZT; depth=3.",3,False,5,0,1700000.0,0.0,6,0,0.0004017630614327044,10,0.0,0.0,0.0,False
100000001285440100,terminal,0.730427,28,0.904804,"Видимый вход от 2 узлов (243,000 KZT), выхода нет; depth=3<4.",3,False,2,0,243000.0,0.0,2,0,0.0003203647790984489,9,0.0,0.0,0.0,False
100000001286703100,peripheral,0.2,9,0.028358,"depth=4: обход обрывается; видимый вход от 1 узлов, исходящие неизвестны.",4,False,1,0,20500.0,0.0,1,0,0.00028723983817476127,7,0.0,0.0,0.0,True
100000001287955100,peripheral,0.35,19,0.631673,"Недостаточно ролевых признаков: входящих 1, исходящих 4, depth=2.",2,False,1,4,17520.0,310000.0,1,5,0.00029391683130875195,1,17.69406392694064,17520.0,1.0,False
100000001290243100,terminal,0.445907,5,0.243105,"Видимый вход от 1 узлов (10,000 KZT), выхода нет; depth=2<4.",2,False,1,0,10000.0,0.0,1,0,0.0003199489735535746,7,0.0,0.0,0.0,False
100000001297206100,peripheral,0.2,0,0.024355,"depth=4: обход обрывается; видимый вход от 1 узлов, исходящие неизвестны.",4,False,1,0,6758.0,0.0,1,0,0.0002985109724275793,7,0.0,0.0,0.0,True
100000001298099100,terminal,0.497064,16,0.259342,"Видимый вход от 1 узлов (19,000 KZT), выхода нет; depth=3<4.",3,False,1,0,19000.0,0.0,1,0,0.00029264835692975865,7,0.0,0.0,0.0,False
100000001299323100,peripheral,0.2,28,0.260231,"depth=4: обход обрывается; видимый вход от 1 узлов, исходящие неизвестны.",4,False,1,0,109000.0,0.0,1,0,0.0002999090853734988,8,0.0,0.0,0.0,True
100000001299443100,peripheral,0.2,19,0.010009,"depth=4: обход обрывается; видимый вход от 1 узлов, исходящие неизвестны.",4,False,1,0,8000.0,0.0,1,0,0.00028985049114895996,1,0.0,0.0,0.0,True
100000001299828100,peripheral,0.2,0,0.288089,"depth=4: обход обрывается; видимый вход от 1 узлов, исходящие неизвестны.",4,False,1,0,100000.0,0.0,1,0,0.0005472629597932571,7,0.0,0.0,0.0,True
100000001303311100,consolidator,0.982874,28,0.983541,"Получает от 5 плательщиков, видимый вход 1,324,000 KZT; depth=3.",3,False,5,0,1324000.0,0.0,5,0,0.0005016994290161631,9,0.0,0.0,0.0,False
100000001307612100,terminal,0.572776,24,0.309164,"Видимый вход от 1 узлов (38,483 KZT), выхода нет; depth=1<4.",1,False,1,0,38483.0,0.0,1,0,0.00029364642514740697,1,0.0,0.0,0.0,False
100000001308856100,terminal,0.541637,24,0.252224,"Видимый вход от 1 узлов (27,000 KZT), выхода нет; depth=2<4.",2,False,1,0,27000.0,0.0,1,0,0.0002947395016034864,1,0.0,0.0,0.0,False
100000001311175100,peripheral,0.2,19,0.304938,"depth=4: обход обрывается; видимый вход от 1 узлов, исходящие неизвестны.",4,False,1,0,300000.0,0.0,1,0,0.0005315144876960884,2,0.0,0.0,0.0,True
100000001317336100,peripheral,0.35,29,0.827847,"Недостаточно ролевых признаков: входящих 1, исходящих 2, depth=3.",3,False,1,2,131196.0,1752000.0,1,3,0.0003438491368028848,7,13.354065672733924,72000.0,0.5487972194274215,False
100000001325618100,peripheral,0.2,19,0.011344,"depth=4: обход обрывается; видимый вход от 1 узлов, исходящие неизвестны.",4,False,1,0,9300.0,0.0,1,0,0.0002905461856503563,1,0.0,0.0,0.0,True
100000001329153100,terminal,0.695196,4,0.62589,"Видимый вход от 1 узлов (150,687 KZT), выхода нет; depth=3<4.",3,False,1,0,150687.0,0.0,1,0,0.0002940559810926092,7,0.0,0.0,0.0,False
100000001330595100,peripheral,0.35,27,0.735765,"Недостаточно ролевых признаков: входящих 3, исходящих 1, depth=2.",2,False,3,1,87000.0,154000.0,6,1,0.0006755694259219595,1,1.7701149425287357,67000.0,0.7701149425287356,False
100000001330685100,consolidator,0.965525,9,0.953737,"Получает от 3 плательщиков, видимый вход 2,435,923 KZT; depth=1.",1,False,3,1,2435923.0,100500.0,7,1,0.00043821602588479746,7,0.04125746175063826,0.0,0.0,False
100000001339466100,terminal,0.551068,4,0.503559,"Видимый вход от 1 узлов (30,000 KZT), выхода нет; depth=2<4.",2,False,1,0,30000.0,0.0,1,0,0.00030390187452179355,9,0.0,0.0,0.0,False
100000001346560100,peripheral,0.35,2,0.70863,"Недостаточно ролевых признаков: входящих 2, исходящих 1, depth=2.",2,False,2,1,10000.0,22200.0,2,1,0.0005866163489075479,11,2.22,10000.0,1.0,False
100000001362940100,terminal,0.643505,2,0.657918,"Видимый вход от 1 узлов (81,000 KZT), выхода нет; depth=1<4.",1,False,1,0,81000.0,0.0,1,0,0.0003017884453520241,10,0.0,0.0,0.0,False
100000001363952100,peripheral,0.35,13,0.711299,"Недостаточно ролевых признаков: входящих 2, исходящих 1, depth=1.",1,False,2,1,196655.0,91000.0,2,2,0.00030709529312418954,7,0.4627393150441128,0.0,0.0,False
100000001373265100,peripheral,0.35,0,0.619217,"Недостаточно ролевых признаков: входящих 1, исходящих 1, depth=3.",3,False,1,1,142482.0,5000.0,1,1,0.00031455853917834725,7,0.0350921519911287,0.0,0.0,False
100000001378288100,peripheral,0.2,13,0.345974,"depth=4: обход обрывается; видимый вход от 1 узлов, исходящие неизвестны.",4,False,1,0,268000.0,0.0,3,0,0.0005234508868762789,7,0.0,0.0,0.0,True
100000001379511100,terminal,0.614947,33,0.536922,"Видимый вход от 1 узлов (55,000 KZT), выхода нет; depth=3<4.",3,False,1,0,55000.0,0.0,1,0,0.00030729079119071103,7,0.0,0.0,0.0,False
100000001380054100,peripheral,0.35,21,0.802491,"Недостаточно ролевых признаков: входящих 2, исходящих 3, depth=1.",1,False,2,3,127050.0,360000.0,2,4,0.0007164305424822346,1,2.833530106257379,57050.0,0.4490358126721763,False
100000001380107100,terminal,0.423399,25,0.232651,"Видимый вход от 1 узлов (6,000 KZT), выхода нет; depth=3<4.",3,False,1,0,6000.0,0.0,1,0,0.00029094848350339516,10,0.0,0.0,0.0,False
100000001380986100,terminal,0.63363,28,0.41637,"Видимый вход от 1 узлов (70,170 KZT), выхода нет; depth=2<4.",2,False,1,0,70170.0,0.0,1,0,0.00029217226654781626,1,0.0,0.0,0.0,False
100000001382002100,peripheral,0.35,4,0.689057,"Недостаточно ролевых признаков: входящих 1, исходящих 1, depth=2.",2,False,1,1,55000.0,56500.0,2,3,0.0006633074267595711,7,1.0272727272727273,15000.0,0.2727272727272727,False
100000001384826100,peripheral,0.35,9,0.657028,"Недостаточно ролевых признаков: входящих 1, исходящих 1, depth=3.",3,False,1,1,364260.0,10000.0,1,1,0.0002973746599655157,7,0.027452918245209467,10000.0,1.0,False
100000001386612100,terminal,0.623665,35,0.607651,"Видимый вход от 1 узлов (62,264 KZT), выхода нет; depth=2<4.",2,False,1,0,62264.0,0.0,1,0,0.00043377009568121175,7,0.0,0.0,0.0,False
100000001389255100,terminal,0.482206,24,0.104982,"Видимый вход от 1 узлов (16,136 KZT), выхода нет; depth=1<4.",1,False,1,0,16136.0,0.0,1,0,0.00028895605160856333,1,0.0,0.0,0.0,False
100000001411870100,terminal,0.788256,32,0.906584,"Видимый вход от 2 узлов (900,000 KZT), выхода нет; depth=1<4.",1,False,2,0,900000.0,0.0,4,0,0.0004780448174649516,2,0.0,0.0,0.0,False
100000001415126100,peripheral,0.35,35,0.387456,"Недостаточно ролевых признаков: входящих 1, исходящих 0, depth=0.",0,True,1,0,27000.0,0.0,1,0,0.0004096189054308039,8,0.0,0.0,0.0,False
100000001418900100,terminal,0.57847,24,0.343861,"Видимый вход от 1 узлов (40,140 KZT), выхода нет; depth=2<4.",2,False,1,0,40140.0,0.0,2,0,0.0002992023358647686,1,0.0,0.0,0.0,False
100000001420847100,terminal,0.504004,34,0.31806,"Видимый вход от 1 узлов (20,000 KZT), выхода нет; depth=2<4.",2,False,1,0,20000.0,0.0,2,0,0.0003028257068772808,7,0.0,0.0,0.0,False
100000001427082100,peripheral,0.35,25,0.762011,"Недостаточно ролевых признаков: входящих 1, исходящих 5, depth=3.",3,False,1,5,5000.0,124900.0,1,6,0.0004392450523980493,7,24.98,5000.0,1.0,False
100000001429930100,peripheral,0.35,13,0.358096,"Недостаточно ролевых признаков: входящих 1, исходящих 0, depth=0.",0,True,1,0,26000.0,0.0,1,0,0.000350797891474077,8,0.0,0.0,0.0,False
100000001439416100,peripheral,0.35,4,0.705961,"Недостаточно ролевых признаков: входящих 1, исходящих 2, depth=3.",3,False,1,2,10000.0,165000.0,1,3,0.0003408996759919328,7,16.5,5000.0,0.5,False
100000001445848100,peripheral,0.35,22,0.826068,"Недостаточно ролевых признаков: входящих 1, исходящих 1, depth=3.",3,False,1,1,546000.0,351850.0,13,14,0.0007020167320692274,7,0.6444139194139195,201500.0,0.5726872246696035,False
100000001463701100,terminal,0.780427,2,0.938612,"Видимый вход от 2 узлов (621,000 KZT), выхода нет; depth=1<4.",1,False,2,0,621000.0,0.0,2,0,0.0005722109368497123,8,0.0,0.0,0.0,False
100000001471706100,peripheral,0.2,35,0.42004,"depth=4: обход обрывается; видимый вход от 1 узлов, исходящие неизвестны.",4,False,1,0,377000.0,0.0,8,0,0.0005401265380892341,8,0.0,0.0,0.0,True
100000001477796100,terminal,0.707918,20,0.622331,"Видимый вход от 1 узлов (182,000 KZT), выхода нет; depth=1<4.",1,False,1,0,182000.0,0.0,1,0,0.0003306619019813834,1,0.0,0.0,0.0,False
100000001484381100,terminal,0.658363,16,0.798043,"Видимый вход от 2 узлов (95,585 KZT), выхода нет; depth=3<4.",3,False,2,0,95585.0,0.0,4,0,0.0003213079861341866,7,0.0,0.0,0.0,False
100000001490461100,peripheral,0.35,16,0.539591,"Недостаточно ролевых признаков: входящих 1, исходящих 1, depth=2.",2,False,1,1,20000.0,5000.0,1,1,0.00032099043429899293,9,0.25,5000.0,1.0,False
100000001498732100,peripheral,0.2,33,0.015347,"depth=4: обход обрывается; видимый вход от 1 узлов, исходящие неизвестны.",4,False,1,0,5500.0,0.0,1,0,0.0002894096098235805,7,0.0,0.0,0.0,True
100000001524952100,terminal,0.668327,4,0.616548,"Видимый вход от 1 узлов (103,807 KZT), выхода нет; depth=1<4.",1,False,1,0,103807.0,0.0,1,0,0.0003050489293103606,7,0.0,0.0,0.0,False
100000001526235100,distributor,0.947731,11,0.967972,"Отправляет 8 получателям, видимый выход 432,750 KZT; depth=2.",2,False,3,8,82000.0,432750.0,4,9,0.0008778562267377667,7,5.277439024390244,76000.0,0.926829268292683,False
100000001527186100,terminal,0.780961,2,0.891014,"Видимый вход от 1 узлов (678,000 KZT), выхода нет; depth=1<4.",1,False,1,0,678000.0,0.0,2,0,0.0004213295963080255,10,0.0,0.0,0.0,False
100000001530709100,terminal,0.612989,4,0.447509,"Видимый вход от 1 узлов (53,961 KZT), выхода нет; depth=3<4.",3,False,1,0,53961.0,0.0,1,0,0.00028860837595943837,7,0.0,0.0,0.0,False
100000001530740100,terminal,0.473488,5,0.354982,"Видимый вход от 1 узлов (15,000 KZT), выхода нет; depth=2<4.",2,False,1,0,15000.0,0.0,1,0,0.000529819702440915,7,0.0,0.0,0.0,False
100000001530983100,distributor,0.976868,25,0.964858,"Отправляет 11 получателям, видимый выход 1,829,538 KZT; depth=1.",1,False,4,11,564158.0,1829538.0,4,17,0.000356090309991762,7,3.24295321523403,564158.0,1.0,False
100000001533161100,peripheral,0.2,36,0.230872,"depth=4: обход обрывается; видимый вход от 1 узлов, исходящие неизвестны.",4,False,1,0,100000.0,0.0,1,0,0.00032444276696852947,7,0.0,0.0,0.0,True
100000001534244100,peripheral,0.35,28,0.829181,"Недостаточно ролевых признаков: входящих 2, исходящих 1, depth=3.",3,False,2,1,366000.0,45000.0,2,1,0.00034150708804052356,8,0.12295081967213115,0.0,0.0,False
100000001537524100,peripheral,0.2,28,0.275578,"depth=4: обход обрывается; видимый вход от 1 узлов, исходящие неизвестны.",4,False,1,0,150000.0,0.0,1,0,0.0002986714418382259,8,0.0,0.0,0.0,True
100000001538095100,terminal,0.739146,28,0.908363,"Видимый вход от 2 узлов (280,000 KZT), выхода нет; depth=3<4.",3,False,2,0,280000.0,0.0,2,0,0.000330135226662397,9,0.0,0.0,0.0,False
100000001541418100,terminal,0.658719,28,0.774466,"Видимый вход от 2 узлов (96,900 KZT), выхода нет; depth=2<4.",2,False,2,0,96900.0,0.0,2,0,0.0003035306386081866,7,0.0,0.0,0.0,False
100000001549194100,terminal,0.590214,16,0.466637,"Видимый вход от 1 узлов (46,500 KZT), выхода нет; depth=3<4.",3,False,1,0,46500.0,0.0,1,0,0.0002987125955300949,7,0.0,0.0,0.0,False
100000001550388100,terminal,0.601957,4,0.475311,"Видимый вход от 1 узлов (50,000 KZT), выхода нет; depth=1<4.",1,False,1,0,50000.0,0.0,1,0,0.00029495191537630183,7,0.0,0.0,0.0,False
100000001550419100,terminal,0.517527,16,0.294484,"Видимый вход от 1 узлов (23,000 KZT), выхода нет; depth=3<4.",3,False,1,0,23000.0,0.0,1,0,0.00029207028196340864,7,0.0,0.0,0.0,False
100000001554432100,terminal,0.612811,2,0.589413,"Видимый вход от 1 узлов (53,920 KZT), выхода нет; depth=1<4.",1,False,1,0,53920.0,0.0,1,0,0.00029636604272574514,10,0.0,0.0,0.0,False
100000001557930100,terminal,0.564235,32,0.279359,"Видимый вход от 1 узлов (34,610 KZT), выхода нет; depth=2<4.",2,False,1,0,34610.0,0.0,1,0,0.0002921289541275448,1,0.0,0.0,0.0,False
100000001567366100,terminal,0.786833,5,0.848754,"Видимый вход от 1 узлов (824,070 KZT), выхода нет; depth=1<4.",1,False,1,0,824070.0,0.0,4,0,0.0003741716965869987,7,0.0,0.0,0.0,False
100000001578517100,terminal,0.551068,25,0.349422,"Видимый вход от 1 узлов (30,000 KZT), выхода нет; depth=2<4.",2,False,1,0,30000.0,0.0,1,0,0.0002905382981663947,7,0.0,0.0,0.0,False
100000001584286100,terminal,0.783808,19,0.922153,"Видимый вход от 2 узлов (738,699 KZT), выхода нет; depth=2<4.",2,False,2,0,738699.0,0.0,3,0,0.000328484994070642,8,0.0,0.0,0.0,False
100000001590795100,peripheral,0.2,19,0.006673,"depth=4: обход обрывается; видимый вход от 1 узлов, исходящие неизвестны.",4,False,1,0,5060.0,0.0,1,0,0.00028827715127657127,1,0.0,0.0,0.0,True
100000001597424100,terminal,0.594662,16,0.480649,"Видимый вход от 1 узлов (48,100 KZT), выхода нет; depth=3<4.",3,False,1,0,48100.0,0.0,1,0,0.0002991648381559118,7,0.0,0.0,0.0,False
100000001597505100,peripheral,0.35,20,0.558719,"Недостаточно ролевых признаков: входящих 1, исходящих 1, depth=2.",2,False,1,1,26460.0,12920.0,1,1,0.00031475890283167536,8,0.48828420256991684,0.0,0.0,False
100000001598625100,peripheral,0.2,0,0.143294,"depth=4: обход обрывается; видимый вход от 1 узлов, исходящие неизвестны.",4,False,1,0,25000.0,0.0,1,0,0.0004288818435522467,7,0.0,0.0,0.0,True
100000001600934100,peripheral,0.35,0,0.751335,"Недостаточно ролевых признаков: входящих 1, исходящих 1, depth=3.",3,False,1,1,180300.0,11000.0,2,1,0.0023668517583921617,7,0.06100942872989462,11000.0,1.0,False
100000001601320100,peripheral,0.35,1,0.630338,"Недостаточно ролевых признаков: входящих 2, исходящих 1, depth=2.",2,False,2,1,43500.0,46200.0,2,1,0.0008117637398617537,1,1.0620689655172413,9500.0,0.21839080459770116,False
100000001609499100,consolidator,0.886788,4,0.914591,"Получает от 3 плательщиков, видимый вход 263,113 KZT; depth=1.",1,False,3,2,263113.0,21000.0,3,2,0.0003209139565492521,7,0.07981361620292422,21000.0,1.0,False
100000001611488100,terminal,0.785053,9,0.925267,"Видимый вход от 2 узлов (779,300 KZT), выхода нет; depth=3<4.",3,False,2,0,779300.0,0.0,3,0,0.0008775368508533145,7,0.0,0.0,0.0,False
100000001616816100,coordinator,0.998843,32,0.995552,"Структурный узел: 5 входящих, 3 исходящих связей; достижим от 11 seed.",0,True,5,3,176195.0,181326.0,12,10,0.0024346571906844494,11,1.0291211441868384,154695.0,0.8779761060188995,False
100000001632325100,terminal,0.648043,17,0.475979,"Видимый вход от 1 узлов (85,600 KZT), выхода нет; depth=3<4.",3,False,1,0,85600.0,0.0,3,0,0.0002989295521153426,1,0.0,0.0,0.0,False
100000001633685100,terminal,0.586566,4,0.704181,"Видимый вход от 3 узлов (45,000 KZT), выхода нет; depth=2<4.",2,False,3,0,45000.0,0.0,3,0,0.0003061866332400327,7,0.0,0.0,0.0,False
100000001637376100,peripheral,0.35,9,0.605427,"Недостаточно ролевых признаков: входящих 1, исходящих 1, depth=3.",3,False,1,1,116700.0,234250.0,1,2,0.0002893514448317357,7,2.0072836332476434,0.0,0.0,False
100000001639766100,terminal,0.504004,32,0.335854,"Видимый вход от 1 узлов (20,000 KZT), выхода нет; depth=3<4.",3,False,1,0,20000.0,0.0,1,0,0.0006506628579150633,1,0.0,0.0,0.0,False
100000001641789100,terminal,0.491637,32,0.501335,"Видимый вход от 1 узлов (17,826 KZT), выхода нет; depth=1<4.",1,False,1,0,17826.0,0.0,1,0,0.0004895828148678119,11,0.0,0.0,0.0,False
100000001641951100,terminal,0.53016,2,0.511566,"Видимый вход от 1 узлов (25,000 KZT), выхода нет; depth=2<4.",2,False,1,0,25000.0,0.0,4,0,0.00031906388743239267,11,0.0,0.0,0.0,False
100000001648936100,terminal,0.654804,32,0.504893,"Видимый вход от 1 узлов (92,740 KZT), выхода нет; depth=2<4.",2,False,1,0,92740.0,0.0,1,0,0.00030314637772139324,1,0.0,0.0,0.0,False
100000001650895100,peripheral,0.35,16,0.701068,"Недостаточно ролевых признаков: входящих 1, исходящих 1, depth=3.",3,False,1,1,153500.0,10000.0,1,1,0.00030927489327733844,9,0.06514657980456026,0.0,0.0,False
100000001660397100,transit,0.985307,4,0.877669,"Вход 48,600, выход 49,000 KZT; выход/вход=1.01; после видимого входа в более поздние дни ушло до 36,000 KZT.",1,False,2,3,48600.0,49000.0,2,4,0.00029515233462771814,7,1.008230452674897,36000.0,0.7407407407407407,False
100000001669260100,peripheral,0.2,25,0.31895,"depth=4: обход обрывается; видимый вход от 1 узлов, исходящие неизвестны.",4,False,1,0,500000.0,0.0,1,0,0.0005601153780204297,1,0.0,0.0,0.0,True
100000001674850100,terminal,0.72847,28,0.894128,"Видимый вход от 2 узлов (237,000 KZT), выхода нет; depth=3<4.",3,False,2,0,237000.0,0.0,2,0,0.00031409364237488564,8,0.0,0.0,0.0,False
100000001677389100,peripheral,0.35,22,0.286477,"Недостаточно ролевых признаков: входящих 1, исходящих 1, depth=3.",3,False,1,1,11000.0,5400.0,1,1,0.000288630969544677,7,0.4909090909090909,0.0,0.0,False
100000001677929100,peripheral,0.35,1,0.809164,"Недостаточно ролевых признаков: входящих 3, исходящих 2, depth=2.",2,False,3,2,126777.0,286098.0,3,4,0.003334091954588842,1,2.2567027142147236,5000.0,0.039439330477925805,False
100000001680944100,terminal,0.757295,28,0.86032,"Видимый вход от 1 узлов (393,000 KZT), выхода нет; depth=3<4.",3,False,1,0,393000.0,0.0,1,0,0.0003455898843992659,9,0.0,0.0,0.0,False
100000001684867100,terminal,0.555338,5,0.339858,"Видимый вход от 1 узлов (30,550 KZT), выхода нет; depth=1<4.",1,False,1,0,30550.0,0.0,1,0,0.0002888539707525294,7,0.0,0.0,0.0,False
100000001686328100,terminal,0.687989,28,0.745552,"Видимый вход от 1 узлов (140,000 KZT), выхода нет; depth=3<4.",3,False,1,0,140000.0,0.0,1,0,0.0003150543933476945,9,0.0,0.0,0.0,False
100000001688676100,terminal,0.684164,34,0.649466,"Видимый вход от 1 узлов (133,700 KZT), выхода нет; depth=3<4.",3,False,1,0,133700.0,0.0,1,0,0.00030843404399855535,7,0.0,0.0,0.0,False
100000001689968100,consolidator,0.906139,22,0.912811,"Получает от 3 плательщиков, видимый вход 344,334 KZT; depth=3.",3,False,3,0,344333.75,0.0,3,0,0.0003391431091830108,7,0.0,0.0,0.0,False
100000001690439100,terminal,0.468772,4,0.339413,"Видимый вход от 1 узлов (14,200 KZT), выхода нет; depth=3<4.",3,False,1,0,14200.0,0.0,1,0,0.00047706727238734246,7,0.0,0.0,0.0,False
100000001690558100,terminal,0.783986,34,0.853203,"Видимый вход от 1 узлов (740,000 KZT), выхода нет; depth=3<4.",3,False,1,0,740000.0,0.0,1,0,0.0004121206393043224,7,0.0,0.0,0.0,False
100000001696818100,terminal,0.612011,20,0.405249,"Видимый вход от 1 узлов (53,550 KZT), выхода нет; depth=1<4.",1,False,1,0,53550.0,0.0,1,0,0.0002988369268863407,1,0.0,0.0,0.0,False
100000001697501100,distributor,0.983541,24,0.952402,"Отправляет 38 получателям, видимый выход 1,482,606 KZT; depth=1.",1,False,3,38,123700.0,1482606.0,3,55,0.0005916045492534855,1,11.98549717057397,76200.0,0.6160064672594988,False
100000001703168100,peripheral,0.35,4,0.552491,"Недостаточно ролевых признаков: входящих 1, исходящих 1, depth=2.",2,False,1,1,45000.0,90000.0,1,1,0.0002926634317603069,7,2.0,45000.0,1.0,False
100000001714173100,terminal,0.780605,28,0.90169,"Видимый вход от 1 узлов (638,905 KZT), выхода нет; depth=3<4.",3,False,1,0,638905.0,0.0,6,0,0.0005706777097822553,9,0.0,0.0,0.0,False
100000001714413100,terminal,0.733274,9,0.686833,"Видимый вход от 1 узлов (250,172 KZT), выхода нет; depth=3<4.",3,False,1,0,250172.0,0.0,1,0,0.00029367716211375173,7,0.0,0.0,0.0,False
100000001714883100,peripheral,0.2,19,0.009342,"depth=4: обход обрывается; видимый вход от 1 узлов, исходящие неизвестны.",4,False,1,0,6900.0,0.0,1,0,0.00028926182657085535,1,0.0,0.0,0.0,True
100000001716579100,terminal,0.466192,24,0.071619,"Видимый вход от 1 узлов (13,916 KZT), выхода нет; depth=1<4.",1,False,1,0,13916.0,0.0,1,0,0.0002884900996124908,1,0.0,0.0,0.0,False
100000001724740100,peripheral,0.2,28,0.395018,"depth=4: обход обрывается; видимый вход от 1 узлов, исходящие неизвестны.",4,False,1,0,185000.0,0.0,4,0,0.0005364804152149856,9,0.0,0.0,0.0,True
100000001726614100,terminal,0.686833,0,0.627224,"Видимый вход от 1 узлов (138,717 KZT), выхода нет; depth=3<4.",3,False,1,0,138717.0,0.0,1,0,0.0002978710303376358,7,0.0,0.0,0.0,False
100000001732159100,peripheral,0.35,37,0.918149,"Недостаточно ролевых признаков: входящих 2, исходящих 4, depth=0.",0,True,2,4,2378100.0,1505966.0,30,23,0.001095056787299681,10,0.633264370716118,1475966.0,0.9800792315364357,False
100000001733216100,peripheral,0.2,4,0.220363,"depth=4: обход обрывается; видимый вход от 1 узлов, исходящие неизвестны.",4,False,1,0,60000.0,0.0,2,0,0.0004076531172154499,7,0.0,0.0,0.0,True
100000001733687100,terminal,0.743772,28,0.805605,"Видимый вход от 1 узлов (300,000 KZT), выхода нет; depth=3<4.",3,False,1,0,300000.0,0.0,1,0,0.00030662497037828784,8,0.0,0.0,0.0,False
100000001737722100,terminal,0.622242,20,0.629893,"Видимый вход от 1 узлов (60,460 KZT), выхода нет; depth=2<4.",2,False,1,0,60460.0,0.0,1,0,0.00031877593370862,8,0.0,0.0,0.0,False
100000001740277100,peripheral,0.35,1,0.30694,"Недостаточно ролевых признаков: входящих 1, исходящих 1, depth=3.",3,False,1,1,8700.0,5000.0,1,1,0.00036969341532294166,1,0.5747126436781609,5000.0,1.0,False
100000001745217100,terminal,0.601957,0,0.440836,"Видимый вход от 1 узлов (50,000 KZT), выхода нет; depth=3<4.",3,False,1,0,50000.0,0.0,1,0,0.000290003406878444,7,0.0,0.0,0.0,False
100000001746925100,peripheral,0.35,2,0.6121,"Недостаточно ролевых признаков: входящих 1, исходящих 1, depth=1.",1,False,1,1,65250.0,5000.0,1,1,0.0002986347215202703,10,0.07662835249042145,0.0,0.0,False
100000001782980100,peripheral,0.35,21,0.672598,"Недостаточно ролевых признаков: входящих 1, исходящих 1, depth=2.",2,False,1,1,50000.0,596200.0,1,3,0.00037028315078489494,1,11.924,50000.0,1.0,False
100000001784279100,terminal,0.567794,0,0.363879,"Видимый вход от 1 узлов (35,674 KZT), выхода нет; depth=3<4.",3,False,1,0,35674.0,0.0,1,0,0.0002887329449187703,7,0.0,0.0,0.0,False
100000001785161100,terminal,0.551068,26,0.623665,"Видимый вход от 2 узлов (30,000 KZT), выхода нет; depth=3<4.",3,False,2,0,30000.0,0.0,2,0,0.0003312208709043073,7,0.0,0.0,0.0,False
100000001788284100,peripheral,0.35,11,0.748443,"Недостаточно ролевых признаков: входящих 1, исходящих 5, depth=3.",3,False,1,5,8000.0,296700.0,1,8,0.00029938268059674525,7,37.0875,8000.0,1.0,False
100000001805543100,terminal,0.619395,5,0.492883,"Видимый вход от 1 узлов (59,000 KZT), выхода нет; depth=1<4.",1,False,1,0,59000.0,0.0,1,0,0.0002919128593753627,7,0.0,0.0,0.0,False
100000001808684100,peripheral,0.35,32,0.576957,"Недостаточно ролевых признаков: входящих 1, исходящих 1, depth=3.",3,False,1,1,48400.0,37700.0,3,2,0.001169095718365901,1,0.7789256198347108,10000.0,0.26525198938992045,False
100000001816678100,peripheral,0.2,4,0.176156,"depth=4: обход обрывается; видимый вход от 1 узлов, исходящие неизвестны.",4,False,1,0,60000.0,0.0,1,0,0.00030965522203982006,7,0.0,0.0,0.0,True
100000001818442100,terminal,0.581495,16,0.463078,"Видимый вход от 1 узлов (42,215 KZT), выхода нет; depth=3<4.",3,False,1,0,42215.0,0.0,1,0,0.0003012978538176511,7,0.0,0.0,0.0,False
100000001819396100,terminal,0.701601,12,0.700178,"Видимый вход от 1 узлов (166,080 KZT), выхода нет; depth=3<4.",3,False,1,0,166080.0,0.0,1,0,0.0003272175623678329,7,0.0,0.0,0.0,False
100000001822623100,terminal,0.718683,23,0.72153,"Видимый вход от 1 узлов (201,300 KZT), выхода нет; depth=2<4.",2,False,1,0,201300.0,0.0,1,0,0.00032349256040320104,7,0.0,0.0,0.0,False
100000001822650100,peripheral,0.2,28,0.274244,"depth=4: обход обрывается; видимый вход от 1 узлов, исходящие неизвестны.",4,False,1,0,112000.0,0.0,1,0,0.00030590273887598577,8,0.0,0.0,0.0,True
100000001825934100,peripheral,0.35,20,0.571619,"Недостаточно ролевых признаков: входящих 1, исходящих 1, depth=3.",3,False,1,1,40000.0,97000.0,1,1,0.00047586713178590575,1,2.425,0.0,0.0,False
100000001831496100,peripheral,0.35,2,0.640125,"Недостаточно ролевых признаков: входящих 1, исходящих 1, depth=3.",3,False,1,1,25000.0,373000.0,1,1,0.00029263558524567985,7,14.92,25000.0,1.0,False
100000001835625100,terminal,0.638256,9,0.484875,"Видимый вход от 1 узлов (75,130 KZT), выхода нет; depth=3<4.",3,False,1,0,75130.0,0.0,1,0,0.00028800419546547607,7,0.0,0.0,0.0,False
100000001837130100,terminal,0.704626,0,0.665925,"Видимый вход от 1 узлов (172,900 KZT), выхода нет; depth=3<4.",3,False,1,0,172900.0,0.0,1,0,0.00030090245579956023,7,0.0,0.0,0.0,False
100000001845505100,peripheral,0.2,0,0.147464,"depth=4: обход обрывается; видимый вход от 1 узлов, исходящие неизвестны.",4,False,1,0,20000.0,0.0,1,0,0.0005923838494805264,7,0.0,0.0,0.0,True
100000001848426100,terminal,0.658185,32,0.515125,"Видимый вход от 1 узлов (95,530 KZT), выхода нет; depth=2<4.",2,False,1,0,95530.0,0.0,1,0,0.00030367516856651344,1,0.0,0.0,0.0,False
100000001851289100,terminal,0.671886,5,0.59831,"Видимый вход от 1 узлов (109,510 KZT), выхода нет; depth=1<4.",1,False,1,0,109510.0,0.0,3,0,0.00029734359625899394,7,0.0,0.0,0.0,False
100000001852140100,terminal,0.551068,38,0.429715,"Видимый вход от 1 узлов (30,000 KZT), выхода нет; depth=3<4.",3,False,1,0,30000.0,0.0,1,0,0.0008047208113868999,1,0.0,0.0,0.0,False
100000001853812100,terminal,0.63194,0,0.544039,"Видимый вход от 1 узлов (70,000 KZT), выхода нет; depth=3<4.",3,False,1,0,70000.0,0.0,1,0,0.0002998114240812309,7,0.0,0.0,0.0,False
100000001857829100,distributor,0.984764,13,0.98621,"Отправляет 16 получателям, видимый выход 2,390,993 KZT; depth=2.",2,False,6,16,888535.0,2390993.0,9,16,0.000620479025252112,7,2.690938454872346,506535.0,0.5700788376372343,False
100000001860090100,terminal,0.412544,32,0.132562,"Видимый вход от 1 узлов (5,000 KZT), выхода нет; depth=3<4.",3,False,1,0,5000.0,0.0,1,0,0.0003780365817959719,1,0.0,0.0,0.0,False
100000001870116100,terminal,0.52411,24,0.192616,"Видимый вход от 1 узлов (24,000 KZT), выхода нет; depth=1<4.",1,False,1,0,24000.0,0.0,1,0,0.00029060661309375003,1,0.0,0.0,0.0,False
100000001872484100,peripheral,0.35,31,0.83274,"Недостаточно ролевых признаков: входящих 1, исходящих 3, depth=1.",1,False,1,3,871400.0,514580.0,13,9,0.0022739787649245706,1,0.5905210006885472,514580.0,1.0,False
100000001875167100,terminal,0.789413,9,0.830071,"Видимый вход от 1 узлов (1,000,000 KZT), выхода нет; depth=3<4.",3,False,1,0,1000000.0,0.0,2,0,0.0003179784682913733,7,0.0,0.0,0.0,False
100000001875239100,consolidator,0.946174,28,0.946619,"Получает от 3 плательщиков, видимый вход 712,000 KZT; depth=3.",3,False,3,0,712000.0,0.0,3,0,0.000333978630576876,9,0.0,0.0,0.0,False
100000001884825100,consolidator,0.930383,28,0.935053,"Получает от 3 плательщиков, видимый вход 495,000 KZT; depth=3.",3,False,3,0,495000.0,0.0,3,0,0.0003400964668098235,8,0.0,0.0,0.0,False
100000001887715100,consolidator,0.960409,28,0.990214,"Получает от 3 плательщиков, видимый вход 1,331,500 KZT; depth=3.",3,False,3,1,1331500.0,750000.0,4,1,0.0007309294553868668,9,0.5632745024408562,0.0,0.0,False
100000001893287100,peripheral,0.35,32,0.630783,"Недостаточно ролевых признаков: входящих 1, исходящих 1, depth=3.",3,False,1,1,18000.0,152700.0,3,14,0.0006184515295005443,1,8.483333333333333,12000.0,0.6666666666666666,False
100000001899164100,consolidator,0.91181,7,0.974199,"Получает от 4 плательщиков, видимый вход 291,675 KZT; depth=1.",1,False,4,3,291675.0,76500.0,5,3,0.0011765620095510463,8,0.2622782206222679,76500.0,1.0,False
100000001904863100,terminal,0.771174,32,0.891459,"Видимый вход от 1 узлов (500,000 KZT), выхода нет; depth=2<4.",2,False,1,0,500000.0,0.0,1,0,0.0004817984770777479,11,0.0,0.0,0.0,False
100000001924185100,terminal,0.695374,2,0.881673,"Видимый вход от 2 узлов (151,000 KZT), выхода нет; depth=1<4.",1,False,2,0,151000.0,0.0,2,0,0.00031021987602786454,11,0.0,0.0,0.0,False
100000001927599100,terminal,0.71032,16,0.893683,"Видимый вход от 2 узлов (188,000 KZT), выхода нет; depth=3<4.",3,False,2,0,188000.0,0.0,2,0,0.0003272554677154647,9,0.0,0.0,0.0,False
100000001929088100,terminal,0.758541,1,0.865658,"Видимый вход от 2 узлов (396,010 KZT), выхода нет; depth=1<4.",1,False,2,0,396010.0,0.0,2,0,0.0003175873990634118,2,0.0,0.0,0.0,False
100000001934935100,terminal,0.677758,4,0.584075,"Видимый вход от 1 узлов (118,935 KZT), выхода нет; depth=3<4.",3,False,1,0,118935.0,0.0,1,0,0.0002922677094987416,7,0.0,0.0,0.0,False
100000001937767100,peripheral,0.35,32,0.91637,"Недостаточно ролевых признаков: входящих 1, исходящих 4, depth=1.",1,False,1,4,53000.0,1933000.0,1,6,0.0008921392815659748,11,36.471698113207545,53000.0,1.0,False
100000001952325100,terminal,0.641281,24,0.470196,"Видимый вход от 1 узлов (77,888 KZT), выхода нет; depth=1<4.",1,False,1,0,77888.0,0.0,2,0,0.00030191707307769447,1,0.0,0.0,0.0,False
100000001953577100,terminal,0.479004,24,0.095196,"Видимый вход от 1 узлов (15,600 KZT), выхода нет; depth=1<4.",1,False,1,0,15600.0,0.0,1,0,0.0002888435514869891,1,0.0,0.0,0.0,False
100000001954534100,peripheral,0.35,0,0.56161,"Недостаточно ролевых признаков: входящих 1, исходящих 1, depth=3.",3,False,1,1,13000.0,40000.0,1,1,0.0003659515092221351,7,3.076923076923077,13000.0,1.0,False
100000001954903100,terminal,0.542705,19,0.267349,"Видимый вход от 1 узлов (27,118 KZT), выхода нет; depth=2<4.",2,False,1,0,27118.0,0.0,1,0,0.00029848987132038724,1,0.0,0.0,0.0,False
100000001957974100,peripheral,0.2,16,0.336966,"depth=4: обход обрывается; видимый вход от 1 узлов, исходящие неизвестны.",4,False,1,0,500000.0,0.0,1,0,0.00032013746769043446,7,0.0,0.0,0.0,True
100000001960517100,terminal,0.716815,32,0.683719,"Видимый вход от 1 узлов (200,000 KZT), выхода нет; depth=1<4.",1,False,1,0,200000.0,0.0,1,0,0.000359220493221867,2,0.0,0.0,0.0,False
100000001961048100,terminal,0.693594,26,0.655694,"Видимый вход от 1 узлов (150,000 KZT), выхода нет; depth=2<4.",2,False,1,0,150000.0,0.0,1,0,0.00030430933928482474,7,0.0,0.0,0.0,False
100000001965374100,peripheral,0.35,7,0.856762,"Недостаточно ролевых признаков: входящих 2, исходящих 3, depth=2.",2,False,2,3,1759720.0,3082100.0,8,5,0.0012816556260608692,1,1.7514718250630783,746960.0,0.4244766212806583,False
100000001969496100,terminal,0.516548,16,0.289591,"Видимый вход от 1 узлов (22,740 KZT), выхода нет; depth=3<4.",3,False,1,0,22740.0,0.0,1,0,0.0002919967925367134,7,0.0,0.0,0.0,False
100000001985793100,terminal,0.76121,32,0.728648,"Видимый вход от 1 узлов (420,000 KZT), выхода нет; depth=2<4.",2,False,1,0,420000.0,0.0,1,0,0.0003726610761384919,1,0.0,0.0,0.0,False
100000001987030100,peripheral,0.35,32,0.523577,"Недостаточно ролевых признаков: входящих 2, исходящих 1, depth=1.",1,False,2,1,30864.0,19000.0,2,1,0.0002938727535543698,7,0.6156039398652151,7196.0,0.37873684210526315,False
100000001991973100,peripheral,0.2,19,0.021352,"depth=4: обход обрывается; видимый вход от 1 узлов, исходящие неизвестны.",4,False,1,0,20800.0,0.0,1,0,0.0002967004062396315,1,0.0,0.0,0.0,True
100000002015633100,terminal,0.657473,9,0.531584,"Видимый вход от 1 узлов (94,970 KZT), выхода нет; depth=3<4.",3,False,1,0,94970.0,0.0,1,0,0.00028864719347910584,7,0.0,0.0,0.0,False
100000002028158100,terminal,0.564591,5,0.410587,"Видимый вход от 1 узлов (34,800 KZT), выхода нет; depth=2<4.",2,False,1,0,34800.0,0.0,1,0,0.00029664059842346663,7,0.0,0.0,0.0,False
100000002032323100,peripheral,0.35,33,0.796263,"Недостаточно ролевых признаков: входящих 1, исходящих 1, depth=3.",3,False,1,1,300000.0,1050000.0,1,2,0.0004040501867995857,7,3.5,0.0,0.0,False
100000002087788100,terminal,0.666726,9,0.716192,"Видимый вход от 1 узлов (100,500 KZT), выхода нет; depth=2<4.",2,False,1,0,100500.0,0.0,1,0,0.0006585724738436659,7,0.0,0.0,0.0,False
100000002095257100,terminal,0.43452,7,0.342972,"Видимый вход от 1 узлов (8,500 KZT), выхода нет; depth=3<4.",3,False,1,0,8500.0,0.0,1,0,0.00039673382024222074,8,0.0,0.0,0.0,False
100000002103448100,terminal,0.541637,17,0.222642,"Видимый вход от 1 узлов (27,000 KZT), выхода нет; depth=3<4.",3,False,1,0,27000.0,0.0,1,0,0.00028978339425522726,1,0.0,0.0,0.0,False
100000002109656100,terminal,0.771174,19,0.734653,"Видимый вход от 1 узлов (500,000 KZT), выхода нет; depth=3<4.",3,False,1,0,500000.0,0.0,1,0,0.00030938521828855153,2,0.0,0.0,0.0,False
100000002116705100,terminal,0.490747,17,0.109431,"Видимый вход от 1 узлов (17,600 KZT), выхода нет; depth=3<4.",3,False,1,0,17600.0,0.0,1,0,0.00028831626313090844,1,0.0,0.0,0.0,False
100000002119762100,peripheral,0.2,9,0.251557,"depth=4: обход обрывается; видимый вход от 1 узлов, исходящие неизвестны.",4,False,1,0,77000.0,0.0,6,0,0.0005295245957280105,7,0.0,0.0,0.0,True
100000002121357100,peripheral,0.35,28,0.817171,"Недостаточно ролевых признаков: входящих 2, исходящих 1, depth=3.",3,False,2,1,255300.0,113000.0,2,1,0.0003262737748092851,8,0.4426165295730513,0.0,0.0,False
100000002126791100,peripheral,0.2,28,0.482428,"depth=4: обход обрывается; видимый вход от 1 узлов, исходящие неизвестны.",4,False,1,0,1313000.0,0.0,3,0,0.0005716806006060716,9,0.0,0.0,0.0,True
100000002130400100,peripheral,0.2,20,0.017349,"depth=4: обход обрывается; видимый вход от 1 узлов, исходящие неизвестны.",4,False,1,0,10000.0,0.0,1,0,0.0003175458062360418,1,0.0,0.0,0.0,True
100000002132479100,peripheral,0.35,16,0.670374,"Недостаточно ролевых признаков: входящих 1, исходящих 1, depth=2.",2,False,1,1,30000.0,20000.0,2,1,0.0006060232510344723,8,0.6666666666666666,10000.0,0.5,False
100000002152857100,peripheral,0.35,32,0.729537,"Недостаточно ролевых признаков: входящих 1, исходящих 5, depth=1.",1,False,1,5,105000.0,1230000.0,1,6,0.0002997108402620934,1,11.714285714285714,105000.0,1.0,False
100000002156381100,peripheral,0.35,39,0.786477,"Недостаточно ролевых признаков: входящих 2, исходящих 1, depth=2.",2,False,2,1,61000.0,21800.0,7,3,0.0010807758307164056,8,0.35737704918032787,5000.0,0.22935779816513763,False
100000002158488100,terminal,0.558363,24,0.270463,"Видимый вход от 1 узлов (31,723 KZT), выхода нет; depth=1<4.",1,False,1,0,31723.0,0.0,1,0,0.00029222758033053747,1,0.0,0.0,0.0,False
100000002170580100,terminal,0.693594,19,0.608541,"Видимый вход от 1 узлов (150,000 KZT), выхода нет; depth=2<4.",2,False,1,0,150000.0,0.0,1,0,0.0003570379336989835,1,0.0,0.0,0.0,False
100000002173070100,terminal,0.551068,25,0.349422,"Видимый вход от 1 узлов (30,000 KZT), выхода нет; depth=2<4.",2,False,1,0,30000.0,0.0,1,0,0.0002905382981663947,7,0.0,0.0,0.0,False
100000002173161100,consolidator,0.960854,28,0.970196,"Получает от 3 плательщиков, видимый вход 1,427,500 KZT; depth=1.",1,False,3,0,1427500.0,0.0,5,0,0.0004354146921033421,9,0.0,0.0,0.0,False
100000002175422100,peripheral,0.35,29,0.896352,"Недостаточно ролевых признаков: входящих 3, исходящих 6, depth=2.",2,False,3,6,68500.0,1621188.0,5,14,0.0008458861317816005,7,23.66697810218978,68500.0,1.0,False
100000002182176100,terminal,0.581851,4,0.427046,"Видимый вход от 1 узлов (42,465 KZT), выхода нет; depth=1<4.",1,False,1,0,42465.0,0.0,1,0,0.00029353795436763876,7,0.0,0.0,0.0,False
100000002184107100,terminal,0.424644,22,0.122109,"Видимый вход от 1 узлов (6,066 KZT), выхода нет; depth=3<4.",3,False,1,0,6066.0,0.0,1,0,0.0002901959794883705,7,0.0,0.0,0.0,False
100000002185328100,peripheral,0.35,25,0.667705,"Недостаточно ролевых признаков: входящих 1, исходящих 4, depth=3.",3,False,1,4,15000.0,55000.0,1,4,0.0003518471698066015,7,3.6666666666666665,15000.0,1.0,False
100000002188586100,peripheral,0.2,16,0.114101,"depth=4: обход обрывается; видимый вход от 1 узлов, исходящие неизвестны.",4,False,1,0,38310.0,0.0,1,0,0.00029990983871291276,7,0.0,0.0,0.0,True
100000002188829100,terminal,0.759164,2,0.870996,"Видимый вход от 1 узлов (400,000 KZT), выхода нет; depth=1<4.",1,False,1,0,400000.0,0.0,1,0,0.00036566386772214876,10,0.0,0.0,0.0,False
100000002193259100,peripheral,0.35,7,0.83452,"Недостаточно ролевых признаков: входящих 2, исходящих 3, depth=2.",2,False,2,3,48000.0,58000.0,2,3,0.0008908421386694397,8,1.2083333333333333,18000.0,0.375,False
100000002194320100,peripheral,0.2,5,0.341971,"depth=4: обход обрывается; видимый вход от 1 узлов, исходящие неизвестны.",4,False,1,0,275000.0,0.0,1,0,0.0004865679346318247,7,0.0,0.0,0.0,True
100000002194329100,terminal,0.533274,4,0.275356,"Видимый вход от 1 узлов (25,170 KZT), выхода нет; depth=3<4.",3,False,1,0,25170.0,0.0,1,0,0.00028698686778801477,7,0.0,0.0,0.0,False
100000002199091100,terminal,0.626779,24,0.459964,"Видимый вход от 1 узлов (65,000 KZT), выхода нет; depth=2<4.",2,False,1,0,65000.0,0.0,1,0,0.0003076457194062812,1,0.0,0.0,0.0,False
100000002205022100,peripheral,0.35,25,0.892349,"Недостаточно ролевых признаков: входящих 1, исходящих 3, depth=2.",2,False,1,3,7100.0,518000.0,1,3,0.0005456370301467006,10,72.95774647887323,7100.0,1.0,False
100000002208836100,peripheral,0.2,9,0.224032,"depth=4: обход обрывается; видимый вход от 1 узлов, исходящие неизвестны.",4,False,1,0,90000.0,0.0,1,0,0.000329818544919523,7,0.0,0.0,0.0,True
100000002211413100,terminal,0.570018,24,0.302046,"Видимый вход от 1 узлов (37,000 KZT), выхода нет; depth=1<4.",1,False,1,0,37000.0,0.0,1,0,0.00029333516081849907,1,0.0,0.0,0.0,False
100000002212494100,terminal,0.698577,29,0.709964,"Видимый вход от 1 узлов (160,000 KZT), выхода нет; depth=3<4.",3,False,1,0,160000.0,0.0,1,0,0.0003566444399053839,7,0.0,0.0,0.0,False
100000002214207100,peripheral,0.2,20,0.215858,"depth=4: обход обрывается; видимый вход от 1 узлов, исходящие неизвестны.",4,False,1,0,97000.0,0.0,1,0,0.0006906066279546765,1,0.0,0.0,0.0,True
100000002214301100,peripheral,0.35,4,0.371441,"Недостаточно ролевых признаков: входящих 1, исходящих 1, depth=1.",1,False,1,1,21438.0,8000.0,1,1,0.000289592186865428,7,0.373169138912212,8000.0,1.0,False
100000002214383100,peripheral,0.2,17,0.252892,"depth=4: обход обрывается; видимый вход от 1 узлов, исходящие неизвестны.",4,False,1,0,213000.0,0.0,1,0,0.0005308718022156244,1,0.0,0.0,0.0,True
100000002214570100,terminal,0.540036,24,0.230872,"Видимый вход от 1 узлов (26,471 KZT), выхода нет; depth=1<4.",1,False,1,0,26471.0,0.0,1,0,0.00029112524704973884,1,0.0,0.0,0.0,False
100000002214664100,peripheral,0.35,17,0.36032,"Недостаточно ролевых признаков: входящих 1, исходящих 1, depth=3.",3,False,1,1,7950.0,76950.0,1,2,0.0002868101125617939,1,9.679245283018869,0.0,0.0,False
100000002216999100,terminal,0.521886,17,0.174377,"Видимый вход от 1 узлов (23,677 KZT), выхода нет; depth=3<4.",3,False,1,0,23677.0,0.0,1,0,0.0002892647477950027,1,0.0,0.0,0.0,False
100000002217161100,peripheral,0.35,22,0.894573,"Недостаточно ролевых признаков: входящих 2, исходящих 7, depth=2.",2,False,2,7,404750.0,995132.0,15,19,0.000891569456171597,7,2.4586337245213095,359850.0,0.8890673255095738,False
100000002217806100,peripheral,0.2,5,0.221864,"depth=4: обход обрывается; видимый вход от 1 узлов, исходящие неизвестны.",4,False,1,0,55000.0,0.0,2,0,0.00046376017332721377,7,0.0,0.0,0.0,True
100000002224132100,coordinator,1.0,7,0.977313,"Структурный узел: 5 входящих, 4 исходящих связей; достижим от 2 seed.",2,False,5,4,3951020.0,12115000.0,10,25,0.005995733195474406,2,3.0662968043695047,1658575.0,0.41978400514297576,False
100000002227960100,peripheral,0.2,25,0.032195,"depth=4: обход обрывается; видимый вход от 1 узлов, исходящие неизвестны.",4,False,1,0,10000.0,0.0,1,0,0.0002994376832159761,7,0.0,0.0,0.0,True
100000002227989100,peripheral,0.2,25,0.115769,"depth=4: обход обрывается; видимый вход от 1 узлов, исходящие неизвестны.",4,False,1,0,20000.0,0.0,1,0,0.0003944604204613206,7,0.0,0.0,0.0,True
100000002229615100,peripheral,0.2,25,0.178659,"depth=4: обход обрывается; видимый вход от 1 узлов, исходящие неизвестны.",4,False,1,0,25000.0,0.0,1,0,0.0007184983881728341,7,0.0,0.0,0.0,True
100000002231144100,peripheral,0.2,25,0.083074,"depth=4: обход обрывается; видимый вход от 1 узлов, исходящие неизвестны.",4,False,1,0,15000.0,0.0,1,0,0.000367237638900313,7,0.0,0.0,0.0,True
100000002232266100,terminal,0.586566,0,0.446619,"Видимый вход от 1 узлов (45,000 KZT), выхода нет; depth=3<4.",3,False,1,0,45000.0,0.0,1,0,0.00029472494912982346,7,0.0,0.0,0.0,False
100000002236528100,terminal,0.627936,4,0.552936,"Видимый вход от 1 узлов (66,000 KZT), выхода нет; depth=3<4.",3,False,1,0,66000.0,0.0,1,0,0.0003072417833612635,7,0.0,0.0,0.0,False
100000002241986100,peripheral,0.35,9,0.824733,"Недостаточно ролевых признаков: входящих 1, исходящих 6, depth=3.",3,False,1,6,280000.0,3077000.0,1,12,0.00029464386295803346,7,10.989285714285714,0.0,0.0,False
100000002242066100,peripheral,0.2,22,0.239546,"depth=4: обход обрывается; видимый вход от 1 узлов, исходящие неизвестны.",4,False,1,0,60000.0,0.0,1,0,0.0005337841025658801,7,0.0,0.0,0.0,True
100000002242455100,peripheral,0.2,9,0.289257,"depth=4: обход обрывается; видимый вход от 1 узлов, исходящие неизвестны.",4,False,1,0,110000.0,0.0,1,0,0.0005321740677312205,7,0.0,0.0,0.0,True
100000002243354100,terminal,0.510676,24,0.161477,"Видимый вход от 1 узлов (20,879 KZT), выхода нет; depth=1<4.",1,False,1,0,20879.0,0.0,1,0,0.00028995155175152374,1,0.0,0.0,0.0,False
100000002255058100,terminal,0.769395,25,0.760231,"Видимый вход от 1 узлов (491,500 KZT), выхода нет; depth=3<4.",3,False,1,0,491500.0,0.0,2,0,0.00042612867221805017,1,0.0,0.0,0.0,False
100000002257794100,terminal,0.696619,27,0.685498,"Видимый вход от 1 узлов (154,000 KZT), выхода нет; depth=3<4.",3,False,1,0,154000.0,0.0,1,0,0.0008606341011324336,1,0.0,0.0,0.0,False
100000002258492100,peripheral,0.2,35,0.141292,"depth=4: обход обрывается; видимый вход от 1 узлов, исходящие неизвестны.",4,False,1,0,9000.0,0.0,1,0,0.0005401265380892341,8,0.0,0.0,0.0,True
100000002267998100,peripheral,0.35,23,0.886121,"Недостаточно ролевых признаков: входящих 2, исходящих 3, depth=2.",2,False,2,3,420000.0,1115000.0,4,12,0.0015848317238056746,7,2.6547619047619047,380000.0,0.9047619047619048,False
100000002284426100,terminal,0.651868,9,0.522687,"Видимый вход от 1 узлов (90,000 KZT), выхода нет; depth=3<4.",3,False,1,0,90000.0,0.0,2,0,0.00028848611988395765,7,0.0,0.0,0.0,False
100000002289937100,terminal,0.504004,24,0.148799,"Видимый вход от 1 узлов (20,000 KZT), выхода нет; depth=1<4.",1,False,1,0,20000.0,0.0,1,0,0.00028976705994767336,1,0.0,0.0,0.0,False
100000002293421100,peripheral,0.35,25,0.74911,"Недостаточно ролевых признаков: входящих 2, исходящих 2, depth=2.",2,False,2,2,41000.0,47000.0,6,5,0.0009748338691844273,7,1.146341463414634,20000.0,0.4878048780487805,False
100000002299948100,terminal,0.426423,20,0.219306,"Видимый вход от 1 узлов (6,750 KZT), выхода нет; depth=2<4.",2,False,1,0,6750.0,0.0,1,0,0.0002930156229454497,8,0.0,0.0,0.0,False
100000002301828100,terminal,0.591281,22,0.444617,"Видимый вход от 1 узлов (46,977 KZT), выхода нет; depth=3<4.",3,False,1,0,46977.0,0.0,1,0,0.0002929634292491543,7,0.0,0.0,0.0,False
100000002304943100,peripheral,0.2,25,0.050044,"depth=4: обход обрывается; видимый вход от 1 узлов, исходящие неизвестны.",4,False,1,0,15000.0,0.0,1,0,0.00030637187771531904,7,0.0,0.0,0.0,True
100000002305007100,terminal,0.616904,17,0.397242,"Видимый вход от 1 узлов (56,000 KZT), выхода нет; depth=3<4.",3,False,1,0,56000.0,0.0,1,0,0.0002943096498515301,1,0.0,0.0,0.0,False
100000002305477100,peripheral,0.2,25,0.076401,"depth=4: обход обрывается; видимый вход от 1 узлов, исходящие неизвестны.",4,False,1,0,20000.0,0.0,1,0,0.00031330607221466205,7,0.0,0.0,0.0,True
100000002306369100,peripheral,0.35,4,0.761566,"Недостаточно ролевых признаков: входящих 1, исходящих 6, depth=1.",1,False,1,6,73166.0,260900.0,1,9,0.0002992990714116951,7,3.5658639258672062,73166.0,1.0,False
100000002308091100,terminal,0.709609,19,0.689947,"Видимый вход от 1 узлов (186,720 KZT), выхода нет; depth=3<4.",3,False,1,0,186720.0,0.0,1,0,0.000561106872834332,1,0.0,0.0,0.0,False
100000002320495100,peripheral,0.2,22,0.108764,"depth=4: обход обрывается; видимый вход от 1 узлов, исходящие неизвестны.",4,False,1,0,13526.27,0.0,1,0,0.0005354179344206204,7,0.0,0.0,0.0,True
100000002324543100,terminal,0.554804,1,0.23621,"Видимый вход от 1 узлов (30,202 KZT), выхода нет; depth=1<4.",1,False,1,0,30202.0,0.0,1,0,0.00028881278779647806,1,0.0,0.0,0.0,False
100000002335358100,terminal,0.687989,5,0.746441,"Видимый вход от 1 узлов (140,000 KZT), выхода нет; depth=2<4.",2,False,1,0,140000.0,0.0,2,0,0.0006124866171005871,7,0.0,0.0,0.0,False
100000002340562100,terminal,0.569395,1,0.435053,"Видимый вход от 1 узлов (36,650 KZT), выхода нет; depth=2<4.",2,False,1,0,36650.0,0.0,2,0,0.0005308569205030113,1,0.0,0.0,0.0,False
100000002343825100,consolidator,0.907362,28,0.943505,"Получает от 3 плательщиков, видимый вход 350,000 KZT; depth=3.",3,False,3,2,350000.0,89800.0,4,2,0.00033359725354762716,8,0.25657142857142856,39800.0,0.44320712694877507,False
100000002346166100,terminal,0.423399,17,0.031139,"Видимый вход от 1 узлов (6,000 KZT), выхода нет; depth=3<4.",3,False,1,0,6000.0,0.0,1,0,0.00028650576089238734,1,0.0,0.0,0.0,False
100000002356167100,peripheral,0.35,9,0.691281,"Недостаточно ролевых признаков: входящих 1, исходящих 2, depth=3.",3,False,1,2,300000.0,29500.0,1,3,0.00029529204643951516,7,0.09833333333333333,24000.0,0.8135593220338984,False
100000002369443100,terminal,0.601957,17,0.363434,"Видимый вход от 1 узлов (50,000 KZT), выхода нет; depth=3<4.",3,False,1,0,50000.0,0.0,1,0,0.000293373183176433,1,0.0,0.0,0.0,False
100000002369454100,peripheral,0.2,0,0.143294,"depth=4: обход обрывается; видимый вход от 1 узлов, исходящие неизвестны.",4,False,1,0,25000.0,0.0,1,0,0.0004288818435522467,7,0.0,0.0,0.0,True
100000002369510100,terminal,0.570552,17,0.287144,"Видимый вход от 1 узлов (37,150 KZT), выхода нет; depth=3<4.",3,False,1,0,37150.0,0.0,1,0,0.00029136758371393326,1,0.0,0.0,0.0,False
100000002369874100,consolidator,0.958185,28,0.956851,"Получает от 4 плательщиков, видимый вход 600,000 KZT; depth=3.",3,False,4,0,600000.0,0.0,4,0,0.0003373478549116585,9,0.0,0.0,0.0,False
100000002371751100,peripheral,0.35,30,0.680605,"Недостаточно ролевых признаков: входящих 1, исходящих 1, depth=1.",1,False,1,1,200000.0,250000.0,5,1,0.0005285862410602071,1,1.25,200000.0,1.0,False
100000002371892100,peripheral,0.2,5,0.13412,"depth=4: обход обрывается; видимый вход от 1 узлов, исходящие неизвестны.",4,False,1,0,43830.0,0.0,1,0,0.0003065326200437956,7,0.0,0.0,0.0,True
100000002373144100,peripheral,0.35,0,0.458185,"Недостаточно ролевых признаков: входящих 1, исходящих 1, depth=3.",3,False,1,1,46468.0,10764.0,1,1,0.00028969018116006015,7,0.2316432813979513,10764.0,1.0,False
100000002373386100,terminal,0.52411,17,0.17927,"Видимый вход от 1 узлов (24,000 KZT), выхода нет; depth=3<4.",3,False,1,0,24000.0,0.0,1,0,0.00028931516091767876,1,0.0,0.0,0.0,False
100000002380341100,terminal,0.618149,4,0.542705,"Видимый вход от 1 узлов (57,566 KZT), выхода нет; depth=3<4.",3,False,1,0,57566.4,0.0,1,0,0.00030913653652387497,7,0.0,0.0,0.0,False
100000002391278100,peripheral,0.35,32,0.523132,"Недостаточно ролевых признаков: входящих 1, исходящих 1, depth=3.",3,False,1,1,30000.0,52700.0,5,2,0.00039132234113293455,1,1.7566666666666666,20000.0,0.6666666666666666,False
100000002394199100,peripheral,0.35,1,0.705516,"Недостаточно ролевых признаков: входящих 1, исходящих 1, depth=3.",3,False,1,1,277398.0,76777.0,3,1,0.0029678523915121755,1,0.2767756076107254,76777.0,1.0,False
100000002398779100,consolidator,0.987878,4,0.996886,"Получает от 13 плательщиков, видимый вход 1,095,690 KZT; depth=2.",2,False,13,1,1095690.0,66000.0,28,3,0.0016005031258790202,8,0.06023601566136407,66000.0,1.0,False
100000002404112100,peripheral,0.2,12,0.192838,"depth=4: обход обрывается; видимый вход от 1 узлов, исходящие неизвестны.",4,False,1,0,60000.0,0.0,1,0,0.00033008347857565497,7,0.0,0.0,0.0,True
100000002432143100,terminal,0.643772,4,0.691726,"Видимый вход от 1 узлов (81,310 KZT), выхода нет; depth=2<4.",2,False,1,0,81310.0,0.0,1,0,0.0003352566977025957,9,0.0,0.0,0.0,False
100000002433697100,peripheral,0.35,9,0.580516,"Недостаточно ролевых признаков: входящих 1, исходящих 1, depth=3.",3,False,1,1,130000.0,110000.0,1,1,0.000289782486846921,7,0.8461538461538461,0.0,0.0,False
100000002435265100,terminal,0.683808,4,0.598754,"Видимый вход от 1 узлов (132,628 KZT), выхода нет; depth=3<4.",3,False,1,0,132628.0,0.0,3,0,0.00029303889880759863,7,0.0,0.0,0.0,False
100000002443664100,consolidator,0.937945,28,0.94395,"Получает от 3 плательщиков, видимый вход 556,880 KZT; depth=2.",2,False,3,0,556880.0,0.0,3,0,0.0003387703864093905,9,0.0,0.0,0.0,False
100000002445750100,peripheral,0.35,4,0.632117,"Недостаточно ролевых признаков: входящих 1, исходящих 1, depth=2.",2,False,1,1,70000.0,10000.0,1,1,0.0005372906870343836,7,0.14285714285714285,0.0,0.0,False
100000002448088100,peripheral,0.35,25,0.644573,"Недостаточно ролевых признаков: входящих 3, исходящих 1, depth=3.",3,False,3,1,20000.0,25000.0,3,1,0.0005086560796474189,7,1.25,10000.0,0.5,False
100000002454724100,terminal,0.68016,26,0.629004,"Видимый вход от 1 узлов (125,000 KZT), выхода нет; depth=2<4.",2,False,1,0,125000.0,0.0,3,0,0.00030118599844023564,7,0.0,0.0,0.0,False
100000002457464100,terminal,0.62847,20,0.643683,"Видимый вход от 1 узлов (66,647 KZT), выхода нет; depth=2<4.",2,False,1,0,66647.0,0.0,1,0,0.0003221740395394645,8,0.0,0.0,0.0,False
100000002459093100,peripheral,0.35,32,0.668594,"Недостаточно ролевых признаков: входящих 1, исходящих 1, depth=2.",2,False,1,1,500000.0,55000.0,2,3,0.0003892499869806256,1,0.11,0.0,0.0,False
100000002459163100,terminal,0.509075,31,0.278915,"Видимый вход от 1 узлов (20,180 KZT), выхода нет; depth=2<4.",2,False,1,0,20180.0,0.0,1,0,0.0003611154442225131,1,0.0,0.0,0.0,False
100000002459164100,terminal,0.504004,22,0.422598,"Видимый вход от 1 узлов (20,000 KZT), выхода нет; depth=3<4.",3,False,1,0,20000.0,0.0,1,0,0.0005418286835835163,7,0.0,0.0,0.0,False
100000002459240100,terminal,0.693594,9,0.594306,"Видимый вход от 1 узлов (150,000 KZT), выхода нет; depth=3<4.",3,False,1,0,150000.0,0.0,1,0,0.00029043067032840264,7,0.0,0.0,0.0,False
100000002459832100,terminal,0.7879,25,0.915925,"Видимый вход от 2 узлов (880,606 KZT), выхода нет; depth=3<4.",3,False,2,0,880606.0,0.0,2,0,0.00039318803670429763,7,0.0,0.0,0.0,False
100000002462183100,terminal,0.670552,40,0.580071,"Видимый вход от 1 узлов (107,500 KZT), выхода нет; depth=1<4.",1,False,1,0,107500.0,0.0,3,0,0.0003802620893515438,1,0.0,0.0,0.0,False
100000002469065100,terminal,0.716815,25,0.712633,"Видимый вход от 1 узлов (200,000 KZT), выхода нет; depth=2<4.",2,False,1,0,200000.0,0.0,1,0,0.00031869598721132004,7,0.0,0.0,0.0,False
100000002472632100,peripheral,0.35,11,0.850089,"Недостаточно ролевых признаков: входящих 2, исходящих 1, depth=3.",3,False,2,1,502400.0,20000.0,3,1,0.000985619333290865,7,0.03980891719745223,0.0,0.0,False
100000002474570100,peripheral,0.2,19,0.009008,"depth=4: обход обрывается; видимый вход от 1 узлов, исходящие неизвестны.",4,False,1,0,6750.0,0.0,1,0,0.0002891815541283865,1,0.0,0.0,0.0,True
100000002475601100,terminal,0.72669,25,0.611655,"Видимый вход от 1 узлов (232,301 KZT), выхода нет; depth=3<4.",3,False,1,0,232301.0,0.0,1,0,0.00030211439246599533,1,0.0,0.0,0.0,False
100000002478829100,peripheral,0.2,25,0.163812,"depth=4: обход обрывается; видимый вход от 1 узлов, исходящие неизвестны.",4,False,1,0,34000.0,0.0,1,0,0.0003873344502832999,7,0.0,0.0,0.0,True
100000002479804100,peripheral,0.35,20,0.48532,"Недостаточно ролевых признаков: входящих 1, исходящих 2, depth=1.",1,False,1,2,46000.0,35300.0,1,2,0.0002969663269488742,1,0.7673913043478261,23000.0,0.6515580736543909,False
100000002480800100,terminal,0.77669,0,0.947509,"Видимый вход от 2 узлов (569,251 KZT), выхода нет; depth=1<4.",1,False,2,0,569251.0,0.0,2,0,0.0006410781031176412,10,0.0,0.0,0.0,False
100000002481735100,terminal,0.516014,5,0.395907,"Видимый вход от 1 узлов (22,436 KZT), выхода нет; depth=2<4.",2,False,1,0,22436.0,0.0,2,0,0.00036270354277617787,7,0.0,0.0,0.0,False
100000002481974100,peripheral,0.35,13,0.791815,"Недостаточно ролевых признаков: входящих 2, исходящих 2, depth=3.",3,False,2,2,89447.0,318000.0,2,4,0.0003316686610389907,7,3.5551779265934016,89447.0,1.0,False
100000002487222100,peripheral,0.2,9,0.204182,"depth=4: обход обрывается; видимый вход от 1 узлов, исходящие неизвестны.",4,False,1,0,90000.0,0.0,2,0,0.0003104273146144319,7,0.0,0.0,0.0,True
100000002488629100,terminal,0.635498,32,0.452402,"Видимый вход от 1 узлов (73,050 KZT), выхода нет; depth=2<4.",2,False,1,0,73050.0,0.0,1,0,0.0002994145168825342,1,0.0,0.0,0.0,False
100000002489253100,terminal,0.607117,5,0.511121,"Видимый вход от 1 узлов (51,000 KZT), выхода нет; depth=2<4.",2,False,1,0,51000.0,0.0,1,0,0.0003018444912491921,7,0.0,0.0,0.0,False
100000002492277100,terminal,0.686566,4,0.650356,"Видимый вход от 1 узлов (138,500 KZT), выхода нет; depth=2<4.",2,False,1,0,138500.0,0.0,1,0,0.0003074034730996861,7,0.0,0.0,0.0,False
100000002505277100,peripheral,0.2,4,0.220363,"depth=4: обход обрывается; видимый вход от 1 узлов, исходящие неизвестны.",4,False,1,0,60000.0,0.0,1,0,0.0004076531172154499,7,0.0,0.0,0.0,True
100000002506987100,peripheral,0.2,16,0.076067,"depth=4: обход обрывается; видимый вход от 1 узлов, исходящие неизвестны.",4,False,1,0,28200.0,0.0,1,0,0.0002961253723894791,7,0.0,0.0,0.0,True
100000002508637100,peripheral,0.35,25,0.572954,"Недостаточно ролевых признаков: входящих 1, исходящих 1, depth=3.",3,False,1,1,306410.0,8000.0,1,1,0.0003073926335674684,1,0.02610880845925394,8000.0,1.0,False
100000002509598100,terminal,0.745552,19,0.668149,"Видимый вход от 1 узлов (305,550 KZT), выхода нет; depth=3<4.",3,False,1,0,305550.0,0.0,1,0,0.00030012320541723803,2,0.0,0.0,0.0,False
100000002511581100,terminal,0.490747,17,0.109431,"Видимый вход от 1 узлов (17,600 KZT), выхода нет; depth=3<4.",3,False,1,0,17600.0,0.0,1,0,0.00028831626313090844,1,0.0,0.0,0.0,False
100000002511825100,terminal,0.626779,4,0.532028,"Видимый вход от 1 узлов (65,000 KZT), выхода нет; depth=1<4.",1,False,1,0,65000.0,0.0,1,0,0.0002977667017240053,7,0.0,0.0,0.0,False
100000002512742100,peripheral,0.2,19,0.008507,"depth=4: обход обрывается; видимый вход от 1 узлов, исходящие неизвестны.",4,False,1,0,6000.0,0.0,1,0,0.0002887801919160425,1,0.0,0.0,0.0,True
100000002513028100,peripheral,0.35,4,0.745996,"Недостаточно ролевых признаков: входящих 1, исходящих 3, depth=3.",3,False,1,3,9500.0,332709.0,1,24,0.0003055978968624257,7,35.022,0.0,0.0,False
100000002514975100,peripheral,0.2,12,0.124444,"depth=4: обход обрывается; видимый вход от 1 узлов, исходящие неизвестны.",4,False,1,0,17920.0,0.0,1,0,0.0005310425183631411,7,0.0,0.0,0.0,True
100000002516862100,peripheral,0.2,4,0.223198,"depth=4: обход обрывается; видимый вход от 1 узлов, исходящие неизвестны.",4,False,1,0,81710.0,0.0,5,0,0.0003494397060975879,7,0.0,0.0,0.0,True
100000002521039100,terminal,0.751068,4,0.751779,"Видимый вход от 1 узлов (349,370 KZT), выхода нет; depth=3<4.",3,False,1,0,349370.0,0.0,1,0,0.0003052458011066051,7,0.0,0.0,0.0,False
100000002527114100,distributor,0.994884,24,0.965302,"Отправляет 111 получателям, видимый выход 3,289,249 KZT; depth=0.",0,True,3,111,129000.0,3289249.0,4,113,0.0008111056953132608,1,25.49805426356589,129000.0,1.0,False
100000002528544100,terminal,0.712633,25,0.577402,"Видимый вход от 1 узлов (192,912 KZT), выхода нет; depth=3<4.",3,False,1,0,192912.0,0.0,1,0,0.00029930900258425463,1,0.0,0.0,0.0,False
100000002528978100,peripheral,0.2,16,0.032696,"depth=4: обход обрывается; видимый вход от 1 узлов, исходящие неизвестны.",4,False,1,0,15900.0,0.0,1,0,0.0002915211255271414,7,0.0,0.0,0.0,True
100000002529877100,peripheral,0.2,28,0.321952,"depth=4: обход обрывается; видимый вход от 1 узлов, исходящие неизвестны.",4,False,1,0,232000.0,0.0,1,0,0.0003058339492043375,8,0.0,0.0,0.0,True
100000002529880100,terminal,0.691993,28,0.862989,"Видимый вход от 2 узлов (147,000 KZT), выхода нет; depth=3<4.",3,False,2,0,147000.0,0.0,2,0,0.000306133548519856,8,0.0,0.0,0.0,False
100000002530224100,terminal,0.675089,28,0.659698,"Видимый вход от 1 узлов (113,000 KZT), выхода нет; depth=3<4.",3,False,1,0,113000.0,0.0,1,0,0.00029139102055774306,9,0.0,0.0,0.0,False
100000002531406100,peripheral,0.35,25,0.664591,"Недостаточно ролевых признаков: входящих 1, исходящих 1, depth=3.",3,False,1,1,520000.0,500000.0,1,1,0.0003226050843745718,1,0.9615384615384616,0.0,0.0,False
100000002534091100,terminal,0.515569,0,0.314947,"Видимый вход от 1 узлов (22,200 KZT), выхода нет; depth=3<4.",3,False,1,0,22200.0,0.0,1,0,0.00029636616273708943,7,0.0,0.0,0.0,False
100000002537811100,peripheral,0.35,2,0.755783,"Недостаточно ролевых признаков: входящих 1, исходящих 1, depth=3.",3,False,1,1,52000.0,15000.0,1,1,0.001231377724947645,11,0.28846153846153844,0.0,0.0,False
100000002539625100,terminal,0.65694,28,0.718416,"Видимый вход от 1 узлов (94,700 KZT), выхода нет; depth=2<4.",2,False,1,0,94700.0,0.0,1,0,0.00034502020785975537,9,0.0,0.0,0.0,False
100000002540033100,peripheral,0.2,28,0.174154,"depth=4: обход обрывается; видимый вход от 1 узлов, исходящие неизвестны.",4,False,1,0,10000.0,0.0,1,0,0.0005960851621180794,9,0.0,0.0,0.0,True
100000002540623100,terminal,0.663523,19,0.551157,"Видимый вход от 1 узлов (100,000 KZT), выхода нет; depth=2<4.",2,False,1,0,100000.0,0.0,1,0,0.00033321505387175237,1,0.0,0.0,0.0,False
100000002546921100,terminal,0.504004,16,0.261121,"Видимый вход от 1 узлов (20,000 KZT), выхода нет; depth=3<4.",3,False,1,0,20000.0,0.0,1,0,0.0002912223270400019,7,0.0,0.0,0.0,False
100000002547110100,consolidator,0.987433,28,0.989769,"Получает от 6 плательщиков, видимый вход 1,500,000 KZT; depth=3.",3,False,6,0,1500000.0,0.0,10,0,0.0005516278220472665,8,0.0,0.0,0.0,False
100000002548759100,terminal,0.754982,28,0.911477,"Видимый вход от 2 узлов (375,000 KZT), выхода нет; depth=3<4.",3,False,2,0,375000.0,0.0,2,0,0.0003085290301049609,9,0.0,0.0,0.0,False
100000002550141100,terminal,0.666904,13,0.620996,"Видимый вход от 1 узлов (100,586 KZT), выхода нет; depth=3<4.",3,False,1,0,100586.0,0.0,1,0,0.0003077875449747828,7,0.0,0.0,0.0,False
100000002554175100,terminal,0.52669,16,0.327847,"Видимый вход от 1 узлов (24,621 KZT), выхода нет; depth=3<4.",3,False,1,0,24621.0,0.0,1,0,0.0002947426417459053,7,0.0,0.0,0.0,False
100000002556775100,terminal,0.743772,9,0.706851,"Видимый вход от 1 узлов (300,000 KZT), выхода нет; depth=3<4.",3,False,1,0,300000.0,0.0,1,0,0.00029529204643951516,7,0.0,0.0,0.0,False
100000002558173100,terminal,0.437544,20,0.24911,"Видимый вход от 1 узлов (9,300 KZT), выхода нет; depth=2<4.",2,False,1,0,9300.0,0.0,1,0,0.0002958286804649766,8,0.0,0.0,0.0,False
100000002559089100,terminal,0.78274,28,0.93194,"Видимый вход от 2 узлов (715,000 KZT), выхода нет; depth=3<4.",3,False,2,0,715000.0,0.0,2,0,0.00039242595373201167,9,0.0,0.0,0.0,False
100000002565277100,terminal,0.768327,2,0.878559,"Видимый вход от 1 узлов (483,319 KZT), выхода нет; depth=1<4.",1,False,1,0,483319.0,0.0,1,0,0.00038234736714677707,10,0.0,0.0,0.0,False
100000002566204100,terminal,0.643238,19,0.513345,"Видимый вход от 1 узлов (80,805 KZT), выхода нет; depth=2<4.",2,False,1,0,80805.0,0.0,1,0,0.0003240694503060784,1,0.0,0.0,0.0,False
100000002567887100,terminal,0.606406,9,0.418594,"Видимый вход от 1 узлов (50,915 KZT), выхода нет; depth=3<4.",3,False,1,0,50915.0,0.0,1,0,0.00028721940731527213,7,0.0,0.0,0.0,False
100000002570206100,terminal,0.701957,22,0.846975,"Видимый вход от 2 узлов (166,960 KZT), выхода нет; depth=2<4.",2,False,2,0,166959.6,0.0,2,0,0.00031851046572736367,7,0.0,0.0,0.0,False
100000002575080100,peripheral,0.35,3,0.530694,"Недостаточно ролевых признаков: входящих 1, исходящих 1, depth=3.",3,False,1,1,13000.0,12500.0,1,1,0.0005518178489503647,7,0.9615384615384616,0.0,0.0,False
100000002578405100,distributor,0.994884,17,0.961299,"Отправляет 116 получателям, видимый выход 3,108,352 KZT; depth=2.",2,False,2,116,1200351.0,3108352.0,7,120,0.0005700071256448117,1,2.589535894084314,1200351.0,1.0,False
100000002578653100,terminal,0.504004,4,0.332295,"Видимый вход от 1 узлов (20,000 KZT), выхода нет; depth=3<4.",3,False,1,0,20000.0,0.0,1,0,0.00031131007444757275,7,0.0,0.0,0.0,False
100000002580377100,peripheral,0.35,5,0.413256,"Недостаточно ролевых признаков: входящих 1, исходящих 1, depth=1.",1,False,1,1,37750.0,5000.0,2,1,0.00028962810073792137,7,0.13245033112582782,5000.0,1.0,False
100000002581346100,terminal,0.701779,9,0.618772,"Видимый вход от 1 узлов (166,400 KZT), выхода нет; depth=3<4.",3,False,1,0,166400.0,0.0,1,0,0.00029096218078321763,7,0.0,0.0,0.0,False
100000002589019100,terminal,0.564413,7,0.27669,"Видимый вход от 1 узлов (34,710 KZT), выхода нет; depth=1<4.",1,False,1,0,34710.0,0.0,1,0,0.00029132959413446705,1,0.0,0.0,0.0,False
100000002591469100,terminal,0.727936,1,0.604537,"Видимый вход от 1 узлов (235,670 KZT), выхода нет; depth=1<4.",1,False,1,0,235670.0,0.0,1,0,0.0002990831396236902,1,0.0,0.0,0.0,False
100000002592567100,peripheral,0.35,5,0.472865,"Недостаточно ролевых признаков: входящих 1, исходящих 2, depth=1.",1,False,1,2,5297.0,48600.0,1,2,0.00028613881734682083,7,9.175004719652634,5297.0,1.0,False
100000002593038100,terminal,0.544929,7,0.573399,"Видимый вход от 1 узлов (28,500 KZT), выхода нет; depth=2<4.",2,False,1,0,28500.0,0.0,1,0,0.000658612414499517,8,0.0,0.0,0.0,False
100000002593344100,terminal,0.762633,28,0.920374,"Видимый вход от 2 узлов (431,000 KZT), выхода нет; depth=3<4.",3,False,2,0,431000.0,0.0,2,0,0.00035896158975109305,9,0.0,0.0,0.0,False
100000002594214100,peripheral,0.2,9,0.384675,"depth=4: обход обрывается; видимый вход от 1 узлов, исходящие неизвестны.",4,False,1,0,1000000.0,0.0,1,0,0.000367059243362219,7,0.0,0.0,0.0,True
100000002596035100,terminal,0.726335,2,0.800267,"Видимый вход от 1 узлов (231,570 KZT), выхода нет; depth=1<4.",1,False,1,0,231570.0,0.0,1,0,0.0003206915567832718,8,0.0,0.0,0.0,False
100000002596039100,peripheral,0.2,13,0.278914,"depth=4: обход обрывается; видимый вход от 1 узлов, исходящие неизвестны.",4,False,1,0,280000.0,0.0,1,0,0.00030434333941669174,7,0.0,0.0,0.0,True
100000002597003100,peripheral,0.35,4,0.362767,"Недостаточно ролевых признаков: входящих 1, исходящих 1, depth=1.",1,False,1,1,17700.0,11000.0,1,1,0.00028889074210758034,7,0.6214689265536724,0.0,0.0,False
100000002597074100,peripheral,0.2,0,0.036699,"depth=4: обход обрывается; видимый вход от 1 узлов, исходящие неизвестны.",4,False,1,0,8000.0,0.0,1,0,0.0003104283235888235,7,0.0,0.0,0.0,True
100000002597623100,terminal,0.482918,4,0.181495,"Видимый вход от 1 узлов (16,418 KZT), выхода нет; depth=3<4.",3,False,1,0,16418.0,0.0,1,0,0.0002864939554363667,7,0.0,0.0,0.0,False
100000002599729100,peripheral,0.2,4,0.235876,"depth=4: обход обрывается; видимый вход от 1 узлов, исходящие неизвестны.",4,False,1,0,65000.0,0.0,2,0,0.00048578643675265665,7,0.0,0.0,0.0,True
100000002600345100,terminal,0.609609,5,0.660587,"Видимый вход от 2 узлов (52,400 KZT), выхода нет; depth=1<4.",1,False,2,0,52400.0,0.0,2,0,0.0002957205308431155,7,0.0,0.0,0.0,False
100000002603371100,terminal,0.437544,4,0.135676,"Видимый вход от 1 узлов (9,300 KZT), выхода нет; depth=3<4.",3,False,1,0,9300.0,0.0,1,0,0.0002893766428347344,7,0.0,0.0,0.0,False
100000002603478100,terminal,0.51984,7,0.173932,"Видимый вход от 1 узлов (23,500 KZT), выхода нет; depth=1<4.",1,False,1,0,23500.0,0.0,1,0,0.00028946923798144053,1,0.0,0.0,0.0,False
100000002603769100,consolidator,0.95863,4,0.94573,"Получает от 3 плательщиков, видимый вход 1,185,368 KZT; depth=1.",1,False,3,0,1185368.0,0.0,3,0,0.0005415388680707092,7,0.0,0.0,0.0,False
100000002605184100,terminal,0.687989,5,0.701957,"Видимый вход от 1 узлов (140,000 KZT), выхода нет; depth=2<4.",2,False,1,0,140000.0,0.0,1,0,0.00039107352079071413,7,0.0,0.0,0.0,False
100000002605308100,consolidator,0.966192,16,0.990658,"Получает от 3 плательщиков, видимый вход 2,569,522 KZT; depth=2.",2,False,3,0,2569521.84,0.0,7,0,0.0008849814697633063,11,0.0,0.0,0.0,False
100000002605548100,terminal,0.676157,2,0.871886,"Видимый вход от 2 узлов (116,695 KZT), выхода нет; depth=1<4.",1,False,2,0,116695.0,0.0,2,0,0.0003143213711267536,10,0.0,0.0,0.0,False
100000002606567100,peripheral,0.35,4,0.453737,"Недостаточно ролевых признаков: входящих 1, исходящих 1, depth=1.",1,False,1,1,14095.0,53000.0,1,1,0.0002882142551220156,7,3.7601986520042567,0.0,0.0,False
100000002609774100,peripheral,0.35,16,0.364769,"Недостаточно ролевых признаков: входящих 1, исходящих 1, depth=1.",1,False,1,1,7700.0,27500.0,1,1,0.0002863971832294454,7,3.5714285714285716,0.0,0.0,False
100000002611334100,peripheral,0.35,4,0.533808,"Недостаточно ролевых признаков: входящих 1, исходящих 1, depth=3.",3,False,1,1,48288.0,15500.0,1,1,0.00030533803078063905,7,0.3209907223326706,15500.0,1.0,False
100000002612809100,peripheral,0.35,20,0.653025,"Недостаточно ролевых признаков: входящих 1, исходящих 3, depth=3.",3,False,1,3,30000.0,114000.0,2,4,0.00042829267239375183,1,3.8,30000.0,1.0,False
100000002613776100,terminal,0.551068,4,0.401246,"Видимый вход от 1 узлов (30,000 KZT), выхода нет; depth=2<4.",2,False,1,0,30000.0,0.0,2,0,0.0003014863033266457,7,0.0,0.0,0.0,False
100000002613929100,terminal,0.545196,1,0.580961,"Видимый вход от 1 узлов (28,560 KZT), выхода нет; depth=3<4.",3,False,1,0,28560.0,0.0,1,0,0.0007809340979896397,8,0.0,0.0,0.0,False
100000002614095100,terminal,0.419217,17,0.029359,"Видимый вход от 1 узлов (5,300 KZT), выхода нет; depth=3<4.",3,False,1,0,5300.0,0.0,1,0,0.00028639650644695936,1,0.0,0.0,0.0,False
100000002615479100,terminal,0.723221,1,0.621886,"Видимый вход от 1 узлов (220,000 KZT), выхода нет; depth=1<4.",1,False,1,0,220000.0,0.0,1,0,0.00030919582846738417,1,0.0,0.0,0.0,False
100000002618492100,terminal,0.742349,2,0.911922,"Видимый вход от 2 узлов (296,500 KZT), выхода нет; depth=1<4.",1,False,2,0,296500.0,0.0,2,0,0.00036902681066638786,8,0.0,0.0,0.0,False
100000002621434100,terminal,0.643505,28,0.587633,"Видимый вход от 1 узлов (81,000 KZT), выхода нет; depth=3<4.",3,False,1,0,81000.0,0.0,1,0,0.0002897423900896502,9,0.0,0.0,0.0,False
100000002621915100,terminal,0.412544,5,0.262011,"Видимый вход от 1 узлов (5,000 KZT), выхода нет; depth=2<4.",2,False,1,0,5000.0,0.0,1,0,0.0005320392011730527,7,0.0,0.0,0.0,False
100000002621949100,terminal,0.700178,2,0.787367,"Видимый вход от 1 узлов (164,612 KZT), выхода нет; depth=1<4.",1,False,1,0,164612.0,0.0,1,0,0.00031853061405174465,10,0.0,0.0,0.0,False
100000002622822100,peripheral,0.2,28,0.481094,"depth=4: обход обрывается; видимый вход от 1 узлов, исходящие неизвестны.",4,False,1,0,750000.0,0.0,1,0,0.0009076861139921038,9,0.0,0.0,0.0,True
100000002628146100,terminal,0.55516,20,0.521797,"Видимый вход от 1 узлов (30,500 KZT), выхода нет; depth=2<4.",2,False,1,0,30500.0,0.0,2,0,0.0003192156684704553,8,0.0,0.0,0.0,False
100000002628576100,peripheral,0.35,9,0.81806,"Недостаточно ролевых признаков: входящих 2, исходящих 2, depth=3.",3,False,2,2,727882.0,539000.0,3,2,0.0003113901539132382,7,0.7405046422359668,93297.0,0.17309276437847868,False
100000002632742100,terminal,0.727758,28,0.895907,"Видимый вход от 2 узлов (235,500 KZT), выхода нет; depth=3<4.",3,False,2,0,235500.0,0.0,2,0,0.0003175643151957884,8,0.0,0.0,0.0,False
100000002633108100,terminal,0.746886,16,0.796708,"Видимый вход от 1 узлов (320,000 KZT), выхода нет; depth=3<4.",3,False,1,0,320000.0,0.0,3,0,0.00037601781938067727,7,0.0,0.0,0.0,False
100000002633701100,terminal,0.736121,28,0.646797,"Видимый вход от 1 узлов (266,850 KZT), выхода нет; depth=2<4.",2,False,1,0,266850.0,0.0,1,0,0.0003106797854015696,1,0.0,0.0,0.0,False
100000002635746100,peripheral,0.2,19,0.00734,"depth=4: обход обрывается; видимый вход от 1 узлов, исходящие неизвестны.",4,False,1,0,5300.0,0.0,1,0,0.0002884055871845214,1,0.0,0.0,0.0,True
100000002635780100,terminal,0.699822,1,0.830961,"Видимый вход от 1 узлов (163,000 KZT), выхода нет; depth=2<4.",2,False,1,0,163000.02,0.0,1,0,0.0005553850086577899,9,0.0,0.0,0.0,False
100000002644285100,terminal,0.771174,19,0.734653,"Видимый вход от 1 узлов (500,000 KZT), выхода нет; depth=3<4.",3,False,1,0,500000.0,0.0,1,0,0.00030938521828855153,2,0.0,0.0,0.0,False
100000002645046100,peripheral,0.2,19,0.01201,"depth=4: обход обрывается; видимый вход от 1 узлов, исходящие неизвестны.",4,False,1,0,12000.0,0.0,1,0,0.00029199108961479477,1,0.0,0.0,0.0,True
100000002645609100,consolidator,0.953625,4,0.929715,"Получает от 4 плательщиков, видимый вход 546,821 KZT; depth=1.",1,False,4,0,546820.6799999999,0.0,5,0,0.0003553578831259949,7,0.0,0.0,0.0,False
100000002645993100,peripheral,0.35,4,0.663701,"Недостаточно ролевых признаков: входящих 2, исходящих 5, depth=3.",3,False,2,5,49650.0,86980.0,4,9,0.0002933085935851196,7,1.7518630412890233,8850.0,0.1782477341389728,False
100000002646745100,terminal,0.46032,17,0.060943,"Видимый вход от 1 узлов (12,300 KZT), выхода нет; depth=3<4.",3,False,1,0,12300.0,0.0,1,0,0.0002874890509012393,1,0.0,0.0,0.0,False
100000002646887100,terminal,0.525979,33,0.329181,"Видимый вход от 1 узлов (24,354 KZT), выхода нет; depth=3<4.",3,False,1,0,24354.0,0.0,1,0,0.00029518757307712095,7,0.0,0.0,0.0,False
100000002648315100,peripheral,0.35,1,0.553381,"Недостаточно ролевых признаков: входящих 1, исходящих 2, depth=1.",1,False,1,2,132000.0,76000.0,1,3,0.00029313846973239526,1,0.5757575757575758,76000.0,1.0,False
100000002653187100,peripheral,0.2,7,0.154471,"depth=4: обход обрывается; видимый вход от 1 узлов, исходящие неизвестны.",4,False,1,0,15000.0,0.0,1,0,0.00047327891401503287,8,0.0,0.0,0.0,True
100000002653948100,terminal,0.647865,9,0.512011,"Видимый вход от 1 узлов (85,200 KZT), выхода нет; depth=3<4.",3,False,1,0,85200.0,0.0,1,0,0.0002883305558484021,7,0.0,0.0,0.0,False
100000002659103100,peripheral,0.2,36,0.280916,"depth=4: обход обрывается; видимый вход от 1 узлов, исходящие неизвестны.",4,False,1,0,165000.0,0.0,1,0,0.000349710524256835,7,0.0,0.0,0.0,True
100000002659265100,peripheral,0.2,28,0.306606,"depth=4: обход обрывается; видимый вход от 1 узлов, исходящие неизвестны.",4,False,1,0,141000.0,0.0,1,0,0.00031969973198944253,8,0.0,0.0,0.0,True
100000002660298100,peripheral,0.2,16,0.092082,"depth=4: обход обрывается; видимый вход от 1 узлов, исходящие неизвестны.",4,False,1,0,30900.0,0.0,1,0,0.0002971360607251142,7,0.0,0.0,0.0,True
100000002662768100,terminal,0.646441,20,0.493327,"Видимый вход от 1 узлов (84,300 KZT), выхода нет; depth=1<4.",1,False,1,0,84300.0,0.0,1,0,0.0003064555955058235,1,0.0,0.0,0.0,False
100000002663511100,terminal,0.736833,0,0.732651,"Видимый вход от 1 узлов (268,940 KZT), выхода нет; depth=3<4.",3,False,1,0,268940.0,0.0,1,0,0.00030941949939910455,7,0.0,0.0,0.0,False
100000002666248100,terminal,0.633452,2,0.636121,"Видимый вход от 1 узлов (70,032 KZT), выхода нет; depth=1<4.",1,False,1,0,70032.0,0.0,1,0,0.00029959225214652084,10,0.0,0.0,0.0,False
100000002670463100,peripheral,0.2,19,0.041704,"depth=4: обход обрывается; видимый вход от 1 узлов, исходящие неизвестны.",4,False,1,0,31500.0,0.0,1,0,0.00030242650713573977,1,0.0,0.0,0.0,True
100000002670860100,terminal,0.76468,19,0.866548,"Видимый вход от 2 узлов (450,000 KZT), выхода нет; depth=1<4.",1,False,2,0,450000.0,0.0,2,0,0.00030894570400308004,3,0.0,0.0,0.0,False
100000002670960100,terminal,0.768149,19,0.727313,"Видимый вход от 1 узлов (480,310 KZT), выхода нет; depth=3<4.",3,False,1,0,480310.0,0.0,1,0,0.0003084473471986253,2,0.0,0.0,0.0,False
100000002671326100,peripheral,0.2,33,0.419707,"depth=4: обход обрывается; видимый вход от 1 узлов, исходящие неизвестны.",4,False,1,0,1050000.0,0.0,2,0,0.0006294451129335758,7,0.0,0.0,0.0,True
100000002671806100,terminal,0.460854,7,0.062278,"Видимый вход от 1 узлов (12,440 KZT), выхода нет; depth=1<4.",1,False,1,0,12440.0,0.0,1,0,0.0002876337750864829,1,0.0,0.0,0.0,False
100000002677201100,peripheral,0.35,28,0.715302,"Недостаточно ролевых признаков: входящих 1, исходящих 1, depth=3.",3,False,1,1,150000.0,87750.0,1,1,0.00030890584852738523,8,0.585,87750.0,1.0,False
100000002679516100,terminal,0.667794,7,0.889902,"Видимый вход от 3 узлов (102,335 KZT), выхода нет; depth=1<4.",1,False,3,0,102335.0,0.0,3,0,0.0003268254970708488,10,0.0,0.0,0.0,False
100000002680477100,terminal,0.53016,19,0.233541,"Видимый вход от 1 узлов (25,000 KZT), выхода нет; depth=2<4.",2,False,1,0,25000.0,0.0,1,0,0.00029455855419957707,1,0.0,0.0,0.0,False
100000002681449100,peripheral,0.35,4,0.687945,"Недостаточно ролевых признаков: входящих 2, исходящих 2, depth=1.",1,False,2,2,94638.0,133000.0,2,2,0.0002951397503203059,7,1.4053551427544961,11900.0,0.1257423022464549,False
100000002681544100,terminal,0.701423,4,0.856317,"Видимый вход от 2 узлов (166,072 KZT), выхода нет; depth=3<4.",3,False,2,0,166072.0,0.0,2,0,0.00033571724351569586,7,0.0,0.0,0.0,False
100000002686226100,peripheral,0.2,22,0.393683,"depth=4: обход обрывается; видимый вход от 1 узлов, исходящие неизвестны.",4,False,1,0,430000.0,0.0,2,0,0.0006546162523072467,7,0.0,0.0,0.0,True
100000002689717100,peripheral,0.2,16,0.141292,"depth=4: обход обрывается; видимый вход от 1 узлов, исходящие неизвестны.",4,False,1,0,47500.0,0.0,1,0,0.00030334992234420417,7,0.0,0.0,0.0,True
100000002691583100,terminal,0.740747,12,0.779582,"Видимый вход от 1 узлов (285,200 KZT), выхода нет; depth=3<4.",3,False,1,0,285200.0,0.0,1,0,0.00035708956201916146,7,0.0,0.0,0.0,False
100000002691858100,terminal,0.608185,20,0.621441,"Видимый вход от 1 узлов (51,500 KZT), выхода нет; depth=2<4.",2,False,1,0,51500.0,0.0,1,0,0.0003423820245136182,8,0.0,0.0,0.0,False
100000002692044100,terminal,0.658986,7,0.510231,"Видимый вход от 1 узлов (97,000 KZT), выхода нет; depth=1<4.",1,False,1,0,97000.0,0.0,1,0,0.00030166693443527224,1,0.0,0.0,0.0,False
100000002692750100,peripheral,0.35,32,0.821619,"Недостаточно ролевых признаков: входящих 3, исходящих 1, depth=2.",2,False,3,1,112830.0,77000.0,3,8,0.0020142415855482925,7,0.682442612780289,27000.0,0.35064935064935066,False
100000002695812100,peripheral,0.2,16,0.2252,"depth=4: обход обрывается; видимый вход от 1 узлов, исходящие неизвестны.",4,False,1,0,95000.0,0.0,1,0,0.0003211305504711181,7,0.0,0.0,0.0,True
100000002696152100,peripheral,0.35,39,0.794929,"Недостаточно ролевых признаков: входящих 1, исходящих 2, depth=3.",3,False,1,2,21800.0,69000.0,3,8,0.0012050605596790795,8,3.165137614678899,21800.0,1.0,False
100000002697752100,terminal,0.711566,0,0.861655,"Видимый вход от 2 узлов (190,785 KZT), выхода нет; depth=3<4.",3,False,2,0,190785.0,0.0,2,0,0.000329580043041525,7,0.0,0.0,0.0,False
100000002700161100,peripheral,0.2,2,0.302269,"depth=4: обход обрывается; видимый вход от 1 узлов, исходящие неизвестны.",4,False,1,0,39000.0,0.0,1,0,0.000902664307815214,10,0.0,0.0,0.0,True
100000002702968100,peripheral,0.2,16,0.095752,"depth=4: обход обрывается; видимый вход от 1 узлов, исходящие неизвестны.",4,False,1,0,31600.0,0.0,1,0,0.00029739809103435295,7,0.0,0.0,0.0,True
100000002703376100,terminal,0.590391,22,0.441281,"Видимый вход от 1 узлов (46,501 KZT), выхода нет; depth=2<4.",2,False,1,0,46501.0,0.0,1,0,0.0002928030278827949,7,0.0,0.0,0.0,False
100000002704875100,consolidator,0.88145,0,0.90258,"Получает от 3 плательщиков, видимый вход 244,891 KZT; depth=1.",1,False,3,0,244891.0,0.0,4,0,0.0003150737954997622,7,0.0,0.0,0.0,False
100000002705460100,terminal,0.657829,5,0.695952,"Видимый вход от 1 узлов (95,000 KZT), выхода нет; depth=3<4.",3,False,1,0,95000.0,0.0,1,0,0.0005577272422551425,7,0.0,0.0,0.0,False
100000002706810100,peripheral,0.2,19,0.06806,"depth=4: обход обрывается; видимый вход от 1 узлов, исходящие неизвестны.",4,False,1,0,45000.0,0.0,1,0,0.00030965102695793245,1,0.0,0.0,0.0,True
100000002707106100,peripheral,0.2,16,0.018683,"depth=4: обход обрывается; видимый вход от 1 узлов, исходящие неизвестны.",4,False,1,0,15000.0,0.0,2,0,0.00028660633942148453,7,0.0,0.0,0.0,True
100000002708624100,terminal,0.53016,11,0.40347,"Видимый вход от 1 узлов (25,000 KZT), выхода нет; depth=3<4.",3,False,1,0,25000.0,0.0,1,0,0.0003287361266530872,7,0.0,0.0,0.0,False
100000002710570100,terminal,0.724377,29,0.793149,"Видимый вход от 1 узлов (225,015 KZT), выхода нет; depth=2<4.",2,False,1,0,225015.0,0.0,1,0,0.0005391306175502192,7,0.0,0.0,0.0,False
100000002712416100,terminal,0.676512,28,0.857651,"Видимый вход от 2 узлов (116,800 KZT), выхода нет; depth=3<4.",3,False,2,0,116800.0,0.0,2,0,0.0003026575194807794,9,0.0,0.0,0.0,False
100000002713074100,peripheral,0.35,22,0.834964,"Недостаточно ролевых признаков: входящих 2, исходящих 1, depth=3.",3,False,2,1,700000.0,430000.0,2,2,0.0004336098166177588,7,0.6142857142857143,430000.0,1.0,False
100000002713974100,peripheral,0.2,13,0.177491,"depth=4: обход обрывается; видимый вход от 1 узлов, исходящие неизвестны.",4,False,1,0,50000.0,0.0,1,0,0.0003299501883700866,7,0.0,0.0,0.0,True
100000002718366100,consolidator,0.991882,28,0.996441,"Получает от 6 плательщиков, видимый вход 2,525,000 KZT; depth=2.",2,False,6,0,2525000.0,0.0,10,0,0.0006811994866182274,9,0.0,0.0,0.0,False
100000002720627100,terminal,0.714947,2,0.77669,"Видимый вход от 1 узлов (199,300 KZT), выхода нет; depth=1<4.",1,False,1,0,199300.0,0.0,1,0,0.0003157971602163407,8,0.0,0.0,0.0,False
100000002721825100,terminal,0.454893,4,0.325623,"Видимый вход от 1 узлов (11,000 KZT), выхода нет; depth=2<4.",2,False,1,0,11000.0,0.0,1,0,0.0005314143750831572,7,0.0,0.0,0.0,False
100000002722108100,terminal,0.785943,19,0.782028,"Видимый вход от 1 узлов (800,000 KZT), выхода нет; depth=3<4.",3,False,1,0,800000.0,0.0,2,0,0.0003236747727313084,2,0.0,0.0,0.0,False
100000002723439100,peripheral,0.2,39,0.19117,"depth=4: обход обрывается; видимый вход от 1 узлов, исходящие неизвестны.",4,False,1,0,18000.0,0.0,2,0,0.0005526233540248626,8,0.0,0.0,0.0,True
100000002723538100,distributor,0.95863,0,0.941281,"Отправляет 12 получателям, видимый выход 560,499 KZT; depth=2.",2,False,3,12,105647.0,560499.0,3,14,0.00032031316061285913,7,5.305394379395534,105647.0,1.0,False
100000002723674100,peripheral,0.2,25,0.127113,"depth=4: обход обрывается; видимый вход от 1 узлов, исходящие неизвестны.",4,False,1,0,30000.0,0.0,1,0,0.00032717446121334796,7,0.0,0.0,0.0,True
100000002726055100,peripheral,0.2,25,0.054716,"depth=4: обход обрывается; видимый вход от 1 узлов, исходящие неизвестны.",4,False,1,0,10000.0,0.0,1,0,0.00034001485733930537,7,0.0,0.0,0.0,True
100000002727288100,terminal,0.481406,5,0.336299,"Видимый вход от 1 узлов (16,000 KZT), выхода нет; depth=3<4.",3,False,1,0,16000.0,0.0,1,0,0.0003661692337362445,7,0.0,0.0,0.0,False
100000002728246100,peripheral,0.2,9,0.094418,"depth=4: обход обрывается; видимый вход от 1 узлов, исходящие неизвестны.",4,False,1,0,10000.0,0.0,1,0,0.0005386393313923868,7,0.0,0.0,0.0,True
100000002729875100,peripheral,0.2,16,0.193505,"depth=4: обход обрывается; видимый вход от 1 узлов, исходящие неизвестны.",4,False,1,0,76000.0,0.0,1,0,0.0003140182992203525,7,0.0,0.0,0.0,True
100000002731501100,consolidator,0.939057,27,0.93105,"Получает от 3 плательщиков, видимый вход 570,370 KZT; depth=1.",1,False,3,7,570370.0,833960.0,7,20,0.0004855839777590116,1,1.4621386117783193,210370.0,0.3688307589810123,False
100000002733083100,peripheral,0.2,16,0.030694,"depth=4: обход обрывается; видимый вход от 1 узлов, исходящие неизвестны.",4,False,1,0,15200.0,0.0,1,0,0.00029125909521790267,7,0.0,0.0,0.0,True
100000002733905100,peripheral,0.35,24,0.831851,"Недостаточно ролевых признаков: входящих 3, исходящих 2, depth=2.",2,False,3,2,100000.0,717839.0,5,3,0.0029169603294352192,1,7.17839,75000.0,0.75,False
100000002734815100,peripheral,0.2,28,0.282918,"depth=4: обход обрывается; видимый вход от 1 узлов, исходящие неизвестны.",4,False,1,0,110000.0,0.0,1,0,0.0003121958768764161,8,0.0,0.0,0.0,True
100000002736033100,peripheral,0.35,22,0.462189,"Недостаточно ролевых признаков: входящих 1, исходящих 1, depth=3.",3,False,1,1,34530.0,11000.0,1,1,0.0002951801714040782,7,0.3185635679119606,11000.0,1.0,False
100000002736316100,consolidator,0.888345,4,0.912367,"Получает от 3 плательщиков, видимый вход 266,921 KZT; depth=3.",3,False,3,0,266921.0,0.0,3,0,0.0003838232724141563,7,0.0,0.0,0.0,False
100000002737980100,terminal,0.56032,5,0.395018,"Видимый вход от 1 узлов (32,900 KZT), выхода нет; depth=3<4.",3,False,1,0,32900.0,0.0,1,0,0.0002954238816602796,7,0.0,0.0,0.0,False
100000002738256100,transit,0.726063,41,0.864324,"Вход 150,200, выход 175,000 KZT; выход/вход=1.17; после видимого входа в более поздние дни ушло до 150,200 KZT.",2,False,1,1,150200.0,175000.0,1,1,0.0005073102992973024,1,1.1651131824234353,150200.0,1.0,False
100000002741024100,coordinator,0.999288,4,0.987544,"Структурный узел: 5 входящих, 6 исходящих связей; достижим от 7 seed.",2,False,5,6,817980.85,434989.0,9,7,0.002855186532890205,7,0.5317838431058625,317980.85,0.7310089450537829,False
100000002742067100,terminal,0.461922,5,0.172598,"Видимый вход от 1 узлов (12,730 KZT), выхода нет; depth=2<4.",2,False,1,0,12730.0,0.0,1,0,0.0002896192281984576,7,0.0,0.0,0.0,False
100000002744581100,terminal,0.457829,1,0.16548,"Видимый вход от 1 узлов (12,000 KZT), выхода нет; depth=2<4.",2,False,1,0,12000.0,0.0,1,0,0.000324957711378837,1,0.0,0.0,0.0,False
100000002748040100,peripheral,0.2,16,0.037366,"depth=4: обход обрывается; видимый вход от 1 узлов, исходящие неизвестны.",4,False,1,0,18000.0,0.0,1,0,0.0002923072164548576,7,0.0,0.0,0.0,True
100000002748180100,distributor,0.956628,19,0.881228,"Отправляет 8 получателям, видимый выход 679,743 KZT; depth=1.",1,False,1,8,9900.0,679743.0,1,9,0.0002872122492498471,1,68.66090909090909,9900.0,1.0,False
100000002748511100,peripheral,0.2,5,0.145462,"depth=4: обход обрывается; видимый вход от 1 узлов, исходящие неизвестны.",4,False,1,0,20000.0,0.0,1,0,0.0005674892808776459,7,0.0,0.0,0.0,True
100000002748532100,consolidator,0.908808,28,0.965747,"Получает от 3 плательщиков, видимый вход 355,575 KZT; depth=2.",2,False,3,2,355575.0,646685.0,3,7,0.00033910551994433967,9,1.8187021022287844,180975.0,0.5089643535119173,False
100000002748581100,terminal,0.580249,16,0.442171,"Видимый вход от 1 узлов (41,180 KZT), выхода нет; depth=3<4.",3,False,1,0,41180.0,0.0,1,0,0.0002972088887992536,7,0.0,0.0,0.0,False
100000002748761100,terminal,0.785765,19,0.781139,"Видимый вход от 1 узлов (796,800 KZT), выхода нет; depth=3<4.",3,False,1,0,796800.0,0.0,3,0,0.00032352235081725233,2,0.0,0.0,0.0,False
100000002750332100,terminal,0.45605,1,0.051157,"Видимый вход от 1 узлов (11,360 KZT), выхода нет; depth=1<4.",1,False,1,0,11360.0,0.0,1,0,0.00028678928253129504,1,0.0,0.0,0.0,False
100000002750956100,terminal,0.59395,4,0.45952,"Видимый вход от 1 узлов (47,416 KZT), выхода нет; depth=1<4.",1,False,1,0,47416.0,0.0,1,0,0.0002944670215148041,7,0.0,0.0,0.0,False
100000002752565100,peripheral,0.2,0,0.193172,"depth=4: обход обрывается; видимый вход от 1 узлов, исходящие неизвестны.",4,False,1,0,57000.0,0.0,1,0,0.00033823599365261504,7,0.0,0.0,0.0,True
100000002753146100,terminal,0.786121,19,0.784253,"Видимый вход от 1 узлов (803,540 KZT), выхода нет; depth=3<4.",3,False,1,0,803540.0,0.0,3,0,0.0003238433894737329,2,0.0,0.0,0.0,False
100000002755292100,terminal,0.719395,9,0.655249,"Видимый вход от 1 узлов (203,400 KZT), выхода нет; depth=3<4.",3,False,1,0,203400.0,0.0,1,0,0.0002921613202239587,7,0.0,0.0,0.0,False
100000002757240100,terminal,0.607829,4,0.613879,"Видимый вход от 1 узлов (51,183 KZT), выхода нет; depth=2<4.",2,False,1,0,51183.0,0.0,1,0,0.00031684650947480335,9,0.0,0.0,0.0,False
100000002757791100,terminal,0.635498,32,0.481762,"Видимый вход от 1 узлов (73,050 KZT), выхода нет; depth=3<4.",3,False,1,0,73050.0,0.0,1,0,0.00031103855807725284,1,0.0,0.0,0.0,False
100000002757797100,terminal,0.663523,7,0.520463,"Видимый вход от 1 узлов (100,000 KZT), выхода нет; depth=1<4.",1,False,1,0,100000.0,0.0,1,0,0.0003021647995966532,1,0.0,0.0,0.0,False
100000002760175100,terminal,0.709964,2,0.766014,"Видимый вход от 1 узлов (187,410 KZT), выхода нет; depth=1<4.",1,False,1,0,187410.0,0.0,1,0,0.00031399380182833917,8,0.0,0.0,0.0,False
100000002762076100,peripheral,0.35,1,0.590747,"Недостаточно ролевых признаков: входящих 2, исходящих 1, depth=1.",1,False,2,1,140350.0,30000.0,2,1,0.00029914566971164466,2,0.21375133594584966,0.0,0.0,False
100000002769809100,terminal,0.675445,34,0.683274,"Видимый вход от 1 узлов (113,422 KZT), выхода нет; depth=3<4.",3,False,1,0,113422.0,0.0,1,0,0.0003777442594632966,7,0.0,0.0,0.0,False
100000002773323100,peripheral,0.35,28,0.859431,"Недостаточно ролевых признаков: входящих 2, исходящих 1, depth=3.",3,False,2,1,285000.0,1171644.0,2,2,0.0003254977886002247,8,4.111031578947369,285000.0,1.0,False
100000002774456100,terminal,0.605872,2,0.54137,"Видимый вход от 1 узлов (50,363 KZT), выхода нет; depth=1<4.",1,False,1,0,50363.0,0.0,1,0,0.00029320785927153096,8,0.0,0.0,0.0,False
100000002778085100,terminal,0.628292,5,0.515569,"Видимый вход от 1 узлов (66,208 KZT), выхода нет; depth=1<4.",1,False,1,0,66208.0,0.0,1,0,0.0002926878495051828,7,0.0,0.0,0.0,False
100000002779485100,terminal,0.65347,13,0.685943,"Видимый вход от 1 узлов (91,000 KZT), выхода нет; depth=2<4.",2,False,1,0,91000.0,0.0,2,0,0.0005469132844919454,7,0.0,0.0,0.0,False
100000002781227100,transit,0.811037,28,0.921263,"Вход 191,168, выход 212,420 KZT; выход/вход=1.11; после видимого входа в более поздние дни ушло до 186,168 KZT.",1,False,2,3,191167.62,212420.0,8,10,0.0023265921896669477,1,1.1111714421092862,186167.62,0.9738449429877298,False
100000002784085100,terminal,0.716815,1,0.604982,"Видимый вход от 1 узлов (200,000 KZT), выхода нет; depth=1<4.",1,False,1,0,200000.0,0.0,1,0,0.0003070479617173757,1,0.0,0.0,0.0,False
100000002791494100,peripheral,0.2,16,0.208519,"depth=4: обход обрывается; видимый вход от 1 узлов, исходящие неизвестны.",4,False,1,0,85860.0,0.0,1,0,0.00031770918329048663,7,0.0,0.0,0.0,True
100000002793851100,terminal,0.455516,5,0.137456,"Видимый вход от 1 узлов (11,052 KZT), выхода нет; depth=1<4.",1,False,1,0,11052.0,0.0,1,0,0.0002867575837448668,7,0.0,0.0,0.0,False
100000002793881100,consolidator,0.949511,28,0.954181,"Получает от 3 плательщиков, видимый вход 785,600 KZT; depth=3.",3,False,3,0,785600.0,0.0,3,0,0.0003750831470797373,9,0.0,0.0,0.0,False
100000002794197100,terminal,0.554626,1,0.218861,"Видимый вход от 1 узлов (30,100 KZT), выхода нет; depth=1<4.",1,False,1,0,30100.0,0.0,1,0,0.00028729529560368917,1,0.0,0.0,0.0,False
100000002794374100,peripheral,0.2,28,0.327958,"depth=4: обход обрывается; видимый вход от 1 узлов, исходящие неизвестны.",4,False,1,0,111000.0,0.0,1,0,0.0003637625168388316,9,0.0,0.0,0.0,True
100000002796853100,peripheral,0.35,28,0.682384,"Недостаточно ролевых признаков: входящих 1, исходящих 1, depth=2.",2,False,1,1,199000.0,46167.62,8,5,0.0021135984327106993,1,0.23199809045226133,26167.62,0.5667959491955616,False
100000002799941100,terminal,0.778915,34,0.841637,"Видимый вход от 1 узлов (600,000 KZT), выхода нет; depth=3<4.",3,False,1,0,600000.0,0.0,1,0,0.0003881784929365055,7,0.0,0.0,0.0,False
100000002807334100,terminal,0.613879,9,0.436388,"Видимый вход от 1 узлов (54,715 KZT), выхода нет; depth=3<4.",3,False,1,0,54715.0,0.0,1,0,0.00028734256217675366,7,0.0,0.0,0.0,False
100000002809568100,terminal,0.445907,4,0.124778,"Видимый вход от 1 узлов (10,000 KZT), выхода нет; depth=1<4.",1,False,1,0,10000.0,0.0,1,0,0.0002874458184490925,7,0.0,0.0,0.0,False
100000002809896100,terminal,0.572331,16,0.439502,"Видимый вход от 1 узлов (38,000 KZT), выхода нет; depth=3<4.",3,False,1,0,38000.0,0.0,1,0,0.0002997274196422272,7,0.0,0.0,0.0,False
100000002810870100,terminal,0.561388,24,0.27847,"Видимый вход от 1 узлов (33,677 KZT), выхода нет; depth=1<4.",1,False,1,0,33677.0,0.0,1,0,0.00029263770204239595,1,0.0,0.0,0.0,False
100000002812641100,peripheral,0.35,1,0.572064,"Недостаточно ролевых признаков: входящих 1, исходящих 1, depth=2.",2,False,1,1,10000.0,7023.95,1,1,0.002063853851346023,8,0.702395,7023.95,1.0,False
100000002815005100,terminal,0.767438,28,0.850979,"Видимый вход от 1 узлов (476,500 KZT), выхода нет; depth=3<4.",3,False,1,0,476500.0,0.0,1,0,0.00031901272651967474,8,0.0,0.0,0.0,False
100000002818726100,terminal,0.45427,4,0.157918,"Видимый вход от 1 узлов (10,879 KZT), выхода нет; depth=3<4.",3,False,1,0,10879.0,0.0,1,0,0.0002895964508153975,7,0.0,0.0,0.0,False
100000002820010100,terminal,0.551068,32,0.250222,"Видимый вход от 1 узлов (30,000 KZT), выхода нет; depth=2<4.",2,False,1,0,30000.0,0.0,1,0,0.0002912552172830988,1,0.0,0.0,0.0,False
100000002821425100,terminal,0.737811,19,0.654359,"Видимый вход от 1 узлов (275,000 KZT), выхода нет; depth=3<4.",3,False,1,0,275000.0,0.0,1,0,0.00029866805245648396,2,0.0,0.0,0.0,False
100000002822472100,terminal,0.735765,19,0.899021,"Видимый вход от 2 узлов (266,722 KZT), выхода нет; depth=3<4.",3,False,2,0,266722.0,0.0,2,0,0.00031223557685989894,8,0.0,0.0,0.0,False
100000002824176100,terminal,0.690925,32,0.629448,"Видимый вход от 1 узлов (144,000 KZT), выхода нет; depth=1<4.",1,False,1,0,144000.0,0.0,1,0,0.0003385981575005855,2,0.0,0.0,0.0,False
100000002826669100,terminal,0.697865,0,0.73621,"Видимый вход от 1 узлов (159,900 KZT), выхода нет; depth=2<4.",2,False,1,0,159900.0,0.0,4,0,0.0004762394546257387,7,0.0,0.0,0.0,False
100000002830055100,terminal,0.467171,24,0.073621,"Видимый вход от 1 узлов (14,000 KZT), выхода нет; depth=1<4.",1,False,1,0,14000.0,0.0,1,0,0.0002885077302285584,1,0.0,0.0,0.0,False
100000002831727100,peripheral,0.35,34,0.49911,"Недостаточно ролевых признаков: входящих 1, исходящих 1, depth=2.",2,False,1,1,6000.0,77000.0,1,3,0.0002907462180152874,7,12.833333333333334,6000.0,1.0,False
100000002832753100,peripheral,0.2,3,0.121775,"depth=4: обход обрывается; видимый вход от 1 узлов, исходящие неизвестны.",4,False,1,0,12500.0,0.0,1,0,0.0007555331214190848,7,0.0,0.0,0.0,True
100000002835874100,peripheral,0.2,28,0.188501,"depth=4: обход обрывается; видимый вход от 1 узлов, исходящие неизвестны.",4,False,1,0,58700.0,0.0,1,0,0.00029329173220691814,8,0.0,0.0,0.0,True
100000002836052100,terminal,0.473488,2,0.384786,"Видимый вход от 1 узлов (15,000 KZT), выхода нет; depth=2<4.",2,False,1,0,15000.0,0.0,1,0,0.0003056660501463517,11,0.0,0.0,0.0,False
100000002836736100,terminal,0.772242,32,0.897687,"Видимый вход от 2 узлов (509,000 KZT), выхода нет; depth=1<4.",1,False,2,0,509000.0,0.0,2,0,0.0004517900546889046,3,0.0,0.0,0.0,False
100000002838519100,terminal,0.590925,16,0.468861,"Видимый вход от 1 узлов (46,900 KZT), выхода нет; depth=3<4.",3,False,1,0,46900.0,0.0,1,0,0.0002988256561865491,7,0.0,0.0,0.0,False
100000002838861100,consolidator,0.960187,1,0.986655,"Получает от 5 плательщиков, видимый вход 554,524 KZT; depth=1.",1,False,5,1,554523.95,10000.0,5,1,0.0021199186472606823,8,0.018033486200190272,10000.0,1.0,False
100000002842321100,terminal,0.698577,9,0.609875,"Видимый вход от 1 узлов (160,000 KZT), выхода нет; depth=3<4.",3,False,1,0,160000.0,0.0,1,0,0.00029075476206914347,7,0.0,0.0,0.0,False
100000002842337100,terminal,0.601957,1,0.465302,"Видимый вход от 1 узлов (50,000 KZT), выхода нет; depth=2<4.",2,False,1,0,50000.0,0.0,1,0,0.0003666617032550862,1,0.0,0.0,0.0,False
100000002844652100,terminal,0.622776,1,0.370107,"Видимый вход от 1 узлов (61,360 KZT), выхода нет; depth=1<4.",1,False,1,0,61360.0,0.0,1,0,0.000289087813987039,1,0.0,0.0,0.0,False
100000002844897100,terminal,0.453915,1,0.050267,"Видимый вход от 1 узлов (10,800 KZT), выхода нет; depth=1<4.",1,False,1,0,10800.0,0.0,1,0,0.0002867291422622948,1,0.0,0.0,0.0,False
100000002845605100,terminal,0.618327,4,0.517349,"Видимый вход от 1 узлов (57,567 KZT), выхода нет; depth=1<4.",1,False,1,0,57567.0,0.0,1,0,0.0002963718812625067,7,0.0,0.0,0.0,False
100000002847207100,terminal,0.589502,2,0.546708,"Видимый вход от 1 узлов (46,243 KZT), выхода нет; depth=1<4.",1,False,1,0,46243.0,0.0,1,0,0.00029482882762375313,10,0.0,0.0,0.0,False
100000002849158100,consolidator,0.947064,28,0.969751,"Получает от 3 плательщиков, видимый вход 723,000 KZT; depth=3.",3,False,3,1,723000.0,1313000.0,3,3,0.0003362455684917419,9,1.8160442600276625,0.0,0.0,False
100000002852402100,terminal,0.614947,5,0.55694,"Видимый вход от 1 узлов (55,000 KZT), выхода нет; depth=2<4.",2,False,1,0,55000.0,0.0,1,0,0.00032701738322827813,7,0.0,0.0,0.0,False
100000002858835100,terminal,0.526157,24,0.195285,"Видимый вход от 1 узлов (24,400 KZT), выхода нет; depth=1<4.",1,False,1,0,24400.0,0.0,1,0,0.0002906905684083577,1,0.0,0.0,0.0,False
100000002860934100,peripheral,0.2,14,0.362656,"depth=4: обход обрывается; видимый вход от 1 узлов, исходящие неизвестны.",4,False,1,0,279500.0,0.0,4,0,0.0005814420132554198,7,0.0,0.0,0.0,True
100000002861485100,terminal,0.546975,5,0.322064,"Видимый вход от 1 узлов (29,323 KZT), выхода нет; depth=1<4.",1,False,1,0,29323.0,0.0,1,0,0.00028872204610085224,7,0.0,0.0,0.0,False
100000002862113100,terminal,0.593772,16,0.477313,"Видимый вход от 1 узлов (47,405 KZT), выхода нет; depth=3<4.",3,False,1,0,47405.0,0.0,2,0,0.0002989683952653226,7,0.0,0.0,0.0,False
100000002863356100,peripheral,0.35,24,0.423043,"Недостаточно ролевых признаков: входящих 1, исходящих 1, depth=2.",2,False,1,1,45000.0,20000.0,1,1,0.00030085297319428395,1,0.4444444444444444,0.0,0.0,False
100000002864256100,terminal,0.685053,2,0.750445,"Видимый вход от 1 узлов (135,780 KZT), выхода нет; depth=1<4.",1,False,1,0,135780.0,0.0,1,0,0.00031275739719351445,10,0.0,0.0,0.0,False
100000002864680100,terminal,0.616548,7,0.400801,"Видимый вход от 1 узлов (55,932 KZT), выхода нет; depth=1<4.",1,False,1,0,55932.0,0.0,1,0,0.0002948514922860755,1,0.0,0.0,0.0,False
100000002870463100,consolidator,0.867883,32,0.928381,"Получает от 3 плательщиков, видимый вход 207,000 KZT; depth=2.",2,False,3,1,207000.0,10000.0,4,1,0.0019299755548282795,7,0.04830917874396135,10000.0,1.0,False
100000002870937100,terminal,0.646085,1,0.421708,"Видимый вход от 1 узлов (83,700 KZT), выхода нет; depth=1<4.",1,False,1,0,83700.0,0.0,1,0,0.0002903688396007318,1,0.0,0.0,0.0,False
100000002871199100,terminal,0.518327,16,0.296708,"Видимый вход от 1 узлов (23,186 KZT), выхода нет; depth=3<4.",3,False,1,0,23186.0,0.0,1,0,0.00029212285516865986,7,0.0,0.0,0.0,False
100000002872399100,terminal,0.790747,1,0.829626,"Видимый вход от 1 узлов (1,090,000 KZT), выхода нет; depth=3<4.",3,False,1,0,1090000.0,0.0,9,0,0.0007057669186571349,1,0.0,0.0,0.0,False
100000002876914100,peripheral,0.2,19,0.01201,"depth=4: обход обрывается; видимый вход от 1 узлов, исходящие неизвестны.",4,False,1,0,12000.0,0.0,1,0,0.00029199108961479477,1,0.0,0.0,0.0,True
100000002877262100,terminal,0.663523,28,0.662811,"Видимый вход от 1 узлов (100,000 KZT), выхода нет; depth=3<4.",3,False,1,0,100000.0,0.0,1,0,0.0002999177628608638,8,0.0,0.0,0.0,False
100000002878467100,terminal,0.716815,28,0.883007,"Видимый вход от 2 узлов (200,000 KZT), выхода нет; depth=3<4.",3,False,2,0,200000.0,0.0,2,0,0.0003144036421217601,8,0.0,0.0,0.0,False
100000002878483100,peripheral,0.2,19,0.008507,"depth=4: обход обрывается; видимый вход от 1 узлов, исходящие неизвестны.",4,False,1,0,6000.0,0.0,1,0,0.0002887801919160425,1,0.0,0.0,0.0,True
100000002881669100,terminal,0.495819,7,0.127002,"Видимый вход от 1 узлов (18,600 KZT), выхода нет; depth=1<4.",1,False,1,0,18600.0,0.0,1,0,0.0002886560582178517,1,0.0,0.0,0.0,False
100000002883402100,consolidator,0.897687,28,0.917705,"Получает от 3 плательщиков, видимый вход 300,000 KZT; depth=3.",3,False,3,0,300000.0,0.0,3,0,0.00030065707174589147,10,0.0,0.0,0.0,False
100000002884708100,peripheral,0.2,28,0.468917,"depth=4: обход обрывается; видимый вход от 1 узлов, исходящие неизвестны.",4,False,1,0,1171644.0,0.0,2,0,0.0005625754563953251,8,0.0,0.0,0.0,True
100000002886166100,terminal,0.709164,27,0.619662,"Видимый вход от 1 узлов (185,000 KZT), выхода нет; depth=3<4.",3,False,1,0,185000.0,0.0,3,0,0.00032459115017370436,1,0.0,0.0,0.0,False
100000002890167100,terminal,0.676868,5,0.61032,"Видимый вход от 1 узлов (118,150 KZT), выхода нет; depth=1<4.",1,False,1,0,118150.0,0.0,1,0,0.0002982725522414642,7,0.0,0.0,0.0,False
100000002891765100,terminal,0.616192,16,0.528025,"Видимый вход от 1 узлов (55,576 KZT), выхода нет; depth=3<4.",3,False,1,0,55576.0,0.0,1,0,0.0003012779418250415,7,0.0,0.0,0.0,False
100000002893020100,terminal,0.495552,16,0.25645,"Видимый вход от 1 узлов (18,340 KZT), выхода нет; depth=3<4.",3,False,1,0,18340.0,0.0,1,0,0.00029240245264606243,7,0.0,0.0,0.0,False
100000002894076100,consolidator,0.97431,1,0.975534,"Получает от 4 плательщиков, видимый вход 1,122,782 KZT; depth=1.",1,False,4,0,1122782.0,0.0,6,0,0.00038267994337591447,10,0.0,0.0,0.0,False
100000002896506100,peripheral,0.2,25,0.148466,"depth=4: обход обрывается; видимый вход от 1 узлов, исходящие неизвестны.",4,False,1,0,45000.0,0.0,1,0,0.00031362964480833634,7,0.0,0.0,0.0,True
100000002901457100,peripheral,0.35,0,0.81895,"Недостаточно ролевых признаков: входящих 1, исходящих 3, depth=3.",3,False,1,3,340000.0,119000.0,1,3,0.0003742656113270814,7,0.35,41000.0,0.3445378151260504,False
100000002904919100,peripheral,0.35,0,0.480649,"Недостаточно ролевых признаков: входящих 1, исходящих 1, depth=3.",3,False,1,1,60325.0,5500.0,1,1,0.00029091905114297234,7,0.09117281392457521,0.0,0.0,False
100000002906470100,terminal,0.682562,34,0.645018,"Видимый вход от 1 узлов (130,000 KZT), выхода нет; depth=3<4.",3,False,1,0,130000.0,0.0,1,0,0.0003078012872731202,7,0.0,0.0,0.0,False
100000002908521100,terminal,0.584786,17,0.324956,"Видимый вход от 1 узлов (44,500 KZT), выхода нет; depth=3<4.",3,False,1,0,44500.0,0.0,1,0,0.0002925147553909273,1,0.0,0.0,0.0,False
100000002911170100,terminal,0.743772,26,0.765125,"Видимый вход от 1 узлов (300,000 KZT), выхода нет; depth=2<4.",2,False,1,0,300000.0,0.0,2,0,0.00032304938435235924,7,0.0,0.0,0.0,False
100000002913340100,terminal,0.520907,17,0.173265,"Видимый вход от 1 узлов (23,600 KZT), выхода нет; depth=3<4.",3,False,1,0,23600.0,0.0,1,0,0.0002892527298060056,1,0.0,0.0,0.0,False
100000002914245100,terminal,0.688968,25,0.533363,"Видимый вход от 1 узлов (140,611 KZT), выхода нет; depth=3<4.",3,False,1,0,140611.0,0.0,1,0,0.00029558398554383933,1,0.0,0.0,0.0,False
100000002916006100,peripheral,0.35,35,0.065391,"Недостаточно ролевых признаков: входящих 0, исходящих 1, depth=0.",0,True,0,1,0.0,32000.0,0,1,0.0002855692942172902,1,,0.0,0.0,False
100000002921047100,peripheral,0.35,1,0.840747,"Недостаточно ролевых признаков: входящих 2, исходящих 1, depth=1.",1,False,2,1,338000.0,163000.02,2,1,0.00031704809387447764,9,0.48224857988165676,163000.02,1.0,False
100000002922000100,peripheral,0.2,36,0.367994,"depth=4: обход обрывается; видимый вход от 1 узлов, исходящие неизвестны.",4,False,1,0,448000.0,0.0,1,0,0.0004597224521428421,7,0.0,0.0,0.0,True
100000002926970100,terminal,0.647331,16,0.59653,"Видимый вход от 1 узлов (85,000 KZT), выхода нет; depth=3<4.",3,False,1,0,85000.0,0.0,1,0,0.0003172387852993861,7,0.0,0.0,0.0,False
100000002933386100,peripheral,0.35,4,0.644128,"Недостаточно ролевых признаков: входящих 1, исходящих 1, depth=3.",3,False,1,1,15000.0,58000.0,1,1,0.0006527823249129193,7,3.8666666666666667,0.0,0.0,False
100000002934441100,terminal,0.62242,4,0.705071,"Видимый вход от 2 узлов (60,846 KZT), выхода нет; depth=1<4.",1,False,2,0,60845.6,0.0,2,0,0.00030248130107500483,7,0.0,0.0,0.0,False
100000002936322100,terminal,0.785409,25,0.913701,"Видимый вход от 2 узлов (787,133 KZT), выхода нет; depth=3<4.",3,False,2,0,787133.0,0.0,2,0,0.00036638128696323056,7,0.0,0.0,0.0,False
100000002938501100,peripheral,0.35,5,0.248665,"Недостаточно ролевых признаков: входящих 1, исходящих 1, depth=1.",1,False,1,1,8395.0,5000.0,1,1,0.00028647190827664644,7,0.5955926146515783,0.0,0.0,False
100000002939838100,consolidator,0.939279,25,0.957295,"Получает от 3 плательщиков, видимый вход 571,233 KZT; depth=1.",1,False,3,0,571233.0,0.0,3,0,0.0004000333621032969,10,0.0,0.0,0.0,False
100000002941114100,peripheral,0.35,2,0.828292,"Недостаточно ролевых признаков: входящих 2, исходящих 1, depth=1.",1,False,2,1,128510.0,15000.0,15,1,0.0018146321453408225,8,0.11672243405182477,15000.0,1.0,False
100000002943472100,terminal,0.703648,28,0.75089,"Видимый вход от 1 узлов (170,000 KZT), выхода нет; depth=3<4.",3,False,1,0,170000.0,0.0,1,0,0.0003099616909113654,8,0.0,0.0,0.0,False
100000002945031100,terminal,0.473488,4,0.201957,"Видимый вход от 1 узлов (15,000 KZT), выхода нет; depth=3<4.",3,False,1,0,15000.0,0.0,1,0,0.0002911219506169233,7,0.0,0.0,0.0,False
100000002945626100,consolidator,0.939947,28,0.944395,"Получает от 3 плательщиков, видимый вход 584,000 KZT; depth=3.",3,False,3,0,584000.0,0.0,3,0,0.00033776443625034406,9,0.0,0.0,0.0,False
100000002947299100,terminal,0.647331,4,0.698843,"Видимый вход от 1 узлов (85,000 KZT), выхода нет; depth=2<4.",2,False,1,0,85000.0,0.0,1,0,0.0003375116050800497,9,0.0,0.0,0.0,False
100000002948492100,terminal,0.521352,16,0.303826,"Видимый вход от 1 узлов (23,660 KZT), выхода нет; depth=3<4.",3,False,1,0,23660.0,0.0,1,0,0.00029225683204655813,7,0.0,0.0,0.0,False
100000002951898100,terminal,0.575267,16,0.430605,"Видимый вход от 1 узлов (39,990 KZT), выхода нет; depth=3<4.",3,False,1,0,39990.0,0.0,1,0,0.00029687253334630224,7,0.0,0.0,0.0,False
100000002952631100,terminal,0.594484,5,0.434609,"Видимый вход от 1 узлов (48,050 KZT), выхода нет; depth=1<4.",1,False,1,0,48050.0,0.0,1,0,0.00029073553668924586,7,0.0,0.0,0.0,False
100000002952756100,terminal,0.591726,19,0.44573,"Видимый вход от 1 узлов (47,000 KZT), выхода нет; depth=3<4.",3,False,1,0,47000.0,0.0,1,0,0.0003677090010006233,1,0.0,0.0,0.0,False
100000002954780100,terminal,0.683986,28,0.681495,"Видимый вход от 1 узлов (133,400 KZT), выхода нет; depth=3<4.",3,False,1,0,133400.0,0.0,1,0,0.0002924420224811522,9,0.0,0.0,0.0,False
100000002956769100,consolidator,0.951957,28,0.95863,"Получает от 3 плательщиков, видимый вход 840,000 KZT; depth=3.",3,False,3,0,840000.0,0.0,3,0,0.00038478275617857913,9,0.0,0.0,0.0,False
100000002956779100,terminal,0.76032,25,0.73532,"Видимый вход от 1 узлов (411,000 KZT), выхода нет; depth=3<4.",3,False,1,0,411000.0,0.0,1,0,0.00040310724815078425,1,0.0,0.0,0.0,False
100000002956898100,terminal,0.741637,5,0.88879,"Видимый вход от 2 узлов (290,240 KZT), выхода нет; depth=2<4.",2,False,2,0,290240.0,0.0,2,0,0.0003768413148122,7,0.0,0.0,0.0,False
100000002957306100,terminal,0.758719,2,0.923932,"Видимый вход от 2 узлов (398,490 KZT), выхода нет; depth=1<4.",1,False,2,0,398490.0,0.0,2,0,0.0003551868796242696,11,0.0,0.0,0.0,False
100000002957787100,distributor,0.979871,4,0.980427,"Отправляет 34 получателям, видимый выход 1,276,154 KZT; depth=2.",2,False,4,34,84956.0,1276153.96,7,41,0.0006138323786231593,7,15.02135175855737,84956.0,1.0,False
100000002958139100,terminal,0.720285,28,0.756228,"Видимый вход от 1 узлов (209,500 KZT), выхода нет; depth=3<4.",3,False,1,0,209500.0,0.0,2,0,0.0003002731747363869,8,0.0,0.0,0.0,False
100000002958286100,terminal,0.734164,1,0.648577,"Видимый вход от 1 узлов (257,000 KZT), выхода нет; depth=1<4.",1,False,1,0,257000.0,0.0,1,0,0.00031316938195489997,1,0.0,0.0,0.0,False
100000002958343100,peripheral,0.35,1,0.814057,"Недостаточно ролевых признаков: входящих 1, исходящих 2, depth=2.",2,False,1,2,2900000.0,1390000.0,4,17,0.0006295066258876736,1,0.4793103448275862,1390000.0,1.0,False
100000002958345100,terminal,0.746263,19,0.671263,"Видимый вход от 1 узлов (307,000 KZT), выхода нет; depth=3<4.",3,False,1,0,307000.0,0.0,1,0,0.0003001922715970447,2,0.0,0.0,0.0,False
100000002963189100,peripheral,0.35,16,0.880783,"Недостаточно ролевых признаков: входящих 1, исходящих 7, depth=3.",3,False,1,7,490000.0,5219000.0,3,15,0.0004240685983737267,7,10.651020408163266,490000.0,1.0,False
100000002964966100,terminal,0.716815,20,0.815836,"Видимый вход от 1 узлов (200,000 KZT), выхода нет; depth=2<4.",2,False,1,0,200000.0,0.0,1,0,0.00039541593494282724,8,0.0,0.0,0.0,False
100000002968096100,peripheral,0.2,13,0.194173,"depth=4: обход обрывается; видимый вход от 1 узлов, исходящие неизвестны.",4,False,1,0,70000.0,0.0,1,0,0.00031948241143492313,7,0.0,0.0,0.0,True
100000002969048100,terminal,0.671174,32,0.536477,"Видимый вход от 1 узлов (108,470 KZT), выхода нет; depth=2<4.",2,False,1,0,108470.0,0.0,1,0,0.00030612769671556556,1,0.0,0.0,0.0,False
100000002970466100,peripheral,0.35,4,0.547153,"Недостаточно ролевых признаков: входящих 1, исходящих 2, depth=3.",3,False,1,2,23317.0,93000.0,1,3,0.0002868825068890655,7,3.9885062400823434,23317.0,1.0,False
100000002971593100,peripheral,0.2,9,0.212856,"depth=4: обход обрывается; видимый вход от 1 узлов, исходящие неизвестны.",4,False,1,0,49050.0,0.0,1,0,0.0005303801543957137,7,0.0,0.0,0.0,True
100000002973903100,terminal,0.654982,7,0.867883,"Видимый вход от 3 узлов (92,880 KZT), выхода нет; depth=1<4.",1,False,3,0,92880.0,0.0,3,0,0.00031686903979445224,8,0.0,0.0,0.0,False
100000002974256100,terminal,0.429893,7,0.182829,"Видимый вход от 1 узлов (7,200 KZT), выхода нет; depth=2<4.",2,False,1,0,7200.0,0.0,1,0,0.0005319059485796723,1,0.0,0.0,0.0,False
100000002975287100,terminal,0.473488,22,0.190169,"Видимый вход от 1 узлов (15,000 KZT), выхода нет; depth=3<4.",3,False,1,0,15000.0,0.0,1,0,0.0002891923195721382,7,0.0,0.0,0.0,False
100000002975437100,peripheral,0.35,29,0.785587,"Недостаточно ролевых признаков: входящих 1, исходящих 1, depth=3.",3,False,1,1,530000.0,8500.0,2,1,0.0005210057143091006,7,0.016037735849056604,0.0,0.0,False
100000002981489100,peripheral,0.2,9,0.017015,"depth=4: обход обрывается; видимый вход от 1 узлов, исходящие неизвестны.",4,False,1,0,10000.0,0.0,1,0,0.0002883312964836393,7,0.0,0.0,0.0,True
100000002981527100,terminal,0.702491,1,0.574288,"Видимый вход от 1 узлов (168,000 KZT), выхода нет; depth=1<4.",1,False,1,0,168000.0,0.0,1,0,0.000303611374917362,1,0.0,0.0,0.0,False
100000002982252100,terminal,0.509786,24,0.160142,"Видимый вход от 1 узлов (20,320 KZT), выхода нет; depth=1<4.",1,False,1,0,20320.0,0.0,1,0,0.00028983422419935953,1,0.0,0.0,0.0,False
100000002983426100,terminal,0.650178,16,0.606317,"Видимый вход от 1 узлов (88,945 KZT), выхода нет; depth=3<4.",3,False,1,0,88945.0,0.0,1,0,0.00031870862226784333,7,0.0,0.0,0.0,False
100000002983879100,terminal,0.718327,4,0.905249,"Видимый вход от 2 узлов (200,050 KZT), выхода нет; depth=2<4.",2,False,2,0,200050.0,0.0,2,0,0.0003580797764870854,9,0.0,0.0,0.0,False
100000002984403100,peripheral,0.35,11,0.52113,"Недостаточно ролевых признаков: входящих 1, исходящих 1, depth=3.",3,False,1,1,20000.0,25000.0,1,1,0.00032010276016592777,7,1.25,0.0,0.0,False
100000002986245100,peripheral,0.2,19,0.008007,"depth=4: обход обрывается; видимый вход от 1 узлов, исходящие неизвестны.",4,False,1,0,5750.0,0.0,1,0,0.0002886464045119278,1,0.0,0.0,0.0,True
100000002988894100,peripheral,0.35,2,0.863434,"Недостаточно ролевых признаков: входящих 1, исходящих 3, depth=1.",1,False,1,3,306121.0,77500.0,1,3,0.00034686587155699223,10,0.25316786499456095,0.0,0.0,False
100000002989353100,peripheral,0.35,19,0.716637,"Недостаточно ролевых признаков: входящих 1, исходящих 2, depth=3.",3,False,1,2,500000.0,321160.0,2,2,0.00030938521828855153,2,0.64232,200000.0,0.6227425582264292,False
100000002990675100,terminal,0.607651,9,0.420819,"Видимый вход от 1 узлов (51,143 KZT), выхода нет; depth=3<4.",3,False,1,0,51143.0,0.0,1,0,0.000287226796606961,7,0.0,0.0,0.0,False
100000002991079100,peripheral,0.35,5,0.717082,"Недостаточно ролевых признаков: входящих 2, исходящих 1, depth=1.",1,False,2,1,148900.0,11000.0,3,1,0.0003951739742726738,7,0.07387508394895903,0.0,0.0,False
100000002992171100,terminal,0.469573,24,0.075623,"Видимый вход от 1 узлов (14,627 KZT), выхода нет; depth=1<4.",1,False,1,0,14627.0,0.0,1,0,0.0002886393301842059,1,0.0,0.0,0.0,False
100000002994441100,peripheral,0.2,0,0.073065,"depth=4: обход обрывается; видимый вход от 1 узлов, исходящие неизвестны.",4,False,1,0,5000.0,0.0,1,0,0.0005532703163220659,7,0.0,0.0,0.0,True
100000002999140100,peripheral,0.2,7,0.01835,"depth=4: обход обрывается; видимый вход от 1 узлов, исходящие неизвестны.",4,False,1,0,10000.0,0.0,2,0,0.000289482604055757,7,0.0,0.0,0.0,True
100000003001138100,peripheral,0.2,14,0.120774,"depth=4: обход обрывается; видимый вход от 1 узлов, исходящие неизвестны.",4,False,1,0,30000.0,0.0,1,0,0.00031732665225358317,7,0.0,0.0,0.0,True
100000003001564100,peripheral,0.35,5,0.553826,"Недостаточно ролевых признаков: входящих 1, исходящих 1, depth=1.",1,False,1,1,23520.0,180000.0,1,1,0.00028809811883623705,7,7.653061224489796,23520.0,1.0,False
100000003001661100,peripheral,0.35,14,0.866103,"Недостаточно ролевых признаков: входящих 1, исходящих 5, depth=3.",3,False,1,5,110000.0,439500.0,1,8,0.0005464870342921854,7,3.9954545454545456,110000.0,1.0,False
100000003003821100,terminal,0.57669,2,0.626779,"Видимый вход от 1 узлов (40,000 KZT), выхода нет; depth=2<4.",2,False,1,0,40000.0,0.0,1,0,0.00043793729055400355,10,0.0,0.0,0.0,False
100000003004487100,consolidator,0.87044,29,0.927936,"Получает от 4 плательщиков, видимый вход 183,703 KZT; depth=1.",1,False,4,2,183702.8,265015.0,9,3,0.00035087248171634185,7,1.4426290726107605,148702.8,0.8094748691908887,False
100000003005167100,peripheral,0.2,19,0.009675,"depth=4: обход обрывается; видимый вход от 1 узлов, исходящие неизвестны.",4,False,1,0,7000.0,0.0,1,0,0.0002893153415325012,1,0.0,0.0,0.0,True
100000003006633100,terminal,0.445907,22,0.170596,"Видимый вход от 1 узлов (10,000 KZT), выхода нет; depth=3<4.",3,False,1,0,10000.0,0.0,1,0,0.00029319653666879086,7,0.0,0.0,0.0,False
100000003009900100,terminal,0.480605,16,0.227758,"Видимый вход от 1 узлов (15,998 KZT), выхода нет; depth=3<4.",3,False,1,0,15998.0,0.0,1,0,0.0002915298650211887,7,0.0,0.0,0.0,False
100000003010908100,peripheral,0.2,16,0.104426,"depth=4: обход обрывается; видимый вход от 1 узлов, исходящие неизвестны.",4,False,1,0,17000.0,0.0,1,0,0.0003994094269981735,7,0.0,0.0,0.0,True
100000003014659100,terminal,0.739146,2,0.822064,"Видимый вход от 1 узлов (280,000 KZT), выхода нет; depth=1<4.",1,False,1,0,280000.0,0.0,1,0,0.0003280369433880586,8,0.0,0.0,0.0,False
100000003016438100,peripheral,0.35,28,0.788701,"Недостаточно ролевых признаков: входящих 1, исходящих 1, depth=3.",3,False,1,1,200000.0,300000.0,1,3,0.0003166846999640835,8,1.5,0.0,0.0,False
100000003016635100,distributor,0.998665,5,0.995107,"Отправляет 73 получателям, видимый выход 9,414,081 KZT; depth=0.",0,True,8,73,586981.0,9414081.0,36,151,0.001189636334387764,7,16.038135817002594,530481.0,0.9037447549409606,False
100000003016773100,terminal,0.590747,28,0.581406,"Видимый вход от 1 узлов (46,555 KZT), выхода нет; depth=2<4.",2,False,1,0,46555.0,0.0,1,0,0.0003147956646990744,9,0.0,0.0,0.0,False
100000003022835100,terminal,0.68016,2,0.738879,"Видимый вход от 1 узлов (125,000 KZT), выхода нет; depth=1<4.",1,False,1,0,125000.0,0.0,1,0,0.0003105988484375585,10,0.0,0.0,0.0,False
100000003024542100,terminal,0.43452,2,0.328737,"Видимый вход от 1 узлов (8,500 KZT), выхода нет; depth=2<4.",2,False,1,0,8500.0,0.0,1,0,0.00031794749343884177,10,0.0,0.0,0.0,False
100000003025903100,peripheral,0.2,25,0.366659,"depth=4: обход обрывается; видимый вход от 1 узлов, исходящие неизвестны.",4,False,1,0,386300.0,0.0,6,0,0.0005264518149577599,7,0.0,0.0,0.0,True
100000003031003100,consolidator,0.892571,28,0.919039,"Получает от 3 плательщиков, видимый вход 280,090 KZT; depth=3.",3,False,3,0,280090.0,0.0,3,0,0.00031149881059583704,9,0.0,0.0,0.0,False
100000003031633100,terminal,0.760587,28,0.837856,"Видимый вход от 1 узлов (414,000 KZT), выхода нет; depth=3<4.",3,False,1,0,414000.0,0.0,2,0,0.0003146261273194669,8,0.0,0.0,0.0,False
100000003031761100,terminal,0.766548,25,0.70774,"Видимый вход от 1 узлов (460,408 KZT), выхода нет; depth=3<4.",3,False,1,0,460408.0,0.0,1,0,0.0003183607828225473,1,0.0,0.0,0.0,False
100000003031890100,terminal,0.721708,27,0.66726,"Видимый вход от 1 узлов (215,000 KZT), выхода нет; depth=2<4.",2,False,1,0,215000.0,0.0,10,0,0.00039212223001592727,1,0.0,0.0,0.0,False
100000003034546100,terminal,0.768861,28,0.721975,"Видимый вход от 1 узлов (486,715 KZT), выхода нет; depth=2<4.",2,False,1,0,486715.0,0.0,2,0,0.0003313690046042362,1,0.0,0.0,0.0,False
100000003035737100,peripheral,0.35,13,0.82073,"Недостаточно ролевых признаков: входящих 2, исходящих 1, depth=3.",3,False,2,1,809170.0,6544.53,3,1,0.00037881127846399476,7,0.008087954323566123,6544.53,1.0,False
100000003036198100,terminal,0.473488,4,0.172153,"Видимый вход от 1 узлов (15,000 KZT), выхода нет; depth=2<4.",2,False,1,0,15000.0,0.0,1,0,0.0002879340067316291,7,0.0,0.0,0.0,False
100000003037476100,consolidator,0.937722,28,0.705627,"Получает от 3 плательщиков, видимый вход 555,000 KZT; depth=4.",4,False,3,0,555000.0,0.0,3,0,0.00035935405632802974,8,0.0,0.0,0.0,True
100000003037660100,terminal,0.610765,2,0.584964,"Видимый вход от 1 узлов (53,000 KZT), выхода нет; depth=1<4.",1,False,1,0,53000.0,0.0,1,0,0.000296181825206684,10,0.0,0.0,0.0,False
100000003039473100,terminal,0.517527,5,0.361432,"Видимый вход от 1 узлов (23,000 KZT), выхода нет; depth=2<4.",2,False,1,0,23000.0,0.0,1,0,0.000312213895660518,7,0.0,0.0,0.0,False
100000003040087100,peripheral,0.2,16,0.080404,"depth=4: обход обрывается; видимый вход от 1 узлов, исходящие неизвестны.",4,False,1,0,29000.0,0.0,1,0,0.00029642483560003767,7,0.0,0.0,0.0,True
100000003042994100,terminal,0.741103,5,0.752891,"Видимый вход от 1 узлов (286,086 KZT), выхода нет; depth=1<4.",1,False,1,0,286086.0,0.0,3,0,0.0003163287040785161,7,0.0,0.0,0.0,False
100000003044431100,terminal,0.62073,4,0.703292,"Видимый вход от 2 узлов (60,000 KZT), выхода нет; depth=2<4.",2,False,2,0,60000.0,0.0,2,0,0.0003024585785488682,7,0.0,0.0,0.0,False
100000003044518100,terminal,0.563345,1,0.238879,"Видимый вход от 1 узлов (34,423 KZT), выхода нет; depth=1<4.",1,False,1,0,34423.0,0.0,1,0,0.00028754318610180884,1,0.0,0.0,0.0,False
100000003047800100,peripheral,0.2,19,0.027024,"depth=4: обход обрывается; видимый вход от 1 узлов, исходящие неизвестны.",4,False,1,0,12212.0,0.0,1,0,0.00037457034348757943,1,0.0,0.0,0.0,True
100000003050771100,terminal,0.725089,4,0.761121,"Видимый вход от 1 узлов (229,000 KZT), выхода нет; depth=3<4.",3,False,1,0,229000.0,0.0,1,0,0.0003703398485850226,7,0.0,0.0,0.0,False
100000003054328100,peripheral,0.35,19,0.661922,"Недостаточно ролевых признаков: входящих 1, исходящих 2, depth=2.",2,False,1,2,140000.0,193720.0,1,2,0.0003359091501180967,1,1.3837142857142857,7000.0,0.05,False
100000003057225100,terminal,0.728114,5,0.719751,"Видимый вход от 1 узлов (236,000 KZT), выхода нет; depth=1<4.",1,False,1,0,236000.0,0.0,1,0,0.0003109435548495802,7,0.0,0.0,0.0,False
100000003060187100,terminal,0.655338,34,0.585409,"Видимый вход от 1 узлов (93,046 KZT), выхода нет; depth=3<4.",3,False,1,0,93046.0,0.0,1,0,0.0003014815867240037,7,0.0,0.0,0.0,False
100000003060517100,terminal,0.746441,22,0.790036,"Видимый вход от 1 узлов (315,955 KZT), выхода нет; depth=3<4.",3,False,1,0,315955.0,0.0,1,0,0.00036188349261668954,7,0.0,0.0,0.0,False
100000003061115100,peripheral,0.2,0,0.207851,"depth=4: обход обрывается; видимый вход от 1 узлов, исходящие неизвестны.",4,False,1,0,45000.0,0.0,1,0,0.0005339039923107192,7,0.0,0.0,0.0,True
100000003062895100,terminal,0.747865,28,0.91726,"Видимый вход от 2 узлов (328,444 KZT), выхода нет; depth=2<4.",2,False,2,0,328444.0,0.0,2,0,0.000407650670955184,9,0.0,0.0,0.0,False
100000003066385100,terminal,0.504004,4,0.463523,"Видимый вход от 2 узлов (20,000 KZT), выхода нет; depth=1<4.",1,False,2,0,20000.0,0.0,2,0,0.00029153974169365615,7,0.0,0.0,0.0,False
100000003068941100,peripheral,0.35,4,0.690836,"Недостаточно ролевых признаков: входящих 3, исходящих 1, depth=2.",2,False,3,1,94000.0,25000.0,3,2,0.0003201743837350562,7,0.26595744680851063,19000.0,0.76,False
100000003069463100,peripheral,0.35,12,0.356762,"Недостаточно ролевых признаков: входящих 1, исходящих 1, depth=3.",3,False,1,1,11500.0,17920.0,1,1,0.0002884531759834947,7,1.5582608695652174,11500.0,1.0,False
100000003071649100,terminal,0.710854,28,0.7371,"Видимый вход от 1 узлов (189,500 KZT), выхода нет; depth=3<4.",3,False,1,0,189500.0,0.0,1,0,0.0002953322777705275,9,0.0,0.0,0.0,False
100000003071930100,consolidator,0.927491,1,0.945285,"Получает от 3 плательщиков, видимый вход 477,610 KZT; depth=1.",1,False,3,1,477610.0,5000.0,4,1,0.0003483674806474168,8,0.010468792529469651,5000.0,1.0,False
100000003072205100,peripheral,0.2,28,0.447731,"depth=4: обход обрывается; видимый вход от 2 узлов, исходящие неизвестны.",4,False,2,0,163000.0,0.0,2,0,0.00031897392558810547,8,0.0,0.0,0.0,True
100000003072676100,terminal,0.557829,22,0.382117,"Видимый вход от 1 узлов (31,545 KZT), выхода нет; depth=3<4.",3,False,1,0,31545.0,0.0,1,0,0.0002931885165385355,7,0.0,0.0,0.0,False
100000003073398100,terminal,0.65516,32,0.505338,"Видимый вход от 1 узлов (92,960 KZT), выхода нет; depth=2<4.",2,False,1,0,92960.0,0.0,1,0,0.0003031880744905425,1,0.0,0.0,0.0,False
100000003073635100,terminal,0.682028,0,0.65258,"Видимый вход от 1 узлов (129,231 KZT), выхода нет; depth=3<4.",3,False,1,0,129231.0,0.0,1,0,0.00031186250399510335,7,0.0,0.0,0.0,False
100000003074515100,peripheral,0.2,28,0.256562,"depth=4: обход обрывается; видимый вход от 1 узлов, исходящие неизвестны.",4,False,1,0,105000.0,0.0,1,0,0.00029938285450538106,8,0.0,0.0,0.0,True
100000003078839100,peripheral,0.2,0,0.054382,"depth=4: обход обрывается; видимый вход от 1 узлов, исходящие неизвестны.",4,False,1,0,14000.0,0.0,2,0,0.0003147926722848653,7,0.0,0.0,0.0,True
100000003083865100,peripheral,0.2,16,0.027524,"depth=4: обход обрывается; видимый вход от 1 узлов, исходящие неизвестны.",4,False,1,0,15000.0,0.0,1,0,0.000291184229415263,7,0.0,0.0,0.0,True
100000003084870100,peripheral,0.2,19,0.024021,"depth=4: обход обрывается; видимый вход от 1 узлов, исходящие неизвестны.",4,False,1,0,6500.0,0.0,1,0,0.0003451786560651282,2,0.0,0.0,0.0,True
100000003086040100,terminal,0.453292,0,0.331851,"Видимый вход от 1 узлов (10,500 KZT), выхода нет; depth=2<4.",2,False,1,0,10500.0,0.0,1,0,0.0005480623170204768,7,0.0,0.0,0.0,False
100000003087877100,terminal,0.654093,25,0.456406,"Видимый вход от 1 узлов (91,486 KZT), выхода нет; depth=3<4.",3,False,1,0,91486.0,0.0,1,0,0.0002920851717140769,1,0.0,0.0,0.0,False
100000003089018100,terminal,0.725623,28,0.623221,"Видимый вход от 1 узлов (230,000 KZT), выхода нет; depth=2<4.",2,False,1,0,230000.0,0.0,1,0,0.0003072122133568228,1,0.0,0.0,0.0,False
100000003089553100,terminal,0.693594,28,0.72242,"Видимый вход от 1 узлов (150,000 KZT), выхода нет; depth=3<4.",3,False,1,0,150000.0,0.0,1,0,0.00030709199718265064,8,0.0,0.0,0.0,False
100000003091142100,peripheral,0.2,0,0.181161,"depth=4: обход обрывается; видимый вход от 1 узлов, исходящие неизвестны.",4,False,1,0,40000.0,0.0,1,0,0.00040986444107495674,7,0.0,0.0,0.0,True
100000003093299100,terminal,0.473488,4,0.161922,"Видимый вход от 1 узлов (15,000 KZT), выхода нет; depth=3<4.",3,False,1,0,15000.0,0.0,1,0,0.0002864140937230855,7,0.0,0.0,0.0,False
100000003095610100,terminal,0.52153,16,0.317616,"Видимый вход от 1 узлов (23,665 KZT), выхода нет; depth=3<4.",3,False,1,0,23665.0,0.0,1,0,0.0002943864531167937,7,0.0,0.0,0.0,False
100000003096787100,peripheral,0.2,16,0.033697,"depth=4: обход обрывается; видимый вход от 1 узлов, исходящие неизвестны.",4,False,1,0,16400.0,0.0,1,0,0.00029170829003374047,7,0.0,0.0,0.0,True
100000003097324100,terminal,0.741993,28,0.911032,"Видимый вход от 2 узлов (294,000 KZT), выхода нет; depth=3<4.",3,False,2,0,294000.0,0.0,2,0,0.0003260131114572473,9,0.0,0.0,0.0,False
100000003097947100,peripheral,0.2,0,0.178659,"depth=4: обход обрывается; видимый вход от 1 узлов, исходящие неизвестны.",4,False,1,0,52980.0,0.0,1,0,0.00032007838233559304,7,0.0,0.0,0.0,True
100000003102157100,terminal,0.658541,4,0.597642,"Видимый вход от 1 узлов (96,746 KZT), выхода нет; depth=1<4.",1,False,1,0,96746.0,0.0,2,0,0.000303723915550285,7,0.0,0.0,0.0,False
100000003104347100,peripheral,0.35,23,0.739769,"Недостаточно ролевых признаков: входящих 1, исходящих 1, depth=2.",2,False,1,1,418000.0,32000.0,1,1,0.00036431706006781543,7,0.07655502392344497,32000.0,1.0,False
100000003105089100,peripheral,0.2,25,0.032195,"depth=4: обход обрывается; видимый вход от 1 узлов, исходящие неизвестны.",4,False,1,0,10000.0,0.0,1,0,0.0002994376832159761,7,0.0,0.0,0.0,True
100000003105929100,peripheral,0.35,9,0.69395,"Недостаточно ролевых признаков: входящих 1, исходящих 1, depth=3.",3,False,1,1,429567.0,156354.0,2,1,0.0002994912058967719,7,0.3639804733603838,0.0,0.0,False
100000003109805100,terminal,0.569573,22,0.390569,"Видимый вход от 1 узлов (36,929 KZT), выхода нет; depth=3<4.",3,False,1,0,36929.0,0.0,1,0,0.00029138188362469615,7,0.0,0.0,0.0,False
100000003111305100,consolidator,0.950067,28,0.955071,"Получает от 4 плательщиков, видимый вход 509,338 KZT; depth=3.",3,False,4,0,509338.0,0.0,4,0,0.0004036018095361793,8,0.0,0.0,0.0,False
100000003112436100,terminal,0.663523,25,0.600979,"Видимый вход от 1 узлов (100,000 KZT), выхода нет; depth=2<4.",2,False,1,0,100000.0,0.0,1,0,0.0003021326407143051,7,0.0,0.0,0.0,False
100000003112578100,terminal,0.66726,19,0.504004,"Видимый вход от 1 узлов (101,080 KZT), выхода нет; depth=3<4.",3,False,1,0,101080.0,0.0,1,0,0.0002903839214275364,2,0.0,0.0,0.0,False
100000003115284100,consolidator,0.993772,2,0.999555,"Получает от 8 плательщиков, видимый вход 2,160,500 KZT; depth=1.",1,False,8,2,2160500.0,517000.0,15,4,0.0015286375827955714,11,0.23929645915297384,275500.0,0.5328820116054158,False
100000003116106100,terminal,0.769573,9,0.77847,"Видимый вход от 1 узлов (494,050 KZT), выхода нет; depth=3<4.",3,False,1,0,494050.0,0.0,2,0,0.00030158104666859096,7,0.0,0.0,0.0,False
100000003119550100,terminal,0.511566,24,0.163034,"Видимый вход от 1 узлов (21,000 KZT), выхода нет; depth=1<4.",1,False,1,0,21000.0,0.0,1,0,0.00028997694823419256,1,0.0,0.0,0.0,False
100000003122817100,terminal,0.763879,12,0.826957,"Видимый вход от 1 узлов (444,680 KZT), выхода нет; depth=3<4.",3,False,1,0,444680.0,0.0,1,0,0.00039708273280823027,7,0.0,0.0,0.0,False
100000003123296100,terminal,0.648399,7,0.482651,"Видимый вход от 1 узлов (86,200 KZT), выхода нет; depth=1<4.",1,False,1,0,86200.0,0.0,2,0,0.0002998746198543011,1,0.0,0.0,0.0,False
100000003125997100,peripheral,0.2,28,0.328959,"depth=4: обход обрывается; видимый вход от 1 узлов, исходящие неизвестны.",4,False,1,0,87750.0,0.0,1,0,0.0005483720399494504,8,0.0,0.0,0.0,True
100000003128638100,peripheral,0.2,28,0.380338,"depth=4: обход обрывается; видимый вход от 1 узлов, исходящие неизвестны.",4,False,1,0,300000.0,0.0,1,0,0.00035818724692399735,8,0.0,0.0,0.0,True
100000003131016100,peripheral,0.35,0,0.821174,"Недостаточно ролевых признаков: входящих 1, исходящих 1, depth=2.",2,False,1,1,405700.0,126000.0,7,4,0.0016774572234080564,7,0.31057431599704216,95000.0,0.753968253968254,False
100000003131693100,terminal,0.752313,2,0.863879,"Видимый вход от 1 узлов (353,277 KZT), выхода нет; depth=1<4.",1,False,1,0,353277.0,0.0,1,0,0.00035630822082748,10,0.0,0.0,0.0,False
100000003132484100,terminal,0.651868,28,0.583185,"Видимый вход от 1 узлов (90,000 KZT), выхода нет; depth=3<4.",3,False,1,0,90000.0,0.0,1,0,0.0005388233251189463,1,0.0,0.0,0.0,False
100000003133045100,peripheral,0.2,33,0.20318,"depth=4: обход обрывается; видимый вход от 1 узлов, исходящие неизвестны.",4,False,1,0,68000.0,0.0,1,0,0.0003330495598950611,7,0.0,0.0,0.0,True
100000003134474100,terminal,0.675979,9,0.563167,"Видимый вход от 1 узлов (116,000 KZT), выхода нет; depth=3<4.",3,False,1,0,116000.0,0.0,1,0,0.0002893287584098838,7,0.0,0.0,0.0,False
100000003134550100,peripheral,0.2,28,0.248554,"depth=4: обход обрывается; видимый вход от 1 узлов, исходящие неизвестны.",4,False,1,0,100000.0,0.0,1,0,0.00029884593924836344,8,0.0,0.0,0.0,True
100000003134934100,consolidator,0.928937,0,0.950623,"Получает от 4 плательщиков, видимый вход 379,354 KZT; depth=2.",2,False,4,0,379354.0,0.0,4,0,0.00042447911385230347,9,0.0,0.0,0.0,False
100000003134937100,terminal,0.452847,5,0.13323,"Видимый вход от 1 узлов (10,286 KZT), выхода нет; depth=1<4.",1,False,1,0,10286.0,0.0,1,0,0.00028667522491586535,7,0.0,0.0,0.0,False
100000003146511100,peripheral,0.2,4,0.040702,"depth=4: обход обрывается; видимый вход от 1 узлов, исходящие неизвестны.",4,False,1,0,10000.0,0.0,1,0,0.0003118136674871963,7,0.0,0.0,0.0,True
100000003147719100,terminal,0.663523,28,0.636566,"Видимый вход от 1 узлов (100,000 KZT), выхода нет; depth=3<4.",3,False,1,0,100000.0,0.0,1,0,0.00029072126443008034,9,0.0,0.0,0.0,False
100000003148220100,peripheral,0.35,38,0.56984,"Недостаточно ролевых признаков: входящих 1, исходящих 2, depth=1.",1,False,1,2,5650.0,43400.0,1,4,0.0009182428014100962,1,7.68141592920354,5650.0,1.0,False
100000003149149100,terminal,0.730961,9,0.682829,"Видимый вход от 1 узлов (245,000 KZT), выхода нет; depth=3<4.",3,False,1,0,245000.0,0.0,1,0,0.00029350954186544055,7,0.0,0.0,0.0,False
100000003152964100,peripheral,0.35,0,0.618327,"Недостаточно ролевых признаков: входящих 1, исходящих 1, depth=3.",3,False,1,1,141847.0,5500.0,1,1,0.0003144293427145815,7,0.03877417217142414,5500.0,1.0,False
100000003154105100,peripheral,0.35,25,0.860765,"Недостаточно ролевых признаков: входящих 1, исходящих 7, depth=3.",3,False,1,7,60000.0,338000.0,1,9,0.0005506807965745357,7,5.633333333333334,60000.0,1.0,False
100000003157333100,terminal,0.551068,32,0.250222,"Видимый вход от 1 узлов (30,000 KZT), выхода нет; depth=2<4.",2,False,1,0,30000.0,0.0,1,0,0.0002912552172830988,1,0.0,0.0,0.0,False
100000003157679100,consolidator,0.952958,28,0.959964,"Получает от 4 плательщиков, видимый вход 541,000 KZT; depth=3.",3,False,4,0,541000.0,0.0,4,0,0.0003728530959036685,9,0.0,0.0,0.0,False
100000003158727100,consolidator,0.911032,28,0.926157,"Получает от 3 плательщиков, видимый вход 367,940 KZT; depth=1.",1,False,3,0,367940.0,0.0,3,0,0.0003141291273527455,9,0.0,0.0,0.0,False
100000003159641100,peripheral,0.35,5,0.742883,"Недостаточно ролевых признаков: входящих 4, исходящих 1, depth=2.",2,False,4,1,64000.0,197800.0,7,1,0.0003052153968344306,7,3.090625,64000.0,1.0,False
100000003163256100,peripheral,0.35,5,0.341192,"Недостаточно ролевых признаков: входящих 1, исходящих 1, depth=1.",1,False,1,1,13485.0,15000.0,1,1,0.0002870191751690971,7,1.1123470522803114,0.0,0.0,False
100000003163886100,terminal,0.771174,25,0.904359,"Видимый вход от 1 узлов (500,000 KZT), выхода нет; depth=3<4.",3,False,1,0,500000.0,0.0,1,0,0.000733835068059369,10,0.0,0.0,0.0,False
100000003164661100,terminal,0.77847,21,0.806495,"Видимый вход от 1 узлов (596,200 KZT), выхода нет; depth=3<4.",3,False,1,0,596200.0,0.0,3,0,0.0006007384807220591,1,0.0,0.0,0.0,False
100000003166017100,peripheral,0.2,16,0.027524,"depth=4: обход обрывается; видимый вход от 1 узлов, исходящие неизвестны.",4,False,1,0,15000.0,0.0,1,0,0.000291184229415263,7,0.0,0.0,0.0,True
100000003166755100,terminal,0.525089,4,0.284253,"Видимый вход от 1 узлов (24,010 KZT), выхода нет; depth=2<4.",2,False,1,0,24010.0,0.0,1,0,0.000289354410715242,7,0.0,0.0,0.0,False
100000003171006100,terminal,0.768683,28,0.919484,"Видимый вход от 2 узлов (485,000 KZT), выхода нет; depth=3<4.",3,False,2,0,485000.0,0.0,2,0,0.00033496794429429064,9,0.0,0.0,0.0,False
100000003171587100,peripheral,0.35,25,0.822509,"Недостаточно ролевых признаков: входящих 2, исходящих 2, depth=3.",3,False,2,2,700000.0,431300.0,2,7,0.0003160184159302093,7,0.6161428571428571,431300.0,1.0,False
100000003173783100,peripheral,0.2,26,0.113434,"depth=4: обход обрывается; видимый вход от 1 узлов, исходящие неизвестны.",4,False,1,0,23500.0,0.0,2,0,0.0003468224290716622,7,0.0,0.0,0.0,True
100000003177533100,peripheral,0.2,13,0.099922,"depth=4: обход обрывается; видимый вход от 1 узлов, исходящие неизвестны.",4,False,1,0,20000.0,0.0,3,0,0.00033819737698218943,7,0.0,0.0,0.0,True
100000003178549100,peripheral,0.35,22,0.811165,"Недостаточно ролевых признаков: входящих 2, исходящих 4, depth=3.",3,False,2,4,250000.0,89080.0,2,4,0.0003521578194805638,7,0.35632,0.0,0.0,False
100000003180305100,peripheral,0.2,9,0.297598,"depth=4: обход обрывается; видимый вход от 1 узлов, исходящие неизвестны.",4,False,1,0,144000.0,0.0,1,0,0.0005280565512084151,7,0.0,0.0,0.0,True
100000003180820100,peripheral,0.2,28,0.251223,"depth=4: обход обрывается; видимый вход от 1 узлов, исходящие неизвестны.",4,False,1,0,101000.0,0.0,1,0,0.0002988566236372633,8,0.0,0.0,0.0,True
100000003186579100,peripheral,0.2,0,0.283919,"depth=4: обход обрывается; видимый вход от 1 узлов, исходящие неизвестны.",4,False,1,0,110000.0,0.0,2,0,0.0005151815504625234,7,0.0,0.0,0.0,True
100000003187359100,terminal,0.497687,24,0.141904,"Видимый вход от 1 узлов (19,072 KZT), выхода нет; depth=1<4.",1,False,1,0,19072.0,0.0,1,0,0.00028957228361778365,1,0.0,0.0,0.0,False
100000003188607100,peripheral,0.35,1,0.323843,"Недостаточно ролевых признаков: входящих 1, исходящих 1, depth=2.",2,False,1,1,18000.0,5000.0,1,1,0.00031476256147089675,1,0.2777777777777778,0.0,0.0,False
100000003190207100,peripheral,0.35,35,0.726423,"Недостаточно ролевых признаков: входящих 1, исходящих 1, depth=3.",3,False,1,1,5000.0,377000.0,1,8,0.0002991258827616197,8,75.4,5000.0,1.0,False
100000003191430100,terminal,0.706495,5,0.762456,"Видимый вход от 1 узлов (180,000 KZT), выхода нет; depth=2<4.",2,False,1,0,180000.0,0.0,1,0,0.0005307375952815085,7,0.0,0.0,0.0,False
100000003192220100,terminal,0.62073,5,0.613434,"Видимый вход от 1 узлов (60,000 KZT), выхода нет; depth=2<4.",2,False,1,0,60000.0,0.0,2,0,0.0005031715963348377,7,0.0,0.0,0.0,False
100000003192309100,peripheral,0.35,17,0.471308,"Недостаточно ролевых признаков: входящих 1, исходящих 1, depth=3.",3,False,1,1,17200.0,213000.0,1,1,0.00028825383201923533,1,12.383720930232558,17200.0,1.0,False
100000003194831100,peripheral,0.2,19,0.010343,"depth=4: обход обрывается; видимый вход от 1 узлов, исходящие неизвестны.",4,False,1,0,6265.0,0.0,1,0,0.00029082672336293373,1,0.0,0.0,0.0,True
100000003199390100,peripheral,0.2,9,0.319618,"depth=4: обход обрывается; видимый вход от 1 узлов, исходящие неизвестны.",4,False,1,0,260000.0,0.0,1,0,0.00037663319077753615,7,0.0,0.0,0.0,True
100000003200071100,peripheral,0.35,42,0.057829,"Недостаточно ролевых признаков: входящих 0, исходящих 1, depth=0.",0,True,0,1,0.0,30000.0,0,1,0.0002855692942172902,1,,0.0,0.0,False
100000003204491100,peripheral,0.35,0,0.627669,"Недостаточно ролевых признаков: входящих 1, исходящих 1, depth=3.",3,False,1,1,140000.0,100000.0,1,2,0.000297984809668521,7,0.7142857142857143,0.0,0.0,False
100000003205210100,terminal,0.685943,2,0.752891,"Видимый вход от 1 узлов (137,563 KZT), выхода нет; depth=1<4.",1,False,1,0,137563.0,0.0,1,0,0.00031311441875491234,10,0.0,0.0,0.0,False
100000003207060100,peripheral,0.2,0,0.210854,"depth=4: обход обрывается; видимый вход от 1 узлов, исходящие неизвестны.",4,False,1,0,53000.0,0.0,1,0,0.0004274431125866961,7,0.0,0.0,0.0,True
100000003213473100,peripheral,0.35,4,0.70952,"Недостаточно ролевых признаков: входящих 1, исходящих 11, depth=3.",3,False,1,11,57500.0,240000.0,2,12,0.00028880769232283906,7,4.173913043478261,45500.0,0.7913043478260869,False
100000003214786100,peripheral,0.2,0,0.05188,"depth=4: обход обрывается; видимый вход от 1 узлов, исходящие неизвестны.",4,False,1,0,5000.0,0.0,1,0,0.00042028195414468866,7,0.0,0.0,0.0,True
100000003215448100,peripheral,0.35,0,0.686388,"Недостаточно ролевых признаков: входящих 1, исходящих 2, depth=3.",3,False,1,2,91309.0,124000.0,1,4,0.0003041469318708125,7,1.3580260434349298,8000.0,0.08761458344741482,False
100000003216073100,peripheral,0.35,25,0.400356,"Недостаточно ролевых признаков: входящих 1, исходящих 1, depth=3.",3,False,1,1,37001.0,70000.0,1,1,0.0002882046043550009,1,1.891840761060512,37001.0,1.0,False
100000003218308100,terminal,0.455872,4,0.135009,"Видимый вход от 1 узлов (11,165 KZT), выхода нет; depth=3<4.",3,False,1,0,11165.0,0.0,1,0,0.0002861981066494372,7,0.0,0.0,0.0,False
100000003219438100,terminal,0.559075,14,0.505783,"Видимый вход от 1 узлов (32,000 KZT), выхода нет; depth=2<4.",2,False,1,0,32000.0,0.0,1,0,0.00044715563704310416,7,0.0,0.0,0.0,False
100000003220685100,peripheral,0.2,9,0.412033,"depth=4: обход обрывается; видимый вход от 1 узлов, исходящие неизвестны.",4,False,1,0,1306000.0,0.0,2,0,0.0005375987236644594,7,0.0,0.0,0.0,True
100000003221384100,terminal,0.773132,5,0.843861,"Видимый вход от 1 узлов (511,200 KZT), выхода нет; depth=2<4.",2,False,1,0,511200.0,0.0,1,0,0.0004482029353149161,7,0.0,0.0,0.0,False
100000003221510100,peripheral,0.35,4,0.56161,"Недостаточно ролевых признаков: входящих 1, исходящих 2, depth=3.",3,False,1,2,24000.0,120000.0,1,3,0.0002869209734265628,7,5.0,0.0,0.0,False
100000003230328100,peripheral,0.2,4,0.317616,"depth=4: обход обрывается; видимый вход от 3 узлов, исходящие неизвестны.",4,False,3,0,26572.0,0.0,3,0,0.0003516801374186606,7,0.0,0.0,0.0,True
100000003230329100,peripheral,0.2,28,0.263234,"depth=4: обход обрывается; видимый вход от 1 узлов, исходящие неизвестны.",4,False,1,0,110000.0,0.0,1,0,0.00030004064309052827,8,0.0,0.0,0.0,True
100000003232675100,peripheral,0.2,4,0.186166,"depth=4: обход обрывается; видимый вход от 1 узлов, исходящие неизвестны.",4,False,1,0,44000.0,0.0,2,0,0.000401044536604877,7,0.0,0.0,0.0,True
100000003235780100,terminal,0.626779,4,0.66548,"Видимый вход от 2 узлов (65,000 KZT), выхода нет; depth=1<4.",1,False,2,0,65000.0,0.0,2,0,0.00029120007891764486,7,0.0,0.0,0.0,False
100000003237045100,peripheral,0.35,5,0.757117,"Недостаточно ролевых признаков: входящих 1, исходящих 1, depth=2.",2,False,1,1,340200.0,150000.0,2,1,0.0003941344320653889,7,0.4409171075837742,0.0,0.0,False
100000003239379100,terminal,0.654626,7,0.497109,"Видимый вход от 1 узлов (92,500 KZT), выхода нет; depth=1<4.",1,False,1,0,92500.0,0.0,1,0,0.00030092013669320096,1,0.0,0.0,0.0,False
100000003239859100,terminal,0.495819,7,0.127002,"Видимый вход от 1 узлов (18,600 KZT), выхода нет; depth=1<4.",1,False,1,0,18600.0,0.0,1,0,0.0002886560582178517,1,0.0,0.0,0.0,False
100000003241965100,terminal,0.473488,16,0.202402,"Видимый вход от 1 узлов (15,000 KZT), выхода нет; depth=3<4.",3,False,1,0,15000.0,0.0,1,0,0.00029115802793766007,7,0.0,0.0,0.0,False
100000003242289100,distributor,0.987433,22,0.976868,"Отправляет 23 получателям, видимый выход 2,377,741 KZT; depth=2.",2,False,3,23,550791.0,2377741.0,8,26,0.0004397217042853956,7,4.316956885642648,511514.0,0.9286898297176243,False
100000003242795100,terminal,0.673577,9,0.555605,"Видимый вход от 1 узлов (111,000 KZT), выхода нет; depth=3<4.",3,False,1,0,111000.0,0.0,1,0,0.00028916671253951344,7,0.0,0.0,0.0,False
100000003246024100,peripheral,0.35,0,0.506228,"Недостаточно ролевых признаков: входящих 1, исходящих 1, depth=2.",2,False,1,1,25000.0,5000.0,1,1,0.00037134005643017944,7,0.2,0.0,0.0,False
100000003247600100,peripheral,0.2,4,0.260899,"depth=4: обход обрывается; видимый вход от 1 узлов, исходящие неизвестны.",4,False,1,0,58000.0,0.0,1,0,0.000841209095166374,7,0.0,0.0,0.0,True
100000003249054100,peripheral,0.35,4,0.76468,"Недостаточно ролевых признаков: входящих 7, исходящих 1, depth=2.",2,False,7,1,99700.0,15000.0,11,1,0.00043146322860656444,7,0.15045135406218657,15000.0,1.0,False
100000003252446100,peripheral,0.2,28,0.260231,"depth=4: обход обрывается; видимый вход от 1 узлов, исходящие неизвестны.",4,False,1,0,108600.0,0.0,1,0,0.00029998773072103575,8,0.0,0.0,0.0,True
100000003254277100,peripheral,0.35,4,0.491548,"Недостаточно ролевых признаков: входящих 1, исходящих 1, depth=3.",3,False,1,1,49200.0,44997.0,1,1,0.00028834023659629897,7,0.9145731707317073,0.0,0.0,False
100000003254723100,terminal,0.737189,13,0.867438,"Видимый вход от 1 узлов (269,850 KZT), выхода нет; depth=2<4.",2,False,1,0,269850.0,0.0,6,0,0.0005300436631859086,10,0.0,0.0,0.0,False
100000003265158100,peripheral,0.35,7,0.862544,"Недостаточно ролевых признаков: входящих 3, исходящих 2, depth=1.",1,False,3,2,146100.4,154200.0,3,4,0.0003846709844220256,9,1.055438588806054,65300.4,0.4469556551522104,False
100000003265658100,peripheral,0.35,43,0.004448,"Недостаточно ролевых признаков: входящих 0, исходящих 0, depth=0.",0,True,0,0,0.0,0.0,0,0,0.0002855692942172902,1,,0.0,0.0,False
100000003270419100,terminal,0.693594,10,0.844751,"Видимый вход от 1 узлов (150,000 KZT), выхода нет; depth=3<4.",3,False,1,0,150000.0,0.0,1,0,0.0008334814098706011,10,0.0,0.0,0.0,False
100000003271151100,terminal,0.681317,0,0.650801,"Видимый вход от 1 узлов (127,294 KZT), выхода нет; depth=3<4.",3,False,1,0,127294.0,0.0,1,0,0.0003114684039158683,7,0.0,0.0,0.0,False
100000003275398100,peripheral,0.35,27,0.642349,"Недостаточно ролевых признаков: входящих 1, исходящих 1, depth=2.",2,False,1,1,300000.0,20000.0,1,1,0.0004342478092851559,1,0.06666666666666667,0.0,0.0,False
100000003278020100,terminal,0.71121,4,0.711744,"Видимый вход от 1 узлов (190,000 KZT), выхода нет; depth=2<4.",2,False,1,0,190000.0,0.0,1,0,0.00032455129303952463,7,0.0,0.0,0.0,False
100000003284932100,terminal,0.630605,2,0.632562,"Видимый вход от 1 узлов (69,925 KZT), выхода нет; depth=1<4.",1,False,1,0,69925.0,0.0,1,0,0.0002995708268481083,10,0.0,0.0,0.0,False
100000003286537100,terminal,0.695996,28,0.8621,"Видимый вход от 2 узлов (153,000 KZT), выхода нет; depth=3<4.",3,False,2,0,153000.0,0.0,2,0,0.0003010947151858357,8,0.0,0.0,0.0,False
100000003289281100,peripheral,0.2,0,0.21052,"depth=4: обход обрывается; видимый вход от 1 узлов, исходящие неизвестны.",4,False,1,0,40000.0,0.0,1,0,0.0005967179150727075,7,0.0,0.0,0.0,True
100000003289405100,terminal,0.752491,25,0.700623,"Видимый вход от 1 узлов (355,000 KZT), выхода нет; depth=2<4.",2,False,1,0,355000.0,0.0,1,0,0.0003390046672361447,1,0.0,0.0,0.0,False
100000003292191100,terminal,0.673932,28,0.678158,"Видимый вход от 1 узлов (112,000 KZT), выхода нет; depth=3<4.",3,False,1,0,112000.0,0.0,1,0,0.0002996284816997208,8,0.0,0.0,0.0,False
100000003292979100,terminal,0.596263,2,0.62411,"Видимый вход от 1 узлов (48,950 KZT), выхода нет; depth=2<4.",2,False,1,0,48950.0,0.0,1,0,0.0003303145122730726,10,0.0,0.0,0.0,False
100000003293377100,terminal,0.601957,9,0.410142,"Видимый вход от 1 узлов (50,000 KZT), выхода нет; depth=3<4.",3,False,1,0,50000.0,0.0,1,0,0.00028718975292099435,7,0.0,0.0,0.0,False
100000003299365100,peripheral,0.35,2,0.80427,"Недостаточно ролевых признаков: входящих 1, исходящих 1, depth=1.",1,False,1,1,200000.0,200000.0,1,1,0.00032561658096971947,10,1.0,0.0,0.0,False
100000003321423100,terminal,0.663523,39,0.782473,"Видимый вход от 1 узлов (100,000 KZT), выхода нет; depth=2<4.",2,False,1,0,100000.0,0.0,2,0,0.0006711029646605598,8,0.0,0.0,0.0,False
100000003321895100,peripheral,0.35,5,0.769128,"Недостаточно ролевых признаков: входящих 1, исходящих 2, depth=3.",3,False,1,2,24000.0,553830.0,1,3,0.00031125966376989656,7,23.07625,24000.0,1.0,False
100000003336565100,terminal,0.483986,24,0.130338,"Видимый вход от 1 узлов (16,550 KZT), выхода нет; depth=2<4.",2,False,1,0,16550.0,0.0,1,0,0.0002911902917077179,1,0.0,0.0,0.0,False
100000003338583100,terminal,0.513701,27,0.16726,"Видимый вход от 1 узлов (21,765 KZT), выхода нет; depth=3<4.",3,False,1,0,21765.0,0.0,1,0,0.00029016016283832456,1,0.0,0.0,0.0,False
100000003345947100,peripheral,0.2,13,0.247553,"depth=4: обход обрывается; видимый вход от 1 узлов, исходящие неизвестны.",4,False,1,0,79500.0,0.0,6,0,0.0004947659232077648,7,0.0,0.0,0.0,True
100000003349739100,peripheral,0.35,44,0.004448,"Недостаточно ролевых признаков: входящих 0, исходящих 0, depth=0.",0,True,0,0,0.0,0.0,0,0,0.0002855692942172902,1,,0.0,0.0,False
100000003360542100,peripheral,0.35,2,0.898132,"Недостаточно ролевых признаков: входящих 2, исходящих 2, depth=2.",2,False,2,2,317000.0,51800.0,3,5,0.001456432548006546,11,0.16340694006309148,17000.0,0.3281853281853282,False
100000003366154100,peripheral,0.35,2,0.84831,"Недостаточно ролевых признаков: входящих 1, исходящих 3, depth=1.",1,False,1,3,125000.0,289170.0,1,3,0.0003105988484375585,10,2.31336,0.0,0.0,False
100000003366471100,peripheral,0.35,0,0.771797,"Недостаточно ролевых признаков: входящих 2, исходящих 1, depth=3.",3,False,2,1,329789.0,20000.0,5,1,0.00036049115115409467,7,0.0606448365470043,20000.0,1.0,False
100000003370425100,peripheral,0.2,4,0.150467,"depth=4: обход обрывается; видимый вход от 1 узлов, исходящие неизвестны.",4,False,1,0,20000.0,0.0,1,0,0.0006479504805603634,7,0.0,0.0,0.0,True
100000003377795100,terminal,0.428381,1,0.031584,"Видимый вход от 1 узлов (7,000 KZT), выхода нет; depth=1<4.",1,False,1,0,7000.0,0.0,1,0,0.0002859706898885458,1,0.0,0.0,0.0,False
100000003390036100,peripheral,0.35,2,0.887011,"Недостаточно ролевых признаков: входящих 2, исходящих 2, depth=2.",2,False,2,2,231300.0,62000.0,4,2,0.0013242239371446245,11,0.2680501513186338,10000.0,0.16129032258064516,False
100000003404627100,consolidator,0.968972,37,0.993772,"Получает от 4 плательщиков, видимый вход 877,700 KZT; depth=1.",1,False,4,0,877700.0,0.0,5,0,0.001378577712565679,11,0.0,0.0,0.0,False
100000003406094100,peripheral,0.35,5,0.774911,"Недостаточно ролевых признаков: входящих 1, исходящих 3, depth=3.",3,False,1,3,70000.0,47000.0,4,3,0.0007781507813786729,7,0.6714285714285714,47000.0,1.0,False
100000003447411100,peripheral,0.2,13,0.288923,"depth=4: обход обрывается; видимый вход от 1 узлов, исходящие неизвестны.",4,False,1,0,302000.0,0.0,3,0,0.00030581844296807327,7,0.0,0.0,0.0,True
100000003448713100,peripheral,0.2,13,0.27391,"depth=4: обход обрывается; видимый вход от 1 узлов, исходящие неизвестны.",4,False,1,0,266750.0,0.0,1,0,0.0003034549247777915,7,0.0,0.0,0.0,True
100000003449074100,terminal,0.445907,4,0.124778,"Видимый вход от 1 узлов (10,000 KZT), выхода нет; depth=1<4.",1,False,1,0,10000.0,0.0,1,0,0.0002874458184490925,7,0.0,0.0,0.0,False
100000003457710100,peripheral,0.35,9,0.714858,"Недостаточно ролевых признаков: входящих 1, исходящих 1, depth=3.",3,False,1,1,326555.0,1306000.0,1,2,0.0002961526720570524,7,3.999326300316945,0.0,0.0,False
100000003470579100,peripheral,0.2,12,0.377002,"depth=4: обход обрывается; видимый вход от 1 узлов, исходящие неизвестны.",4,False,1,0,357000.0,0.0,2,0,0.0005685326159317385,7,0.0,0.0,0.0,True
100000003476560100,terminal,0.601957,2,0.566504,"Видимый вход от 1 узлов (50,000 KZT), выхода нет; depth=1<4.",1,False,1,0,50000.0,0.0,1,0,0.0002955811159053975,10,0.0,0.0,0.0,False
100000003481025100,peripheral,0.2,4,0.080738,"depth=4: обход обрывается; видимый вход от 1 узлов, исходящие неизвестны.",4,False,1,0,9000.0,0.0,1,0,0.0005310260909453542,7,0.0,0.0,0.0,True
100000003484058100,peripheral,0.35,16,0.601868,"Недостаточно ролевых признаков: входящих 1, исходящих 1, depth=3.",3,False,1,1,110000.0,6000.0,1,1,0.0003166609747422045,7,0.05454545454545454,6000.0,1.0,False
100000003486846100,peripheral,0.2,5,0.168316,"depth=4: обход обрывается; видимый вход от 1 узлов, исходящие неизвестны.",4,False,1,0,27000.0,0.0,2,0,0.0005311359663531769,7,0.0,0.0,0.0,True
100000003486970100,terminal,0.693594,9,0.594306,"Видимый вход от 1 узлов (150,000 KZT), выхода нет; depth=3<4.",3,False,1,0,150000.0,0.0,1,0,0.00029043067032840264,7,0.0,0.0,0.0,False
100000003497735100,terminal,0.68016,34,0.639457,"Видимый вход от 1 узлов (125,000 KZT), выхода нет; depth=3<4.",3,False,1,0,125000.0,0.0,1,0,0.0003069462106171267,7,0.0,0.0,0.0,False
100000003500764100,peripheral,0.2,22,0.140125,"depth=4: обход обрывается; видимый вход от 1 узлов, исходящие неизвестны.",4,False,1,0,21000.0,0.0,1,0,0.0005301918184248231,7,0.0,0.0,0.0,True
100000003509750100,transit,0.913194,32,0.908808,"Вход 82,290, выход 78,400 KZT; выход/вход=0.95; после видимого входа в более поздние дни ушло до 56,100 KZT.",2,False,3,3,82290.0,78400.0,4,5,0.001687048026555679,1,0.9527281565196257,56100.0,0.7155612244897959,False
100000003528285100,peripheral,0.35,0,0.86121,"Недостаточно ролевых признаков: входящих 4, исходящих 4, depth=3.",3,False,4,4,118870.0,548000.0,5,6,0.0004042756455484536,7,4.6100782367292,58870.0,0.4952469083873139,False
100000003557488100,peripheral,0.35,29,0.849199,"Недостаточно ролевых признаков: входящих 1, исходящих 2, depth=3.",3,False,1,2,664992.0,138000.0,3,4,0.0005809718147261454,7,0.20752129348924497,30000.0,0.21739130434782608,False
100000003561031100,peripheral,0.35,0,0.298043,"Недостаточно ролевых признаков: входящих 1, исходящих 1, depth=3.",3,False,1,1,13300.0,5000.0,1,1,0.00028827529889143894,7,0.37593984962406013,0.0,0.0,False
100000003567087100,terminal,0.623488,24,0.426601,"Видимый вход от 1 узлов (62,115 KZT), выхода нет; depth=1<4.",1,False,1,0,62115.0,0.0,1,0,0.0002986065051344278,1,0.0,0.0,0.0,False
100000003568904100,peripheral,0.2,4,0.213856,"depth=4: обход обрывается; видимый вход от 1 узлов, исходящие неизвестны.",4,False,1,0,49000.0,0.0,1,0,0.0005317310119569377,7,0.0,0.0,0.0,True
100000003574895100,peripheral,0.35,4,0.40169,"Недостаточно ролевых признаков: входящих 1, исходящих 1, depth=3.",3,False,1,1,27968.0,20000.0,1,1,0.00028714445105582916,7,0.7151029748283753,0.0,0.0,False
100000003581109100,terminal,0.582028,4,0.382562,"Видимый вход от 1 узлов (42,750 KZT), выхода нет; depth=3<4.",3,False,1,0,42750.0,0.0,1,0,0.000287976972808807,7,0.0,0.0,0.0,False
100000003582677100,peripheral,0.35,4,0.615658,"Недостаточно ролевых признаков: входящих 2, исходящих 4, depth=3.",3,False,2,4,29756.989999999998,56000.0,2,5,0.0002932927091390007,7,1.881910771217116,8104.99,0.27237264252869664,False
100000003589877100,peripheral,0.35,28,0.869662,"Недостаточно ролевых признаков: входящих 2, исходящих 6, depth=1.",1,False,2,6,176000.0,416129.0,2,6,0.00030697515997142073,9,2.364369318181818,141255.0,0.8025852272727273,False
100000003594472100,terminal,0.504004,29,0.281584,"Видимый вход от 1 узлов (20,000 KZT), выхода нет; depth=3<4.",3,False,1,0,20000.0,0.0,1,0,0.0002944536874283019,7,0.0,0.0,0.0,False
100000003603979100,terminal,0.700801,27,0.677491,"Видимый вход от 1 узлов (165,000 KZT), выхода нет; depth=2<4.",2,False,1,0,165000.0,0.0,3,0,0.0005856463349534333,1,0.0,0.0,0.0,False
100000003610172100,terminal,0.63194,9,0.474644,"Видимый вход от 1 узлов (70,000 KZT), выхода нет; depth=3<4.",3,False,1,0,70000.0,0.0,1,0,0.000287837936402476,7,0.0,0.0,0.0,False
100000003616818100,peripheral,0.35,27,0.754893,"Недостаточно ролевых признаков: входящих 3, исходящих 3, depth=1.",1,False,3,3,78000.0,240100.0,4,8,0.0005130034108689012,1,3.0782051282051284,35000.0,0.44871794871794873,False
100000003617552100,terminal,0.53016,21,0.373221,"Видимый вход от 1 узлов (25,000 KZT), выхода нет; depth=2<4.",2,False,1,0,25000.0,0.0,1,0,0.0005510452542740746,1,0.0,0.0,0.0,False
100000003622955100,peripheral,0.2,2,0.227202,"depth=4: обход обрывается; видимый вход от 1 узлов, исходящие неизвестны.",4,False,1,0,15000.0,0.0,1,0,0.0013342637758280147,11,0.0,0.0,0.0,True
100000003626268100,peripheral,0.2,0,0.063556,"depth=4: обход обрывается; видимый вход от 1 узлов, исходящие неизвестны.",4,False,1,0,5000.0,0.0,1,0,0.000530890379133667,7,0.0,0.0,0.0,True
100000003631015100,peripheral,0.2,45,0.297264,"depth=4: обход обрывается; видимый вход от 1 узлов, исходящие неизвестны.",4,False,1,0,266000.0,0.0,1,0,0.0003222509367448772,7,0.0,0.0,0.0,True
100000003632533100,peripheral,0.2,22,0.073399,"depth=4: обход обрывается; видимый вход от 1 узлов, исходящие неизвестны.",4,False,1,0,10000.0,0.0,1,0,0.00042894910408558474,7,0.0,0.0,0.0,True
100000003635170100,transit,0.89695,39,0.981317,"Вход 268,500, выход 253,500 KZT; выход/вход=0.94; после видимого входа в более поздние дни ушло до 158,500 KZT.",1,False,3,4,268500.0,253500.0,13,10,0.0011481911115018457,8,0.9441340782122905,158500.0,0.6252465483234714,False
100000003635660100,terminal,0.496441,0,0.246886,"Видимый вход от 1 узлов (18,985 KZT), выхода нет; depth=3<4.",3,False,1,0,18985.0,0.0,1,0,0.00029052194004178835,7,0.0,0.0,0.0,False
100000003636627100,peripheral,0.35,32,0.68016,"Недостаточно ролевых признаков: входящих 1, исходящих 1, depth=3.",3,False,1,1,77000.0,10000.0,8,1,0.001976312410294793,7,0.12987012987012986,10000.0,1.0,False
100000003646145100,peripheral,0.2,20,0.136455,"depth=4: обход обрывается; видимый вход от 1 узлов, исходящие неизвестны.",4,False,1,0,5000.0,0.0,1,0,0.0006536813277109168,8,0.0,0.0,0.0,True
100000003647799100,terminal,0.663523,9,0.54226,"Видимый вход от 1 узлов (100,000 KZT), выхода нет; depth=3<4.",3,False,1,0,100000.0,0.0,1,0,0.0002888102116246985,7,0.0,0.0,0.0,False
100000003650146100,terminal,0.469039,5,0.242438,"Видимый вход от 1 узлов (14,400 KZT), выхода нет; depth=3<4.",3,False,1,0,14400.0,0.0,1,0,0.0003001273511766368,7,0.0,0.0,0.0,False
100000003664994100,peripheral,0.2,9,0.338801,"depth=4: обход обрывается; видимый вход от 1 узлов, исходящие неизвестны.",4,False,1,0,338271.0,0.0,2,0,0.0003911208228878397,7,0.0,0.0,0.0,True
100000003671721100,terminal,0.412544,16,0.372331,"Видимый вход от 1 узлов (5,000 KZT), выхода нет; depth=3<4.",3,False,1,0,5000.0,0.0,1,0,0.0005587421555235828,9,0.0,0.0,0.0,False
100000003677936100,peripheral,0.35,4,0.556495,"Недостаточно ролевых признаков: входящих 1, исходящих 1, depth=3.",3,False,1,1,71000.0,13000.0,1,2,0.00030888363859944327,7,0.18309859154929578,7000.0,0.5384615384615384,False
100000003684369100,distributor,0.997776,2,1.0,"Отправляет 62 получателям, видимый выход 8,588,655 KZT; depth=0.",0,True,24,62,3848436.0,8588655.0,58,67,0.002020291208486861,10,2.2317260830113845,3544302.0,0.9209720520232115,False
100000003692843100,peripheral,0.2,5,0.388346,"depth=4: обход обрывается; видимый вход от 1 узлов, исходящие неизвестны.",4,False,1,0,510000.0,0.0,2,0,0.0005294957412060594,7,0.0,0.0,0.0,True
100000003696422100,peripheral,0.2,29,0.311777,"depth=4: обход обрывается; видимый вход от 1 узлов, исходящие неизвестны.",4,False,1,0,118000.0,0.0,2,0,0.0007085171420194962,7,0.0,0.0,0.0,True
100000003701161100,consolidator,0.978314,23,0.981762,"Получает от 4 плательщиков, видимый вход 1,527,103 KZT; depth=1.",1,False,4,3,1527103.0,349000.0,13,7,0.0016488161626324771,7,0.22853730232996727,349000.0,1.0,False
100000003711830100,terminal,0.601957,0,0.478425,"Видимый вход от 1 узлов (50,000 KZT), выхода нет; depth=3<4.",3,False,1,0,50000.0,0.0,1,0,0.000295742244120105,7,0.0,0.0,0.0,False
100000003713616100,terminal,0.480249,5,0.180605,"Видимый вход от 1 узлов (15,893 KZT), выхода нет; depth=1<4.",1,False,1,0,15893.0,0.0,1,0,0.0002872780786419893,7,0.0,0.0,0.0,False
100000003718221100,peripheral,0.35,23,0.880338,"Недостаточно ролевых признаков: входящих 2, исходящих 4, depth=2.",2,False,2,4,350000.0,423500.0,6,8,0.0010434682866013757,7,1.21,257000.0,0.7342857142857143,False
100000003718715100,peripheral,0.2,13,0.412366,"depth=4: обход обрывается; видимый вход от 1 узлов, исходящие неизвестны.",4,False,1,0,915000.0,0.0,3,0,0.0005755764809645297,7,0.0,0.0,0.0,True
100000003724440100,terminal,0.601957,4,0.68194,"Видимый вход от 2 узлов (50,000 KZT), выхода нет; depth=2<4.",2,False,2,0,50000.0,0.0,2,0,0.0003080878958078083,7,0.0,0.0,0.0,False
100000003736419100,peripheral,0.35,0,0.404804,"Недостаточно ролевых признаков: входящих 1, исходящих 1, depth=3.",3,False,1,1,23300.0,10000.0,1,1,0.00029164760065452,7,0.4291845493562232,0.0,0.0,False
100000003739818100,terminal,0.617794,2,0.603203,"Видимый вход от 1 узлов (57,293 KZT), выхода нет; depth=1<4.",1,False,1,0,57293.0,0.0,1,0,0.00029704144021682486,10,0.0,0.0,0.0,False
100000003741418100,peripheral,0.35,4,0.838523,"Недостаточно ролевых признаков: входящих 9, исходящих 3, depth=2.",2,False,9,3,151900.0,39920.0,13,3,0.0006325013799441029,7,0.2628044766293614,0.0,0.0,False
100000003747133100,transit,0.90479,4,0.935498,"Вход 237,068, выход 250,000 KZT; выход/вход=1.05; после видимого входа в более поздние дни ушло до 161,504 KZT.",2,False,5,2,237068.0,250000.0,8,2,0.00037807073413400786,7,1.0545497494389795,161504.0,0.6812560109335718,False
100000003760160100,terminal,0.668683,9,0.548043,"Видимый вход от 1 узлов (104,470 KZT), выхода нет; depth=3<4.",3,False,1,0,104470.0,0.0,1,0,0.00028895508063280965,7,0.0,0.0,0.0,False
100000003770083100,peripheral,0.35,46,0.004448,"Недостаточно ролевых признаков: входящих 0, исходящих 0, depth=0.",0,True,0,0,0.0,0.0,0,0,0.0002855692942172902,1,,0.0,0.0,False
100000003781406100,terminal,0.586566,7,0.669039,"Видимый вход от 1 узлов (45,000 KZT), выхода нет; depth=3<4.",3,False,1,0,45000.0,0.0,2,0,0.0007228806641155297,9,0.0,0.0,0.0,False
100000003782913100,peripheral,0.2,16,0.244884,"depth=4: обход обрывается; видимый вход от 1 узлов, исходящие неизвестны.",4,False,1,0,200000.0,0.0,1,0,0.00029939656360654794,7,0.0,0.0,0.0,True
100000003786516100,peripheral,0.2,4,0.017683,"depth=4: обход обрывается; видимый вход от 1 узлов, исходящие неизвестны.",4,False,1,0,5000.0,0.0,1,0,0.00029315964798120263,7,0.0,0.0,0.0,True
100000003792647100,peripheral,0.2,22,0.05972,"depth=4: обход обрывается; видимый вход от 1 узлов, исходящие неизвестны.",4,False,1,0,8000.0,0.0,1,0,0.00040027314211192583,7,0.0,0.0,0.0,True
100000003795588100,terminal,0.759164,0,0.789591,"Видимый вход от 1 узлов (400,000 KZT), выхода нет; depth=3<4.",3,False,1,0,400000.0,0.0,2,0,0.00032104219550652103,7,0.0,0.0,0.0,False
100000003796063100,distributor,0.969417,4,0.975979,"Отправляет 15 получателям, видимый выход 959,150 KZT; depth=3.",3,False,1,15,35000.0,959150.0,1,23,0.0006852648705720556,7,27.404285714285713,0.0,0.0,False
100000003798151100,terminal,0.751512,5,0.834075,"Видимый вход от 1 узлов (350,000 KZT), выхода нет; depth=2<4.",2,False,1,0,350000.0,0.0,3,0,0.0005753929174195429,7,0.0,0.0,0.0,False
100000003809101100,peripheral,0.35,35,0.824288,"Недостаточно ролевых признаков: входящих 2, исходящих 2, depth=1.",1,False,2,2,166050.0,55200.0,3,4,0.0003619470775424321,8,0.3324299909665763,20000.0,0.36231884057971014,False
100000003814002100,terminal,0.551068,9,0.308719,"Видимый вход от 1 узлов (30,000 KZT), выхода нет; depth=3<4.",3,False,1,0,30000.0,0.0,1,0,0.00028654156943951265,7,0.0,0.0,0.0,False
100000003819173100,peripheral,0.2,13,0.204682,"depth=4: обход обрывается; видимый вход от 1 узлов, исходящие неизвестны.",4,False,1,0,143777.0,0.0,1,0,0.0002952095652766986,7,0.0,0.0,0.0,True
100000003823811100,peripheral,0.35,35,0.692616,"Недостаточно ролевых признаков: входящих 1, исходящих 3, depth=2.",2,False,1,3,30000.0,66130.0,1,3,0.0003569753080281222,7,2.2043333333333335,0.0,0.0,False
100000003824464100,terminal,0.716815,23,0.717749,"Видимый вход от 1 узлов (200,000 KZT), выхода нет; depth=2<4.",2,False,1,0,200000.0,0.0,1,0,0.0003232476510835702,7,0.0,0.0,0.0,False
100000003831201100,terminal,0.578915,4,0.550712,"Видимый вход от 1 узлов (40,500 KZT), выхода нет; depth=2<4.",2,False,1,0,40500.0,0.0,3,0,0.0005343335334517973,7,0.0,0.0,0.0,False
100000003831324100,terminal,0.743772,1,0.907028,"Видимый вход от 2 узлов (300,000 KZT), выхода нет; depth=1<4.",1,False,2,0,300000.0,0.0,2,0,0.00031519260326985616,9,0.0,0.0,0.0,False
100000003832231100,terminal,0.565658,2,0.498221,"Видимый вход от 1 узлов (35,000 KZT), выхода нет; depth=1<4.",1,False,1,0,35000.0,0.0,1,0,0.00029257756939896534,10,0.0,0.0,0.0,False
100000003834495100,consolidator,0.942171,0,0.948399,"Получает от 3 плательщиков, видимый вход 602,441 KZT; depth=3.",3,False,3,1,602441.0,20000.0,5,1,0.0006208601664329524,7,0.0331982716979754,20000.0,1.0,False
100000003835149100,peripheral,0.35,7,0.79048,"Недостаточно ролевых признаков: входящих 1, исходящих 2, depth=1.",1,False,1,2,248500.0,4600440.0,1,13,0.0004889016554646466,1,18.512837022132796,248500.0,1.0,False
100000003838587100,peripheral,0.2,16,0.081072,"depth=4: обход обрывается; видимый вход от 1 узлов, исходящие неизвестны.",4,False,1,0,6000.0,0.0,1,0,0.0005550324069085211,7,0.0,0.0,0.0,True
100000003843844100,peripheral,0.35,4,0.600534,"Недостаточно ролевых признаков: входящих 1, исходящих 1, depth=3.",3,False,1,1,16680.0,238000.0,1,1,0.0002917438481336822,7,14.268585131894485,16680.0,1.0,False
100000003854444100,distributor,0.982429,34,0.974644,"Отправляет 14 получателям, видимый выход 2,322,909 KZT; depth=2.",2,False,1,14,210000.0,2322909.0,4,14,0.0004667616271471915,7,11.061471428571428,182985.0,0.8713571428571428,False
100000003865939100,terminal,0.64395,47,0.560498,"Видимый вход от 1 узлов (81,465 KZT), выхода нет; depth=1<4.",1,False,1,0,81465.0,0.0,1,0,0.0005285862410602071,1,0.0,0.0,0.0,False
100000003873332100,peripheral,0.35,34,0.695285,"Недостаточно ролевых признаков: входящих 1, исходящих 4, depth=1.",1,False,1,4,23468.0,286000.0,1,8,0.00028997312128448393,7,12.186807567751833,23468.0,1.0,False
100000003877908100,terminal,0.57669,2,0.525578,"Видимый вход от 1 узлов (40,000 KZT), выхода нет; depth=1<4.",1,False,1,0,40000.0,0.0,1,0,0.00029357875156777607,10,0.0,0.0,0.0,False
100000003880331100,distributor,0.987878,13,0.955516,"Отправляет 16 получателям, видимый выход 3,904,908 KZT; depth=3.",3,False,1,16,100000.0,3904908.0,1,31,0.0003076581045462551,7,39.04908,100000.0,1.0,False
100000003886323100,peripheral,0.35,5,0.724644,"Недостаточно ролевых признаков: входящих 2, исходящих 1, depth=1.",1,False,2,1,78168.0,7650.0,6,1,0.0018048414724056996,7,0.09786613447958244,7650.0,1.0,False
100000003888197100,terminal,0.64573,9,0.503114,"Видимый вход от 1 узлов (83,167 KZT), выхода нет; depth=3<4.",3,False,1,0,83167.0,0.0,1,0,0.0002882646679975095,7,0.0,0.0,0.0,False
100000003888271100,peripheral,0.35,18,0.37411,"Недостаточно ролевых признаков: входящих 1, исходящих 2, depth=1.",1,False,1,2,12177.0,25590.0,2,3,0.0002913863210858292,1,2.10150283321015,12177.0,1.0,False
100000003888527100,terminal,0.551068,9,0.467972,"Видимый вход от 1 узлов (30,000 KZT), выхода нет; depth=3<4.",3,False,1,0,30000.0,0.0,1,0,0.0003666748083508467,7,0.0,0.0,0.0,False
100000003896956100,peripheral,0.35,5,0.387011,"Недостаточно ролевых признаков: входящих 1, исходящих 1, depth=3.",3,False,1,1,10000.0,27000.0,1,2,0.0002885646095495058,7,2.7,10000.0,1.0,False
100000003899325100,terminal,0.605338,13,0.4871,"Видимый вход от 1 узлов (50,120 KZT), выхода нет; depth=3<4.",3,False,1,0,50120.0,0.0,1,0,0.0002966402059541674,7,0.0,0.0,0.0,False
100000003899899100,peripheral,0.35,5,0.793594,"Недостаточно ролевых признаков: входящих 2, исходящих 1, depth=3.",3,False,2,1,218500.0,10000.0,5,1,0.0006539846029635851,7,0.04576659038901602,10000.0,1.0,False
100000003900547100,terminal,0.52242,5,0.26379,"Видимый вход от 1 узлов (23,700 KZT), выхода нет; depth=1<4.",1,False,1,0,23700.0,0.0,1,0,0.00028811747208587187,7,0.0,0.0,0.0,False
100000003904497100,peripheral,0.2,28,0.119774,"depth=4: обход обрывается; видимый вход от 1 узлов, исходящие неизвестны.",4,False,1,0,10000.0,0.0,1,0,0.00034125682441928356,9,0.0,0.0,0.0,True
100000003917461100,peripheral,0.35,7,0.795596,"Недостаточно ролевых признаков: входящих 1, исходящих 2, depth=3.",3,False,1,2,10000.0,140000.0,1,5,0.0003991316698685005,9,14.0,0.0,0.0,False
100000003920950100,terminal,0.747331,4,0.801157,"Видимый вход от 1 узлов (323,290 KZT), выхода нет; depth=3<4.",3,False,1,0,323290.0,0.0,1,0,0.00039172837020751925,7,0.0,0.0,0.0,False
100000003922499100,terminal,0.601957,7,0.504448,"Видимый вход от 1 узлов (50,000 KZT), выхода нет; depth=2<4.",2,False,1,0,50000.0,0.0,1,0,0.0005352399237782638,1,0.0,0.0,0.0,False
100000003923946100,peripheral,0.35,32,0.812278,"Недостаточно ролевых признаков: входящих 1, исходящих 4, depth=1.",1,False,1,4,282000.0,675000.0,3,4,0.0003894174848137435,2,2.393617021276596,120000.0,0.425531914893617,False
100000003927792100,terminal,0.464057,5,0.177046,"Видимый вход от 1 узлов (13,067 KZT), выхода нет; depth=2<4.",2,False,1,0,13067.0,0.0,1,0,0.0002897264416903393,7,0.0,0.0,0.0,False
100000003934614100,peripheral,0.35,14,0.516014,"Недостаточно ролевых признаков: входящих 2, исходящих 1, depth=3.",3,False,2,1,17000.0,11500.0,2,2,0.0003134906893691786,7,0.6764705882352942,11500.0,1.0,False
100000003942602100,peripheral,0.35,24,0.376779,"Недостаточно ролевых признаков: входящих 1, исходящих 1, depth=1.",1,False,1,1,30000.0,30000.0,1,1,0.000291865942812865,1,1.0,0.0,0.0,False
100000003943247100,terminal,0.57669,4,0.369217,"Видимый вход от 1 узлов (40,000 KZT), выхода нет; depth=3<4.",3,False,1,0,40000.0,0.0,1,0,0.0002878220928994111,7,0.0,0.0,0.0,False
100000003943483100,terminal,0.445907,7,0.326957,"Видимый вход от 1 узлов (10,000 KZT), выхода нет; depth=2<4.",2,False,1,0,10000.0,0.0,1,0,0.00032896498623384866,8,0.0,0.0,0.0,False
100000003946524100,peripheral,0.35,2,0.841192,"Недостаточно ролевых признаков: входящих 2, исходящих 2, depth=1.",1,False,2,2,133757.0,144750.0,2,2,0.0003260605758889195,10,1.0821863528637754,20000.0,0.14952488467893268,False
100000003950749100,peripheral,0.2,5,0.055716,"depth=4: обход обрывается; видимый вход от 1 узлов, исходящие неизвестны.",4,False,1,0,7000.0,0.0,1,0,0.00038424128954841466,7,0.0,0.0,0.0,True
100000003951827100,peripheral,0.35,4,0.381673,"Недостаточно ролевых признаков: входящих 1, исходящих 2, depth=3.",3,False,1,2,9000.0,17000.0,1,2,0.0002860761739207674,7,1.8888888888888888,9000.0,1.0,False
100000003962994100,terminal,0.445907,5,0.301157,"Видимый вход от 1 узлов (10,000 KZT), выхода нет; depth=3<4.",3,False,1,0,10000.0,0.0,1,0,0.00048122982573492034,7,0.0,0.0,0.0,False
100000003964910100,terminal,0.789413,22,0.919929,"Видимый вход от 2 узлов (1,000,000 KZT), выхода нет; depth=3<4.",3,False,2,0,1000000.0,0.0,2,0,0.0005093616966720346,7,0.0,0.0,0.0,False
100000003968044100,peripheral,0.35,0,0.720641,"Недостаточно ролевых признаков: входящих 1, исходящих 3, depth=3.",3,False,1,3,40000.0,311000.0,1,4,0.00029600415505373623,7,7.775,40000.0,1.0,False
100000003970394100,terminal,0.647331,7,0.477758,"Видимый вход от 1 узлов (85,000 KZT), выхода нет; depth=1<4.",1,False,1,0,85000.0,0.0,1,0,0.0002996754737897487,1,0.0,0.0,0.0,False
100000003971049100,terminal,0.61637,22,0.50089,"Видимый вход от 1 узлов (55,900 KZT), выхода нет; depth=2<4.",2,False,1,0,55900.0,0.0,7,0,0.00029426514402485806,7,0.0,0.0,0.0,False
100000003975102100,peripheral,0.35,5,0.742438,"Недостаточно ролевых признаков: входящих 1, исходящих 2, depth=0.",0,True,1,2,25650.0,88500.0,1,2,0.00034546521801697994,8,3.4502923976608186,25650.0,1.0,False
100000003977183100,peripheral,0.35,32,0.797598,"Недостаточно ролевых признаков: входящих 2, исходящих 4, depth=0.",0,True,2,4,123800.0,766000.0,2,6,0.0003314603816994432,2,6.187399030694669,0.0,0.0,False
100000003980083100,terminal,0.551068,42,0.398132,"Видимый вход от 1 узлов (30,000 KZT), выхода нет; depth=1<4.",1,False,1,0,30000.0,0.0,1,0,0.0005285862410602071,1,0.0,0.0,0.0,False
100000003985389100,peripheral,0.2,13,0.369328,"depth=4: обход обрывается; видимый вход от 1 узлов, исходящие неизвестны.",4,False,1,0,422698.0,0.0,16,0,0.0004903551059552761,7,0.0,0.0,0.0,True
100000003986141100,terminal,0.418683,22,0.078737,"Видимый вход от 1 узлов (5,286 KZT), выхода нет; depth=3<4.",3,False,1,0,5286.32,0.0,1,0,0.0002868461256435462,7,0.0,0.0,0.0,False
100000003988112100,peripheral,0.35,35,0.687945,"Недостаточно ролевых признаков: входящих 1, исходящих 1, depth=2.",2,False,1,1,92000.0,64000.0,2,5,0.0005045477365705085,7,0.6956521739130435,34000.0,0.53125,False
100000003989033100,peripheral,0.2,19,0.305271,"depth=4: обход обрывается; видимый вход от 1 узлов, исходящие неизвестны.",4,False,1,0,373400.0,0.0,13,0,0.0005989171063455096,1,0.0,0.0,0.0,True
100000003996562100,terminal,0.430961,4,0.231317,"Видимый вход от 1 узлов (7,700 KZT), выхода нет; depth=3<4.",3,False,1,0,7700.0,0.0,1,0,0.00032817368818376504,7,0.0,0.0,0.0,False
100000004004621100,terminal,0.638434,4,0.851423,"Видимый вход от 3 узлов (75,389 KZT), выхода нет; depth=1<4.",1,False,3,0,75389.0,0.0,3,0,0.0003007744031334764,10,0.0,0.0,0.0,False
100000004005964100,peripheral,0.35,27,0.690391,"Недостаточно ролевых признаков: входящих 3, исходящих 3, depth=1.",1,False,3,3,97900.0,72000.0,9,5,0.00040452469148817116,1,0.7354443309499489,45000.0,0.625,False
100000004006327100,peripheral,0.2,28,0.411699,"depth=4: обход обрывается; видимый вход от 1 узлов, исходящие неизвестны.",4,False,1,0,300000.0,0.0,3,0,0.0005549673062458651,8,0.0,0.0,0.0,True
100000004007116100,consolidator,0.65,27,0.915036,"Получает от 3 плательщиков, видимый вход 764,704 KZT; depth=0.",0,True,3,4,764704.0,148000.0,24,6,0.0006277769573248414,1,0.19353893794200108,148000.0,1.0,False
100000004007197100,terminal,0.452313,27,0.051601,"Видимый вход от 1 узлов (10,048 KZT), выхода нет; depth=3<4.",3,False,1,0,10048.0,0.0,1,0,0.00028768870831810125,1,0.0,0.0,0.0,False
100000004013952100,peripheral,0.2,0,0.071731,"depth=4: обход обрывается; видимый вход от 1 узлов, исходящие неизвестны.",4,False,1,0,5500.0,0.0,1,0,0.0005331412160251201,7,0.0,0.0,0.0,True
100000004015047100,consolidator,0.983986,32,0.998665,"Получает от 9 плательщиков, видимый вход 919,104 KZT; depth=1.",1,False,9,1,919104.0,69195.0,18,7,0.002278597110650866,11,0.07528527783580531,45261.0,0.6541079557771515,False
100000004017410100,peripheral,0.35,14,0.892794,"Недостаточно ролевых признаков: входящих 2, исходящих 5, depth=3.",3,False,2,5,193650.0,1330915.0,6,11,0.0011315419625793047,7,6.872785954040795,193650.0,1.0,False
100000004019056100,peripheral,0.2,4,0.226201,"depth=4: обход обрывается; видимый вход от 1 узлов, исходящие неизвестны.",4,False,1,0,50000.0,0.0,1,0,0.0005409213827074562,7,0.0,0.0,0.0,True
100000004019124100,consolidator,0.65,5,0.927046,"Получает от 3 плательщиков, видимый вход 193,000 KZT; depth=0.",0,True,3,0,193000.0,0.0,3,0,0.0012028680902033675,12,0.0,0.0,0.0,False
100000004021459100,peripheral,0.35,48,0.004448,"Недостаточно ролевых признаков: входящих 0, исходящих 0, depth=0.",0,True,0,0,0.0,0.0,0,0,0.0002855692942172902,1,,0.0,0.0,False
100000004030553100,peripheral,0.2,25,0.171986,"depth=4: обход обрывается; видимый вход от 1 узлов, исходящие неизвестны.",4,False,1,0,70000.0,0.0,1,0,0.000530829721053794,1,0.0,0.0,0.0,True
100000004035925100,peripheral,0.2,5,0.40169,"depth=4: обход обрывается; видимый вход от 1 узлов, исходящие неизвестны.",4,False,1,0,1111588.0,0.0,2,0,0.0004624126239356524,7,0.0,0.0,0.0,True
100000004041163100,peripheral,0.35,5,0.906139,"Недостаточно ролевых признаков: входящих 1, исходящих 2, depth=0.",0,True,1,2,50000.0,866000.0,1,6,0.002084748055672515,15,17.32,0.0,0.0,False
100000004041294100,peripheral,0.2,11,0.052714,"depth=4: обход обрывается; видимый вход от 1 узлов, исходящие неизвестны.",4,False,1,0,17800.0,0.0,2,0,0.00030085428557357664,7,0.0,0.0,0.0,True
100000004047887100,peripheral,0.2,9,0.047375,"depth=4: обход обрывается; видимый вход от 1 узлов, исходящие неизвестны.",4,False,1,0,30000.0,0.0,1,0,0.00028801399269163803,7,0.0,0.0,0.0,True
100000004049912100,peripheral,0.2,34,0.049544,"depth=4: обход обрывается; видимый вход от 1 узлов, исходящие неизвестны.",4,False,1,0,10000.0,0.0,1,0,0.0003245564257590681,7,0.0,0.0,0.0,True
100000004058740100,terminal,0.551068,24,0.254004,"Видимый вход от 1 узлов (30,000 KZT), выхода нет; depth=1<4.",1,False,1,0,30000.0,0.0,1,0,0.000291865942812865,1,0.0,0.0,0.0,False
100000004064431100,peripheral,0.35,27,0.30605,"Недостаточно ролевых признаков: входящих 1, исходящих 1, depth=3.",3,False,1,1,26000.0,10000.0,1,1,0.00029105344694629973,1,0.38461538461538464,10000.0,1.0,False
100000004066370100,peripheral,0.2,20,0.179827,"depth=4: обход обрывается; видимый вход от 1 узлов, исходящие неизвестны.",4,False,1,0,65000.0,0.0,2,0,0.0005893461583954309,1,0.0,0.0,0.0,True
100000004066647100,terminal,0.607117,34,0.481317,"Видимый вход от 1 узлов (51,000 KZT), выхода нет; depth=3<4.",3,False,1,0,51000.0,0.0,1,0,0.0002942910761084235,7,0.0,0.0,0.0,False
100000004070318100,distributor,0.962856,4,0.941726,"Отправляет 19 получателям, видимый выход 551,860 KZT; depth=1.",1,False,4,19,207246.55,551860.0,6,37,0.0003141223476175547,7,2.662818753798314,207246.55,1.0,False
100000004070530100,peripheral,0.2,9,0.026356,"depth=4: обход обрывается; видимый вход от 1 узлов, исходящие неизвестны.",4,False,1,0,20000.0,0.0,1,0,0.00028719909320018875,7,0.0,0.0,0.0,True
100000004071070100,peripheral,0.35,0,0.662367,"Недостаточно ролевых признаков: входящих 2, исходящих 1, depth=2.",2,False,2,1,41000.0,6000.0,5,1,0.0011875923340219261,7,0.14634146341463414,6000.0,1.0,False
100000004071080100,consolidator,0.909475,0,0.948843,"Получает от 9 плательщиков, видимый вход 238,600 KZT; depth=1.",1,False,9,2,238600.0,46500.0,16,5,0.0013690045738923406,7,0.19488683989941324,46500.0,1.0,False
100000004071444100,peripheral,0.35,0,0.674822,"Недостаточно ролевых признаков: входящих 1, исходящих 1, depth=3.",3,False,1,1,247350.0,100000.0,1,1,0.0003075048495520183,7,0.40428542551041036,0.0,0.0,False
100000004076740100,peripheral,0.35,14,0.845641,"Недостаточно ролевых признаков: входящих 3, исходящих 6, depth=1.",1,False,3,6,93250.0,125000.0,5,10,0.0007414546780411341,7,1.3404825737265416,93250.0,1.0,False
100000004077081100,peripheral,0.35,4,0.747776,"Недостаточно ролевых признаков: входящих 1, исходящих 4, depth=3.",3,False,1,4,140000.0,615000.0,1,6,0.0002901065785876618,7,4.392857142857143,100000.0,0.7142857142857143,False
100000004094958100,peripheral,0.35,49,0.520018,"Недостаточно ролевых признаков: входящих 1, исходящих 1, depth=1.",1,False,1,1,39000.0,40000.0,1,1,0.0003914649470315221,1,1.0256410256410255,0.0,0.0,False
100000004096559100,terminal,0.589324,1,0.516904,"Видимый вход от 1 узлов (46,200 KZT), выхода нет; depth=3<4.",3,False,1,0,46200.0,0.0,1,0,0.0009765877187482832,1,0.0,0.0,0.0,False
100000004097972100,peripheral,0.35,0,0.660142,"Недостаточно ролевых признаков: входящих 1, исходящих 2, depth=3.",3,False,1,2,118878.0,10000.0,1,2,0.0003165811788801659,7,0.0841198539679335,5000.0,0.5,False
100000004099450100,terminal,0.556139,0,0.390125,"Видимый вход от 1 узлов (31,000 KZT), выхода нет; depth=3<4.",3,False,1,0,31000.0,0.0,1,0,0.0002961658639475312,7,0.0,0.0,0.0,False
100000004105288100,terminal,0.721708,2,0.91548,"Видимый вход от 2 узлов (215,000 KZT), выхода нет; depth=1<4.",1,False,2,0,215000.0,0.0,2,0,0.00046304013809882774,11,0.0,0.0,0.0,False
100000004107228100,peripheral,0.2,0,0.01468,"depth=4: обход обрывается; видимый вход от 1 узлов, исходящие неизвестны.",4,False,1,0,5000.0,0.0,1,0,0.0002887085719064808,7,0.0,0.0,0.0,True
100000004114962100,terminal,0.700801,9,0.883452,"Видимый вход от 2 узлов (165,000 KZT), выхода нет; depth=3<4.",3,False,2,0,165000.0,0.0,2,0,0.0007112908662345276,7,0.0,0.0,0.0,False
100000004130144100,terminal,0.716815,1,0.575845,"Видимый вход от 1 узлов (200,000 KZT), выхода нет; depth=1<4.",1,False,1,0,200000.0,0.0,1,0,0.00029703774196744934,1,0.0,0.0,0.0,False
100000004134060100,terminal,0.65,28,0.684164,"Видимый вход от 1 узлов (88,179 KZT), выхода нет; depth=2<4.",2,False,1,0,88179.0,0.0,1,0,0.0003280105841798631,8,0.0,0.0,0.0,False
100000004135268100,peripheral,0.35,41,0.852758,"Недостаточно ролевых признаков: входящих 2, исходящих 3, depth=1.",1,False,2,3,1239000.0,1000200.0,3,4,0.0017405273422577722,1,0.8072639225181598,375000.0,0.3749250149970006,False
100000004140487100,peripheral,0.35,4,0.712189,"Недостаточно ролевых признаков: входящих 1, исходящих 10, depth=3.",3,False,1,10,24510.0,262600.0,1,19,0.0002894271448597533,7,10.713994288045695,24510.0,1.0,False
100000004140994100,terminal,0.496085,17,0.12411,"Видимый вход от 1 узлов (18,650 KZT), выхода нет; depth=3<4.",3,False,1,0,18650.0,0.0,1,0,0.00028848014479905044,1,0.0,0.0,0.0,False
100000004144536100,consolidator,0.862656,27,0.903025,"Получает от 4 плательщиков, видимый вход 168,000 KZT; depth=1.",1,False,4,0,168000.0,0.0,6,0,0.0009685966718954024,1,0.0,0.0,0.0,False
100000004150593100,distributor,0.964635,5,0.939502,"Отправляет 11 получателям, видимый выход 871,165 KZT; depth=2.",2,False,1,11,57000.0,871165.0,2,16,0.0003066265725556516,7,15.28359649122807,57000.0,1.0,False
100000004156082100,distributor,0.987656,5,0.989324,"Отправляет 26 получателям, видимый выход 2,319,556 KZT; depth=1.",1,False,5,26,377366.11,2319556.0,7,29,0.0008669668928480412,7,6.146699288921308,305366.11,0.809203852460413,False
100000004158362100,terminal,0.457829,4,0.18016,"Видимый вход от 1 узлов (12,000 KZT), выхода нет; depth=2<4.",2,False,1,0,12000.0,0.0,1,0,0.00029138223393265013,7,0.0,0.0,0.0,False
100000004159526100,consolidator,0.90714,16,0.972865,"Получает от 4 плательщиков, видимый вход 275,037 KZT; depth=1.",1,False,4,4,275037.0,68000.0,4,6,0.0008532026216190913,8,0.24723946232688693,48000.0,0.7058823529411765,False
100000004160650100,distributor,0.972754,27,0.930605,"Отправляет 10 получателям, видимый выход 1,489,827 KZT; depth=2.",2,False,2,10,75100.0,1489827.0,4,40,0.00036922766671020936,1,19.83790945406125,55100.0,0.7336884154460719,False
100000004167082100,peripheral,0.2,4,0.079738,"depth=4: обход обрывается; видимый вход от 1 узлов, исходящие неизвестны.",4,False,1,0,13300.0,0.0,1,0,0.0003849148092594282,7,0.0,0.0,0.0,True
100000004174835100,peripheral,0.35,50,0.004448,"Недостаточно ролевых признаков: входящих 0, исходящих 0, depth=0.",0,True,0,0,0.0,0.0,0,0,0.0002855692942172902,1,,0.0,0.0,False
100000004177936100,peripheral,0.2,0,0.05238,"depth=4: обход обрывается; видимый вход от 1 узлов, исходящие неизвестны.",4,False,1,0,10000.0,0.0,1,0,0.00033700711990315767,7,0.0,0.0,0.0,True
100000004180097100,peripheral,0.35,25,0.815391,"Недостаточно ролевых признаков: входящих 3, исходящих 3, depth=1.",1,False,3,3,104854.0,47800.0,5,7,0.0008565318930578556,7,0.4558719743643542,38000.0,0.7949790794979079,False
100000004183610100,peripheral,0.35,13,0.765569,"Недостаточно ролевых признаков: входящих 1, исходящих 1, depth=3.",3,False,1,1,22000.0,915000.0,1,3,0.00034076272266534053,7,41.59090909090909,15000.0,0.6818181818181818,False
100000004184158100,terminal,0.719573,0,0.697064,"Видимый вход от 1 узлов (203,805 KZT), выхода нет; depth=3<4.",3,False,1,0,203805.0,0.0,1,0,0.0003036431808354194,7,0.0,0.0,0.0,False
100000004185681100,terminal,0.445907,4,0.315836,"Видимый вход от 1 узлов (10,000 KZT), выхода нет; depth=3<4.",3,False,1,0,10000.0,0.0,1,0,0.000535296205282201,7,0.0,0.0,0.0,False
100000004186824100,peripheral,0.35,5,0.797153,"Недостаточно ролевых признаков: входящих 2, исходящих 1, depth=1.",1,False,2,1,451700.0,7000.0,7,1,0.00038192715477473974,7,0.015497011290679655,7000.0,1.0,False
100000004188160100,peripheral,0.35,5,0.719306,"Недостаточно ролевых признаков: входящих 2, исходящих 5, depth=1.",1,False,2,5,87862.0,133846.0,5,6,0.0002968274021349173,7,1.5233661878855478,87862.0,1.0,False
100000004192107100,terminal,0.53016,20,0.425267,"Видимый вход от 1 узлов (25,000 KZT), выхода нет; depth=2<4.",2,False,1,0,25000.0,0.0,1,0,0.0002993001243079823,8,0.0,0.0,0.0,False
100000004192865100,terminal,0.628648,21,0.55427,"Видимый вход от 1 узлов (66,666 KZT), выхода нет; depth=2<4.",2,False,1,0,66666.0,0.0,1,0,0.0005558092873800465,1,0.0,0.0,0.0,False
100000004193835100,peripheral,0.35,5,0.65169,"Недостаточно ролевых признаков: входящих 1, исходящих 1, depth=0.",0,True,1,1,47000.0,5000.0,1,1,0.000469930139695584,8,0.10638297872340426,0.0,0.0,False
100000004200745100,peripheral,0.2,7,0.381673,"depth=4: обход обрывается; видимый вход от 1 узлов, исходящие неизвестны.",4,False,1,0,130000.0,0.0,4,0,0.0006010148962169071,9,0.0,0.0,0.0,True
100000004206046100,terminal,0.455694,5,0.1379,"Видимый вход от 1 узлов (11,075 KZT), выхода нет; depth=1<4.",1,False,1,0,11075.0,0.0,1,0,0.00028676005666009784,7,0.0,0.0,0.0,False
100000004209339100,peripheral,0.35,39,0.869217,"Недостаточно ролевых признаков: входящих 1, исходящих 2, depth=2.",2,False,1,2,138500.0,238500.0,6,11,0.0008195334277812185,8,1.7220216606498195,138500.0,1.0,False
100000004213658100,terminal,0.533808,24,0.212189,"Видимый вход от 1 узлов (25,347 KZT), выхода нет; depth=1<4.",1,False,1,0,25347.0,0.0,1,0,0.00029088933261569135,1,0.0,0.0,0.0,False
100000004217419100,peripheral,0.35,0,0.740658,"Недостаточно ролевых признаков: входящих 2, исходящих 1, depth=3.",3,False,2,1,118200.0,7700.0,3,1,0.000584182953023545,7,0.06514382402707276,7700.0,1.0,False
100000004218576100,terminal,0.536566,24,0.220418,"Видимый вход от 1 узлов (26,144 KZT), выхода нет; depth=1<4.",1,False,1,0,26144.0,0.0,1,0,0.0002910566135800471,1,0.0,0.0,0.0,False
100000004221668100,consolidator,0.974533,32,0.951068,"Получает от 4 плательщиков, видимый вход 1,128,300 KZT; depth=2.",2,False,4,3,1128300.0,731440.0,8,10,0.0030901749053247243,1,0.6482673047948241,394540.0,0.5394017280979985,False
100000004222274100,peripheral,0.2,4,0.11944,"depth=4: обход обрывается; видимый вход от 1 узлов, исходящие неизвестны.",4,False,1,0,15500.0,0.0,1,0,0.0005454170226679202,7,0.0,0.0,0.0,True
100000004225615100,terminal,0.651868,28,0.465747,"Видимый вход от 1 узлов (90,000 KZT), выхода нет; depth=2<4.",2,False,1,0,90000.0,0.0,2,0,0.0002940382625762377,1,0.0,0.0,0.0,False
100000004226848100,terminal,0.745196,2,0.855872,"Видимый вход от 1 узлов (301,866 KZT), выхода нет; depth=1<4.",1,False,1,0,301866.0,0.0,1,0,0.0003460138655313343,10,0.0,0.0,0.0,False
100000004232712100,peripheral,0.2,9,0.101257,"depth=4: обход обрывается; видимый вход от 1 узлов, исходящие неизвестны.",4,False,1,0,12500.0,0.0,1,0,0.0005292762077277096,7,0.0,0.0,0.0,True
100000004235471100,peripheral,0.2,9,0.288089,"depth=4: обход обрывается; видимый вход от 1 узлов, исходящие неизвестны.",4,False,1,0,180000.0,0.0,1,0,0.0003486135302974605,7,0.0,0.0,0.0,True
100000004241142100,peripheral,0.2,4,0.167482,"depth=4: обход обрывается; видимый вход от 1 узлов, исходящие неизвестны.",4,False,1,0,27102.0,0.0,1,0,0.0005301329725055725,7,0.0,0.0,0.0,True
100000004254434100,terminal,0.584342,24,0.338523,"Видимый вход от 1 узлов (44,445 KZT), выхода нет; depth=1<4.",1,False,1,0,44445.0,0.0,2,0,0.0002948977791116342,1,0.0,0.0,0.0,False
100000004257714100,terminal,0.609253,17,0.380338,"Видимый вход от 1 узлов (52,220 KZT), выхода нет; depth=3<4.",3,False,1,0,52220.0,0.0,1,0,0.0002937196758462189,1,0.0,0.0,0.0,False
100000004260869100,peripheral,0.2,5,0.111099,"depth=4: обход обрывается; видимый вход от 1 узлов, исходящие неизвестны.",4,False,1,0,10000.0,0.0,1,0,0.0008422084803364126,7,0.0,0.0,0.0,True
100000004261340100,peripheral,0.2,4,0.180494,"depth=4: обход обрывается; видимый вход от 1 узлов, исходящие неизвестны.",4,False,1,0,48500.0,0.0,4,0,0.0003473850492015357,7,0.0,0.0,0.0,True
100000004263867100,peripheral,0.2,19,0.010843,"depth=4: обход обрывается; видимый вход от 1 узлов, исходящие неизвестны.",4,False,1,0,9000.0,0.0,1,0,0.00029038564076541864,1,0.0,0.0,0.0,True
100000004265639100,peripheral,0.2,0,0.100423,"depth=4: обход обрывается; видимый вход от 1 узлов, исходящие неизвестны.",4,False,1,0,10000.0,0.0,1,0,0.0005523205956514864,7,0.0,0.0,0.0,True
100000004268036100,peripheral,0.2,19,0.007673,"depth=4: обход обрывается; видимый вход от 1 узлов, исходящие неизвестны.",4,False,1,0,5500.0,0.0,1,0,0.00028851261710781314,1,0.0,0.0,0.0,True
100000004269433100,peripheral,0.35,2,0.366548,"Недостаточно ролевых признаков: входящих 0, исходящих 1, depth=0.",0,True,0,1,0.0,1372000.0,0,67,0.0002855692942172902,1,,0.0,0.0,False
100000004272302100,peripheral,0.2,4,0.016682,"depth=4: обход обрывается; видимый вход от 1 узлов, исходящие неизвестны.",4,False,1,0,10000.0,0.0,1,0,0.0002877361499743463,7,0.0,0.0,0.0,True
100000004278574100,peripheral,0.35,9,0.368327,"Недостаточно ролевых признаков: входящих 1, исходящих 1, depth=3.",3,False,1,1,25000.0,12500.0,1,1,0.00028637952356914227,7,0.5,12500.0,1.0,False
100000004285800100,peripheral,0.35,0,0.540925,"Недостаточно ролевых признаков: входящих 1, исходящих 1, depth=2.",2,False,1,1,5000.0,15000.0,1,1,0.0003442181347832994,10,3.0,0.0,0.0,False
100000004286573100,terminal,0.484164,7,0.09831,"Видимый вход от 1 узлов (16,590 KZT), выхода нет; depth=1<4.",1,False,1,0,16590.0,0.0,1,0,0.0002883224885597265,1,0.0,0.0,0.0,False
100000004291560100,terminal,0.593149,4,0.404359,"Видимый вход от 1 узлов (47,190 KZT), выхода нет; depth=3<4.",3,False,1,0,47190.0,0.0,1,0,0.0002882270334625224,7,0.0,0.0,0.0,False
100000004291663100,peripheral,0.2,4,0.09742,"depth=4: обход обрывается; видимый вход от 1 узлов, исходящие неизвестны.",4,False,1,0,25000.0,0.0,1,0,0.0003111707348663816,7,0.0,0.0,0.0,True
100000004292885100,terminal,0.674199,17,0.536032,"Видимый вход от 1 узлов (112,700 KZT), выхода нет; depth=3<4.",3,False,1,0,112700.0,0.0,1,0,0.00030315925993119793,1,0.0,0.0,0.0,False
100000004299488100,consolidator,0.988545,0,0.983986,"Получает от 6 плательщиков, видимый вход 1,749,000 KZT; depth=1.",1,False,6,2,1749000.0,344999.0,22,14,0.0014621185934412442,7,0.19725500285877645,274999.0,0.7971008611619164,False
100000004315838100,peripheral,0.35,9,0.631228,"Недостаточно ролевых признаков: входящих 2, исходящих 1, depth=1.",1,False,2,1,50000.0,18000.0,2,1,0.0002913854344131959,10,0.36,0.0,0.0,False
100000004318918100,terminal,0.638968,2,0.606762,"Видимый вход от 1 узлов (75,600 KZT), выхода нет; depth=1<4.",1,False,1,0,75600.0,0.0,1,0,0.0002970355594933977,8,0.0,0.0,0.0,False
100000004321983100,peripheral,0.35,32,0.483986,"Недостаточно ролевых признаков: входящих 1, исходящих 2, depth=3.",3,False,1,2,10840.0,36200.0,1,3,0.00032378139516947633,1,3.339483394833948,10840.0,1.0,False
100000004325327100,transit,0.979199,4,0.873221,"Вход 70,817, выход 70,000 KZT; выход/вход=0.99; после видимого входа в более поздние дни ушло до 47,472 KZT.",1,False,2,1,70817.0,70000.0,3,1,0.000295792319681355,7,0.988463222107686,47472.0,0.6781714285714285,False
100000004326224100,peripheral,0.2,9,0.24088,"depth=4: обход обрывается; видимый вход от 1 узлов, исходящие неизвестны.",4,False,1,0,60000.0,0.0,1,0,0.0005348779091078297,7,0.0,0.0,0.0,True
100000004330371100,peripheral,0.35,5,0.850534,"Недостаточно ролевых признаков: входящих 2, исходящих 2, depth=1.",1,False,2,2,264171.0,90681.0,12,6,0.0012542719301566058,7,0.3432662934235779,70526.0,0.7777373429935709,False
100000004331458100,terminal,0.732473,49,0.875,"Видимый вход от 2 узлов (250,000 KZT), выхода нет; depth=2<4.",2,False,2,0,250000.0,0.0,2,0,0.0013234381164598658,1,0.0,0.0,0.0,False
100000004336228100,terminal,0.608007,0,0.491993,"Видимый вход от 1 узлов (51,407 KZT), выхода нет; depth=3<4.",3,False,1,0,51407.0,0.0,2,0,0.00029602851093037016,7,0.0,0.0,0.0,False
100000004336312100,transit,0.607864,14,0.903915,"Вход 90,415, выход 72,650 KZT; выход/вход=0.80; после видимого входа в более поздние дни ушло до 72,650 KZT.",2,False,3,2,90415.0,72650.0,7,3,0.0006960070275624496,7,0.8035171155228668,72650.0,1.0,False
100000004340038100,peripheral,0.35,4,0.455071,"Недостаточно ролевых признаков: входящих 1, исходящих 1, depth=3.",3,False,1,1,9978.0,49000.0,1,1,0.0002892629212543261,7,4.910803768290238,9978.0,1.0,False
100000004350094100,peripheral,0.2,0,0.162478,"depth=4: обход обрывается; видимый вход от 1 узлов, исходящие неизвестны.",4,False,1,0,20000.0,0.0,1,0,0.0008939457051040829,7,0.0,0.0,0.0,True
100000004351795100,distributor,0.978425,22,0.951512,"Отправляет 14 получателям, видимый выход 1,715,161 KZT; depth=1.",1,False,3,14,118333.0,1715161.0,3,37,0.0003135156057452146,7,14.494359139039828,118333.0,1.0,False
100000004356593100,peripheral,0.35,4,0.489324,"Недостаточно ролевых признаков: входящих 1, исходящих 1, depth=2.",2,False,1,1,50000.0,10000.0,1,1,0.0002934516692650865,7,0.2,10000.0,1.0,False
100000004358004100,distributor,0.966637,20,0.884342,"Отправляет 11 получателям, видимый выход 980,850 KZT; depth=0.",0,True,0,11,0.0,980850.0,0,17,0.0002855692942172902,1,,0.0,0.0,False
100000004360785100,terminal,0.657117,5,0.568505,"Видимый вход от 1 узлов (94,705 KZT), выхода нет; depth=1<4.",1,False,1,0,94705.0,0.0,1,0,0.0002957517914765318,7,0.0,0.0,0.0,False
100000004368189100,peripheral,0.35,19,0.675267,"Недостаточно ролевых признаков: входящих 1, исходящих 2, depth=3.",3,False,1,2,384600.0,28200.0,1,2,0.0003038885030129045,2,0.07332293291731669,21700.0,0.7695035460992907,False
100000004377043100,peripheral,0.2,14,0.049544,"depth=4: обход обрывается; видимый вход от 1 узлов, исходящие неизвестны.",4,False,1,0,5700.0,0.0,1,0,0.0003635495256865634,7,0.0,0.0,0.0,True
100000004379306100,peripheral,0.2,0,0.110765,"depth=4: обход обрывается; видимый вход от 1 узлов, исходящие неизвестны.",4,False,1,0,15000.0,0.0,1,0,0.0005320511103436054,7,0.0,0.0,0.0,True
100000004386258100,peripheral,0.35,7,0.830516,"Недостаточно ролевых признаков: входящих 3, исходящих 3, depth=2.",2,False,3,3,61700.0,40000.0,3,3,0.0005336690126056135,9,0.6482982171799028,5000.0,0.125,False
100000004386286100,peripheral,0.2,7,0.183163,"depth=4: обход обрывается; видимый вход от 1 узлов, исходящие неизвестны.",4,False,1,0,12500.0,0.0,1,0,0.0005972866869113208,9,0.0,0.0,0.0,True
100000004386331100,peripheral,0.35,7,0.684609,"Недостаточно ролевых признаков: входящих 1, исходящих 2, depth=3.",3,False,1,2,20000.0,17500.0,1,2,0.0005126940455197109,9,0.875,0.0,0.0,False
100000004388209100,terminal,0.456762,24,0.059164,"Видимый вход от 1 узлов (11,800 KZT), выхода нет; depth=1<4.",1,False,1,0,11800.0,0.0,1,0,0.00028804597599821623,1,0.0,0.0,0.0,False
100000004388353100,terminal,0.624021,2,0.814502,"Видимый вход от 2 узлов (62,960 KZT), выхода нет; depth=1<4.",1,False,2,0,62960.0,0.0,2,0,0.000340759074079163,8,0.0,0.0,0.0,False
100000004388983100,peripheral,0.35,51,0.509786,"Недостаточно ролевых признаков: входящих 0, исходящих 2, depth=0.",0,True,0,2,0.0,450816.0,0,23,0.0002855692942172902,1,,0.0,0.0,False
100000004390333100,distributor,0.95218,4,0.923043,"Отправляет 9 получателям, видимый выход 506,500 KZT; depth=1.",1,False,2,9,64558.0,506500.0,2,14,0.00029521378985057525,7,7.845658167849066,64558.0,1.0,False
100000004394765100,consolidator,0.942393,5,0.939057,"Получает от 3 плательщиков, видимый вход 603,844 KZT; depth=1.",1,False,3,2,603844.0,82500.0,10,2,0.00038027545911161945,7,0.13662469114539516,35500.0,0.4303030303030303,False
100000004398811100,peripheral,0.35,25,0.770018,"Недостаточно ролевых признаков: входящих 1, исходящих 3, depth=2.",2,False,1,3,426000.0,1040672.0,1,4,0.0003496917418399157,1,2.4428920187793426,138172.0,0.3243474178403756,False
100000004399686100,terminal,0.786299,7,0.814947,"Видимый вход от 1 узлов (806,000 KZT), выхода нет; depth=3<4.",3,False,1,0,806000.0,0.0,2,0,0.0005708068229548216,1,0.0,0.0,0.0,False
100000004400305100,distributor,0.997998,4,0.979093,"Отправляет 82 получателям, видимый выход 5,830,181 KZT; depth=2.",2,False,7,82,222800.0,5830181.0,9,101,0.0003858174534932498,7,26.167778276481148,222800.0,1.0,False
100000004400361100,terminal,0.445907,25,0.123221,"Видимый вход от 1 узлов (10,000 KZT), выхода нет; depth=2<4.",2,False,1,0,10000.0,0.0,1,0,0.0002872256288669917,7,0.0,0.0,0.0,False
100000004400480100,peripheral,0.2,19,0.08641,"depth=4: обход обрывается; видимый вход от 1 узлов, исходящие неизвестны.",4,False,1,0,21700.0,0.0,1,0,0.00048457285607853413,2,0.0,0.0,0.0,True
100000004403548100,peripheral,0.2,0,0.047042,"depth=4: обход обрывается; видимый вход от 1 узлов, исходящие неизвестны.",4,False,1,0,5000.0,0.0,1,0,0.0003678656647208164,7,0.0,0.0,0.0,True
100000004403641100,peripheral,0.2,28,0.294596,"depth=4: обход обрывается; видимый вход от 1 узлов, исходящие неизвестны.",4,False,1,0,171500.0,0.0,1,0,0.0003005494163305601,8,0.0,0.0,0.0,True
100000004403675100,consolidator,0.869996,35,0.952847,"Получает от 4 плательщиков, видимый вход 182,980 KZT; depth=1.",1,False,4,5,182980.0,264699.0,8,6,0.0007400733271266633,7,1.4466007213903158,148980.0,0.8141873428790032,False
100000004407753100,peripheral,0.35,14,0.788256,"Недостаточно ролевых признаков: входящих 1, исходящих 1, depth=3.",3,False,1,1,250000.0,100000.0,4,1,0.0008785641580238701,7,0.4,100000.0,1.0,False
100000004408683100,terminal,0.674733,5,0.840302,"Видимый вход от 2 узлов (112,920 KZT), выхода нет; depth=1<4.",1,False,2,0,112919.68,0.0,3,0,0.00038531432958818963,7,0.0,0.0,0.0,False
100000004410489100,terminal,0.613167,4,0.543594,"Видимый вход от 1 узлов (54,000 KZT), выхода нет; depth=2<4.",2,False,1,0,54000.0,0.0,1,0,0.00031421991061413013,7,0.0,0.0,0.0,False
100000004417753100,terminal,0.7121,0,0.874555,"Видимый вход от 2 узлов (192,099 KZT), выхода нет; depth=3<4.",3,False,2,0,192099.0,0.0,2,0,0.0003931467756499757,7,0.0,0.0,0.0,False
100000004418967100,peripheral,0.2,28,0.321286,"depth=4: обход обрывается; видимый вход от 1 узлов, исходящие неизвестны.",4,False,1,0,100000.0,0.0,1,0,0.0004534748089525561,8,0.0,0.0,0.0,True
100000004420041100,peripheral,0.35,7,0.811833,"Недостаточно ролевых признаков: входящих 1, исходящих 7, depth=3.",3,False,1,7,69638.0,651830.0,1,11,0.0002997377719239345,7,9.360263074758034,0.0,0.0,False
100000004424023100,peripheral,0.35,32,0.799822,"Недостаточно ролевых признаков: входящих 1, исходящих 1, depth=2.",2,False,1,1,50000.0,100000.0,1,1,0.000971714391152958,9,2.0,0.0,0.0,False
100000004433250100,peripheral,0.2,4,0.03403,"depth=4: обход обрывается; видимый вход от 1 узлов, исходящие неизвестны.",4,False,1,0,8000.0,0.0,1,0,0.0003065701457455694,7,0.0,0.0,0.0,True
100000004435304100,terminal,0.538701,24,0.245552,"Видимый вход от 1 узлов (26,200 KZT), выхода нет; depth=2<4.",2,False,1,0,26200.0,0.0,1,0,0.0002944677917550065,1,0.0,0.0,0.0,False
100000004441291100,terminal,0.504004,4,0.530249,"Видимый вход от 1 узлов (20,000 KZT), выхода нет; depth=2<4.",2,False,1,0,20000.0,0.0,1,0,0.0005488430695675697,10,0.0,0.0,0.0,False
100000004445291100,terminal,0.498488,11,0.337633,"Видимый вход от 1 узлов (19,500 KZT), выхода нет; depth=3<4.",3,False,1,0,19500.0,0.0,2,0,0.00031923942351721183,7,0.0,0.0,0.0,False
100000004449824100,peripheral,0.2,19,0.010843,"depth=4: обход обрывается; видимый вход от 1 узлов, исходящие неизвестны.",4,False,1,0,9000.0,0.0,1,0,0.00029038564076541864,1,0.0,0.0,0.0,True
100000004450649100,peripheral,0.35,9,0.704626,"Недостаточно ролевых признаков: входящих 2, исходящих 2, depth=3.",3,False,2,2,192528.0,46527.0,2,2,0.00029895522393245586,7,0.24166355023684866,5227.0,0.11234337051604444,False
100000004451012100,peripheral,0.35,34,0.679715,"Недостаточно ролевых признаков: входящих 1, исходящих 3, depth=3.",3,False,1,3,91245.0,65740.0,1,3,0.00030117358811251486,7,0.7204778344018851,0.0,0.0,False
100000004456564100,terminal,0.445907,16,0.357429,"Видимый вход от 1 узлов (10,000 KZT), выхода нет; depth=2<4.",2,False,1,0,10000.0,0.0,2,0,0.0003923872798230175,8,0.0,0.0,0.0,False
100000004463277100,terminal,0.565658,21,0.45863,"Видимый вход от 1 узлов (35,000 KZT), выхода нет; depth=2<4.",2,False,1,0,35000.0,0.0,1,0,0.0006919245189792441,1,0.0,0.0,0.0,False
100000004467157100,peripheral,0.35,14,0.5,"Недостаточно ролевых признаков: входящих 1, исходящих 1, depth=2.",2,False,1,1,20000.0,7000.0,3,1,0.0003865607584834239,7,0.35,5000.0,0.7142857142857143,False
100000004472936100,peripheral,0.2,4,0.065058,"depth=4: обход обрывается; видимый вход от 1 узлов, исходящие неизвестны.",4,False,1,0,5000.0,0.0,1,0,0.0005318955309395088,7,0.0,0.0,0.0,True
100000004475818100,peripheral,0.35,4,0.617883,"Недостаточно ролевых признаков: входящих 1, исходящих 3, depth=3.",3,False,1,3,13000.0,53989.0,1,3,0.0003098079503095031,7,4.153,13000.0,1.0,False
100000004479404100,peripheral,0.35,36,0.870107,"Недостаточно ролевых признаков: входящих 2, исходящих 1, depth=2.",2,False,2,1,1492000.0,300000.0,8,2,0.0008667096306509913,7,0.20107238605898123,300000.0,1.0,False
100000004480280100,peripheral,0.35,13,0.835854,"Недостаточно ролевых признаков: входящих 1, исходящих 2, depth=1.",1,False,1,2,146694.0,295850.0,1,7,0.0003149427776315945,10,2.0167832358515003,146694.0,1.0,False
100000004486525100,consolidator,0.938835,4,0.968861,"Получает от 8 плательщиков, видимый вход 360,924 KZT; depth=2.",2,False,8,2,360924.0,271045.0,21,3,0.0008057988481996686,7,0.7509752745730403,254955.0,0.9406371635706248,False
100000004488265100,terminal,0.572954,0,0.411032,"Видимый вход от 1 узлов (38,740 KZT), выхода нет; depth=3<4.",3,False,1,0,38740.0,0.0,1,0,0.0002934512958019911,7,0.0,0.0,0.0,False
100000004491749100,terminal,0.601957,32,0.454626,"Видимый вход от 1 узлов (50,000 KZT), выхода нет; depth=3<4.",3,False,1,0,50000.0,0.0,1,0,0.0003507948592583558,1,0.0,0.0,0.0,False
100000004491881100,terminal,0.48621,24,0.112322,"Видимый вход от 1 узлов (17,144 KZT), выхода нет; depth=1<4.",1,False,1,0,17144.0,0.0,1,0,0.0002891676190013747,1,0.0,0.0,0.0,False
100000004493586100,terminal,0.430249,4,0.11121,"Видимый вход от 1 узлов (7,500 KZT), выхода нет; depth=3<4.",3,False,1,0,7500.0,0.0,1,0,0.0002886397366507129,7,0.0,0.0,0.0,False
100000004494983100,terminal,0.565658,24,0.288256,"Видимый вход от 1 узлов (35,000 KZT), выхода нет; depth=1<4.",1,False,1,0,35000.0,0.0,1,0,0.00029291538424546074,1,0.0,0.0,0.0,False
100000004497606100,terminal,0.478025,24,0.092749,"Видимый вход от 1 узлов (15,534 KZT), выхода нет; depth=1<4.",1,False,1,0,15534.0,0.0,1,0,0.0002888296988600788,1,0.0,0.0,0.0,False
100000004500444100,peripheral,0.35,16,0.773132,"Недостаточно ролевых признаков: входящих 2, исходящих 1, depth=3.",3,False,2,1,180000.0,74000.0,7,5,0.0004643947559108723,7,0.4111111111111111,71000.0,0.9594594594594594,False
100000004500781100,peripheral,0.2,16,0.272075,"depth=4: обход обрывается; видимый вход от 1 узлов, исходящие неизвестны.",4,False,1,0,74000.0,0.0,5,0,0.000680750362585005,7,0.0,0.0,0.0,True
100000004502048100,peripheral,0.2,34,0.065725,"depth=4: обход обрывается; видимый вход от 1 узлов, исходящие неизвестны.",4,False,1,0,13888.0,0.0,1,0,0.00033971462250251136,7,0.0,0.0,0.0,True
100000004508696100,peripheral,0.35,5,0.725089,"Недостаточно ролевых признаков: входящих 1, исходящих 3, depth=3.",3,False,1,3,7000.0,111000.0,1,4,0.00042253166627963126,7,15.857142857142858,7000.0,1.0,False
100000004509286100,terminal,0.57669,2,0.525578,"Видимый вход от 1 узлов (40,000 KZT), выхода нет; depth=1<4.",1,False,1,0,40000.0,0.0,1,0,0.00029357875156777607,10,0.0,0.0,0.0,False
100000004526651100,peripheral,0.2,28,0.118105,"depth=4: обход обрывается; видимый вход от 1 узлов, исходящие неизвестны.",4,False,1,0,33000.0,0.0,1,0,0.0002899106988792616,8,0.0,0.0,0.0,True
100000004527381100,peripheral,0.35,5,0.731317,"Недостаточно ролевых признаков: входящих 1, исходящих 1, depth=2.",2,False,1,1,119333.17,273866.11,1,1,0.00037549896425589674,7,2.2949705433954364,0.0,0.0,False
100000004539443100,terminal,0.623132,2,0.87589,"Видимый вход от 2 узлов (61,990 KZT), выхода нет; depth=3<4.",3,False,2,0,61990.0,0.0,2,0,0.0009561831780302773,10,0.0,0.0,0.0,False
100000004544958100,peripheral,0.35,2,0.845196,"Недостаточно ролевых признаков: входящих 1, исходящих 2, depth=2.",2,False,1,2,168000.0,23200.0,3,2,0.001214607508891013,8,0.1380952380952381,20200.0,0.8706896551724138,False
100000004549591100,peripheral,0.2,5,0.203848,"depth=4: обход обрывается; видимый вход от 1 узлов, исходящие неизвестны.",4,False,1,0,49000.0,0.0,1,0,0.0004443211683334039,7,0.0,0.0,0.0,True
100000004552204100,peripheral,0.35,20,0.692171,"Недостаточно ролевых признаков: входящих 1, исходящих 2, depth=3.",3,False,1,2,22500.0,10000.0,2,2,0.0008646978335399377,8,0.4444444444444444,5000.0,0.5,False
100000004553349100,terminal,0.431317,4,0.177936,"Видимый вход от 1 узлов (7,755 KZT), выхода нет; depth=3<4.",3,False,1,0,7755.0,0.0,1,0,0.0003000285848322988,7,0.0,0.0,0.0,False
100000004559194100,terminal,0.740214,5,0.75,"Видимый вход от 1 узлов (282,145 KZT), выхода нет; depth=1<4.",1,False,1,0,282145.0,0.0,6,0,0.00031590497542956757,7,0.0,0.0,0.0,False
100000004564736100,terminal,0.473488,23,0.324288,"Видимый вход от 1 узлов (15,000 KZT), выхода нет; depth=3<4.",3,False,1,0,15000.0,0.0,2,0,0.00037675536447064214,7,0.0,0.0,0.0,False
100000004569484100,peripheral,0.35,16,0.775801,"Недостаточно ролевых признаков: входящих 2, исходящих 4, depth=3.",3,False,2,4,98312.0,156000.0,3,4,0.0003193810040919852,7,1.586784929611848,32607.0,0.33166856538367645,False
100000004569637100,peripheral,0.2,0,0.07907,"depth=4: обход обрывается; видимый вход от 1 узлов, исходящие неизвестны.",4,False,1,0,5500.0,0.0,1,0,0.0005531603067223179,7,0.0,0.0,0.0,True
100000004571634100,peripheral,0.2,4,0.167816,"depth=4: обход обрывается; видимый вход от 1 узлов, исходящие неизвестны.",4,False,1,0,20000.0,0.0,1,0,0.00037417734894680267,8,0.0,0.0,0.0,True
100000004573782100,terminal,0.473488,1,0.168149,"Видимый вход от 1 узлов (15,000 KZT), выхода нет; depth=2<4.",2,False,1,0,15000.0,0.0,1,0,0.000309897016928629,1,0.0,0.0,0.0,False
100000004580202100,peripheral,0.35,23,0.620107,"Недостаточно ролевых признаков: входящих 1, исходящих 3, depth=2.",2,False,1,3,9000.0,45000.0,1,4,0.00032162328322811484,7,5.0,9000.0,1.0,False
100000004580254100,terminal,0.542883,4,0.58363,"Видимый вход от 2 узлов (27,940 KZT), выхода нет; depth=3<4.",3,False,2,0,27940.0,0.0,2,0,0.0003122789899791888,7,0.0,0.0,0.0,False
100000004584730100,peripheral,0.2,36,0.139791,"depth=4: обход обрывается; видимый вход от 1 узлов, исходящие неизвестны.",4,False,1,0,47000.0,0.0,1,0,0.00030383982641037267,7,0.0,0.0,0.0,True
100000004586598100,peripheral,0.2,13,0.40436,"depth=4: обход обрывается; видимый вход от 1 узлов, исходящие неизвестны.",4,False,1,0,761255.0,0.0,4,0,0.0005392658410384621,7,0.0,0.0,0.0,True
100000004587414100,terminal,0.774555,9,0.901246,"Видимый вход от 2 узлов (533,603 KZT), выхода нет; depth=3<4.",3,False,2,0,533603.0,0.0,2,0,0.00031487177064037594,7,0.0,0.0,0.0,False
100000004588479100,terminal,0.705694,5,0.677046,"Видимый вход от 1 узлов (177,633 KZT), выхода нет; depth=1<4.",1,False,1,0,177633.0,0.0,2,0,0.0003046680486193901,7,0.0,0.0,0.0,False
100000004591973100,peripheral,0.35,7,0.720196,"Недостаточно ролевых признаков: входящих 1, исходящих 1, depth=3.",3,False,1,1,10000.0,100000.0,1,1,0.0003991316698685005,9,10.0,0.0,0.0,False
100000004592467100,terminal,0.428381,25,0.034698,"Видимый вход от 1 узлов (7,000 KZT), выхода нет; depth=2<4.",2,False,1,0,7000.0,0.0,1,0,0.0002866229494599155,1,0.0,0.0,0.0,False
100000004596284100,peripheral,0.2,5,0.188168,"depth=4: обход обрывается; видимый вход от 1 узлов, исходящие неизвестны.",4,False,1,0,30000.0,0.0,1,0,0.0005914888430857128,7,0.0,0.0,0.0,True
100000004601193100,peripheral,0.2,4,0.331962,"depth=4: обход обрывается; видимый вход от 1 узлов, исходящие неизвестны.",4,False,1,0,84000.0,0.0,3,0,0.0006034150427286818,8,0.0,0.0,0.0,True
100000004603109100,coordinator,0.999733,7,0.968416,"Структурный узел: 3 входящих, 2 исходящих связей; достижим от 2 seed.",3,False,3,2,2730000.0,400000.0,8,2,0.00317836527963168,2,0.14652014652014653,400000.0,1.0,False
100000004610802100,peripheral,0.2,4,0.332629,"depth=4: обход обрывается; видимый вход от 1 узлов, исходящие неизвестны.",4,False,1,0,241000.0,0.0,18,0,0.0004739522248641112,7,0.0,0.0,0.0,True
100000004611571100,terminal,0.51637,4,0.243105,"Видимый вход от 1 узлов (22,550 KZT), выхода нет; depth=3<4.",3,False,1,0,22550.0,0.0,1,0,0.0002868393094743359,7,0.0,0.0,0.0,False
100000004613582100,peripheral,0.35,1,0.359431,"Недостаточно ролевых признаков: входящих 1, исходящих 1, depth=3.",3,False,1,1,5000.0,9500.0,1,1,0.0005534434661680602,1,1.9,5000.0,1.0,False
100000004616845100,peripheral,0.2,16,0.034364,"depth=4: обход обрывается; видимый вход от 1 узлов, исходящие неизвестны.",4,False,1,0,20200.0,0.0,2,0,0.0002888176682521603,7,0.0,0.0,0.0,True
100000004622227100,peripheral,0.35,4,0.509342,"Недостаточно ролевых признаков: входящих 1, исходящих 3, depth=1.",1,False,1,3,24931.0,19000.0,1,3,0.00029024765677959657,7,0.762103405398901,19000.0,1.0,False
100000004629688100,peripheral,0.35,3,0.459075,"Недостаточно ролевых признаков: входящих 1, исходящих 1, depth=3.",3,False,1,1,5000.0,15000.0,1,2,0.00038797258449924186,7,3.0,5000.0,1.0,False
100000004634420100,terminal,0.537278,17,0.204404,"Видимый вход от 1 узлов (26,150 KZT), выхода нет; depth=3<4.",3,False,1,0,26150.0,0.0,1,0,0.00028965072814292185,1,0.0,0.0,0.0,False
100000004635886100,terminal,0.517527,5,0.297153,"Видимый вход от 1 узлов (23,000 KZT), выхода нет; depth=3<4.",3,False,1,0,23000.0,0.0,1,0,0.00029245851948138613,7,0.0,0.0,0.0,False
100000004644615100,peripheral,0.35,19,0.699288,"Недостаточно ролевых признаков: входящих 1, исходящих 2, depth=3.",3,False,1,2,50810.0,379665.0,1,14,0.00037436756021008076,1,7.472249557173785,50810.0,1.0,False
100000004652395100,peripheral,0.2,4,0.419373,"depth=4: обход обрывается; видимый вход от 3 узлов, исходящие неизвестны.",4,False,3,0,101528.0,0.0,5,0,0.0003357067098927743,7,0.0,0.0,0.0,True
100000004655046100,peripheral,0.2,16,0.231206,"depth=4: обход обрывается; видимый вход от 1 узлов, исходящие неизвестны.",4,False,1,0,24000.0,0.0,1,0,0.0005575082914139765,9,0.0,0.0,0.0,True
100000004657034100,terminal,0.689769,9,0.585854,"Видимый вход от 1 узлов (141,250 KZT), выхода нет; depth=3<4.",3,False,1,0,141250.0,0.0,1,0,0.0002901470900552544,7,0.0,0.0,0.0,False
100000004659919100,peripheral,0.35,2,0.802936,"Недостаточно ролевых признаков: входящих 1, исходящих 1, depth=3.",3,False,1,1,110000.0,39000.0,2,1,0.0007249529791849286,10,0.35454545454545455,39000.0,1.0,False
100000004662806100,peripheral,0.35,7,0.760676,"Недостаточно ролевых признаков: входящих 2, исходящих 2, depth=1.",1,False,2,2,106585.0,59900.0,2,3,0.00030544976624820216,8,0.5619927757189098,58905.0,0.9833889816360601,False
100000004664515100,terminal,0.571708,4,0.403915,"Видимый вход от 1 узлов (37,691 KZT), выхода нет; depth=1<4.",1,False,1,0,37691.0,0.0,1,0,0.0002926421016993763,7,0.0,0.0,0.0,False
100000004664905100,terminal,0.748043,5,0.900801,"Видимый вход от 2 узлов (329,020 KZT), выхода нет; depth=1<4.",1,False,2,0,329020.0,0.0,4,0,0.0004118439668426317,7,0.0,0.0,0.0,False
100000004666651100,terminal,0.7621,2,0.879448,"Видимый вход от 1 узлов (429,250 KZT), выхода нет; depth=2<4.",2,False,1,0,429250.0,0.0,1,0,0.0004575388898979418,10,0.0,0.0,0.0,False
100000004670388100,peripheral,0.35,6,0.838968,"Недостаточно ролевых признаков: входящих 1, исходящих 2, depth=3.",3,False,1,2,160354.0,720000.0,1,4,0.0005140172616899964,7,4.490065729573319,160354.0,1.0,False
100000004671609100,terminal,0.663523,28,0.68105,"Видимый вход от 1 узлов (100,000 KZT), выхода нет; depth=3<4.",3,False,1,0,100000.0,0.0,1,0,0.0003002421115187902,9,0.0,0.0,0.0,False
100000004673335100,peripheral,0.2,26,0.248221,"depth=4: обход обрывается; видимый вход от 1 узлов, исходящие неизвестны.",4,False,1,0,80000.0,0.0,1,0,0.0004940906043598334,7,0.0,0.0,0.0,True
100000004674178100,peripheral,0.2,11,0.062055,"depth=4: обход обрывается; видимый вход от 1 узлов, исходящие неизвестны.",4,False,1,0,20000.0,0.0,1,0,0.00030274344180862333,7,0.0,0.0,0.0,True
100000004674389100,peripheral,0.2,4,0.131116,"depth=4: обход обрывается; видимый вход от 1 узлов, исходящие неизвестны.",4,False,1,0,15000.0,0.0,1,0,0.0003520253352644245,8,0.0,0.0,0.0,True
100000004674412100,peripheral,0.2,4,0.259231,"depth=4: обход обрывается; видимый вход от 1 узлов, исходящие неизвестны.",4,False,1,0,46000.0,0.0,1,0,0.0004893678200951688,8,0.0,0.0,0.0,True
100000004674799100,terminal,0.687989,0,0.757562,"Видимый вход от 1 узлов (140,000 KZT), выхода нет; depth=2<4.",2,False,1,0,140000.0,0.0,5,0,0.000790673193306168,7,0.0,0.0,0.0,False
100000004676985100,peripheral,0.35,4,0.43105,"Недостаточно ролевых признаков: входящих 1, исходящих 1, depth=3.",3,False,1,1,32260.0,27102.0,1,1,0.00028738617635442075,7,0.8401115933044018,27102.0,1.0,False
100000004677680100,peripheral,0.35,2,0.854537,"Недостаточно ролевых признаков: входящих 2, исходящих 1, depth=1.",1,False,2,1,63000.0,168000.0,2,3,0.001092834174565077,8,2.6666666666666665,63000.0,1.0,False
100000004679953100,consolidator,0.905916,4,0.924822,"Получает от 3 плательщиков, видимый вход 343,538 KZT; depth=1.",1,False,3,3,343538.0,34100.0,3,3,0.0003342675529915214,7,0.09926121709970949,34100.0,1.0,False
100000004687099100,terminal,0.551068,1,0.346975,"Видимый вход от 1 узлов (30,000 KZT), выхода нет; depth=2<4.",2,False,1,0,30000.0,0.0,1,0,0.00033422473963996775,1,0.0,0.0,0.0,False
100000004687282100,terminal,0.504004,5,0.359875,"Видимый вход от 1 узлов (20,000 KZT), выхода нет; depth=2<4.",2,False,1,0,20000.0,0.0,1,0,0.000332271768914904,7,0.0,0.0,0.0,False
100000004689658100,peripheral,0.35,13,0.749555,"Недостаточно ролевых признаков: входящих 1, исходящих 1, depth=3.",3,False,1,1,456100.0,7092.0,1,1,0.000386316358127699,7,0.015549221661916246,0.0,0.0,False
100000004691350100,peripheral,0.2,6,0.125779,"depth=4: обход обрывается; видимый вход от 1 узлов, исходящие неизвестны.",4,False,1,0,13300.0,0.0,1,0,0.0008870591048616315,7,0.0,0.0,0.0,True
100000004692798100,peripheral,0.35,7,0.730872,"Недостаточно ролевых признаков: входящих 2, исходящих 1, depth=1.",1,False,2,1,240305.0,15000.0,4,2,0.0019106511787003809,1,0.06242067372713843,15000.0,1.0,False
100000004697956100,peripheral,0.35,32,0.373665,"Недостаточно ролевых признаков: входящих 1, исходящих 1, depth=3.",3,False,1,1,10000.0,10000.0,1,1,0.0004681160760661767,1,1.0,10000.0,1.0,False
100000004698193100,peripheral,0.35,32,0.764235,"Недостаточно ролевых признаков: входящих 2, исходящих 3, depth=2.",2,False,2,3,222700.0,38000.0,15,5,0.0008254145941905135,1,0.17063313875168387,38000.0,1.0,False
100000004707703100,transit,0.941759,5,0.953292,"Вход 239,300, выход 231,650 KZT; выход/вход=0.97; после видимого входа в более поздние дни ушло до 143,650 KZT.",1,False,2,5,239300.0,231650.0,3,6,0.0006355624384346332,7,0.9680317592979524,143650.0,0.6201165551478524,False
100000004713684100,terminal,0.571263,4,0.358541,"Видимый вход от 1 узлов (37,500 KZT), выхода нет; depth=3<4.",3,False,1,0,37500.0,0.0,1,0,0.00028768129298177857,7,0.0,0.0,0.0,False
100000004714705100,peripheral,0.35,35,0.071174,"Недостаточно ролевых признаков: входящих 0, исходящих 1, depth=0.",0,True,0,1,0.0,36550.0,0,1,0.0002855692942172902,1,,0.0,0.0,False
100000004715209100,peripheral,0.35,33,0.69306,"Недостаточно ролевых признаков: входящих 1, исходящих 5, depth=3.",3,False,1,5,5000.0,350450.0,1,17,0.00028754397576032846,7,70.09,5000.0,1.0,False
100000004717647100,peripheral,0.35,36,0.895018,"Недостаточно ролевых признаков: входящих 1, исходящих 5, depth=3.",3,False,1,5,300000.0,2240000.0,2,10,0.0010233609552644468,7,7.466666666666667,47000.0,0.15666666666666668,False
100000004722630100,peripheral,0.2,6,0.353981,"depth=4: обход обрывается; видимый вход от 1 узлов, исходящие неизвестны.",4,False,1,0,340000.0,0.0,2,0,0.0004921869960127052,7,0.0,0.0,0.0,True
100000004722765100,peripheral,0.35,4,0.877224,"Недостаточно ролевых признаков: входящих 1, исходящих 3, depth=3.",3,False,1,3,230000.0,2284500.0,1,9,0.0005815882668655397,7,9.932608695652174,230000.0,1.0,False
100000004723755100,peripheral,0.35,25,0.171263,"Недостаточно ролевых признаков: входящих 0, исходящих 1, depth=0.",0,True,0,1,0.0,95000.0,0,5,0.0002855692942172902,1,,0.0,0.0,False
100000004726132100,peripheral,0.35,0,0.696619,"Недостаточно ролевых признаков: входящих 1, исходящих 1, depth=3.",3,False,1,1,349000.0,24000.0,1,2,0.00031651940059214406,7,0.06876790830945559,24000.0,1.0,False
100000004732589100,terminal,0.724555,19,0.674377,"Видимый вход от 1 узлов (227,520 KZT), выхода нет; depth=2<4.",2,False,1,0,227520.0,0.0,1,0,0.00039397292658312265,1,0.0,0.0,0.0,False
100000004737477100,peripheral,0.35,4,0.564502,"Недостаточно ролевых признаков: входящих 2, исходящих 1, depth=1.",1,False,2,1,49598.0,40500.0,3,3,0.0002923193048489305,7,0.8165651840800032,20500.0,0.5061728395061729,False
100000004737764100,terminal,0.778915,25,0.868772,"Видимый вход от 1 узлов (600,000 KZT), выхода нет; depth=3<4.",3,False,1,0,600000.0,0.0,1,0,0.000676622422754616,7,0.0,0.0,0.0,False
100000004739664100,peripheral,0.35,24,0.211744,"Недостаточно ролевых признаков: входящих 1, исходящих 1, depth=1.",1,False,1,1,12000.0,10000.0,1,1,0.0002880879536555201,1,0.8333333333333334,0.0,0.0,False
100000004741837100,terminal,0.53452,5,0.29048,"Видимый вход от 1 узлов (25,596 KZT), выхода нет; depth=1<4.",1,False,1,0,25596.0,0.0,1,0,0.0002883213263153584,7,0.0,0.0,0.0,False
100000004744306100,peripheral,0.35,35,0.798488,"Недостаточно ролевых признаков: входящих 1, исходящих 2, depth=1.",1,False,1,2,69000.0,92000.0,1,3,0.0004607769966825409,8,1.3333333333333333,69000.0,1.0,False
100000004746397100,peripheral,0.35,9,0.592527,"Недостаточно ролевых признаков: входящих 1, исходящих 1, depth=3.",3,False,1,1,219520.0,7500.0,1,1,0.00029268375611003295,7,0.03416545189504373,0.0,0.0,False
100000004747154100,peripheral,0.2,33,0.20218,"depth=4: обход обрывается; видимый вход от 1 узлов, исходящие неизвестны.",4,False,1,0,67000.0,0.0,1,0,0.00033235132069391743,7,0.0,0.0,0.0,True
100000004750321100,terminal,0.605516,16,0.693505,"Видимый вход от 2 узлов (50,185 KZT), выхода нет; depth=3<4.",3,False,2,0,50185.0,0.0,2,0,0.0003125361003811254,7,0.0,0.0,0.0,False
100000004750897100,terminal,0.445907,3,0.302491,"Видимый вход от 1 узлов (10,000 KZT), выхода нет; depth=3<4.",3,False,1,0,10000.0,0.0,1,0,0.0004903758747811936,7,0.0,0.0,0.0,False
100000004756901100,terminal,0.696263,25,0.669929,"Видимый вход от 1 узлов (153,248 KZT), выхода нет; depth=2<4.",2,False,1,0,153248.0,0.0,1,0,0.0003109522914570356,7,0.0,0.0,0.0,False
100000004759121100,consolidator,0.971864,0,0.978648,"Получает от 6 плательщиков, видимый вход 710,000 KZT; depth=1.",1,False,6,2,710000.0,312000.0,10,6,0.0014151796822407304,7,0.4394366197183099,105000.0,0.33653846153846156,False
100000004765639100,peripheral,0.35,25,0.483096,"Недостаточно ролевых признаков: входящих 1, исходящих 2, depth=2.",2,False,1,2,5000.0,11000.0,1,2,0.00036185625061451924,7,2.2,0.0,0.0,False
100000004770073100,peripheral,0.35,4,0.247331,"Недостаточно ролевых признаков: входящих 1, исходящих 1, depth=3.",3,False,1,1,5462.4,5466.97,1,1,0.0002878055588504006,7,1.0008366285881665,0.0,0.0,False
100000004777215100,peripheral,0.2,25,0.22887,"depth=4: обход обрывается; видимый вход от 1 узлов, исходящие неизвестны.",4,False,1,0,60000.0,0.0,1,0,0.0004651548637455426,7,0.0,0.0,0.0,True
100000004779204100,peripheral,0.35,4,0.416815,"Недостаточно ролевых признаков: входящих 1, исходящих 1, depth=3.",3,False,1,1,30450.0,20000.0,1,2,0.0002872842372140548,7,0.6568144499178982,0.0,0.0,False
100000004780083100,peripheral,0.2,4,0.022353,"depth=4: обход обрывается; видимый вход от 1 узлов, исходящие неизвестны.",4,False,1,0,9999.0,0.0,1,0,0.0002933852316593548,7,0.0,0.0,0.0,True
100000004780327100,peripheral,0.2,19,0.01201,"depth=4: обход обрывается; видимый вход от 1 узлов, исходящие неизвестны.",4,False,1,0,12000.0,0.0,1,0,0.00029199108961479477,1,0.0,0.0,0.0,True
100000004783447100,terminal,0.538701,24,0.225979,"Видимый вход от 1 узлов (26,200 KZT), выхода нет; depth=1<4.",1,False,1,0,26200.0,0.0,1,0,0.00029106836732409216,1,0.0,0.0,0.0,False
100000004784224100,peripheral,0.35,7,0.501779,"Недостаточно ролевых признаков: входящих 1, исходящих 1, depth=1.",1,False,1,1,23500.0,100000.0,2,1,0.0003047979078563762,1,4.25531914893617,23500.0,1.0,False
100000004788983100,peripheral,0.2,0,0.139124,"depth=4: обход обрывается; видимый вход от 1 узлов, исходящие неизвестны.",4,False,1,0,27000.0,0.0,1,0,0.00036946851834621515,7,0.0,0.0,0.0,True
100000004790991100,terminal,0.729537,5,0.72331,"Видимый вход от 1 узлов (239,413 KZT), выхода нет; depth=1<4.",1,False,1,0,239413.0,0.0,4,0,0.00031131051396626665,7,0.0,0.0,0.0,False
100000004791226100,peripheral,0.2,4,0.140458,"depth=4: обход обрывается; видимый вход от 1 узлов, исходящие неизвестны.",4,False,1,0,20000.0,0.0,1,0,0.000541483660737929,7,0.0,0.0,0.0,True
100000004792397100,terminal,0.636655,24,0.462633,"Видимый вход от 1 узлов (73,520 KZT), выхода нет; depth=1<4.",1,False,1,0,73520.0,0.0,1,0,0.0003010002810421788,1,0.0,0.0,0.0,False
100000004797167100,peripheral,0.2,25,0.110098,"depth=4: обход обрывается; видимый вход от 1 узлов, исходящие неизвестны.",4,False,1,0,31000.0,0.0,1,0,0.000551624702702953,1,0.0,0.0,0.0,True
100000004798515100,peripheral,0.2,7,0.299933,"depth=4: обход обрывается; видимый вход от 1 узлов, исходящие неизвестны.",4,False,1,0,200000.0,0.0,2,0,0.0003638354909866263,7,0.0,0.0,0.0,True
100000004800452100,peripheral,0.2,13,0.088745,"depth=4: обход обрывается; видимый вход от 1 узлов, исходящие неизвестны.",4,False,1,0,6544.53,0.0,1,0,0.0006079797659745975,7,0.0,0.0,0.0,True
100000004800648100,peripheral,0.2,7,0.256895,"depth=4: обход обрывается; видимый вход от 1 узлов, исходящие неизвестны.",4,False,1,0,131000.0,0.0,1,0,0.0003368336531012053,7,0.0,0.0,0.0,True
100000004806903100,terminal,0.493505,9,0.508007,"Видимый вход от 1 узлов (18,000 KZT), выхода нет; depth=2<4.",2,False,1,0,18000.0,0.0,1,0,0.000533538904999333,10,0.0,0.0,0.0,False
100000004813068100,peripheral,0.35,7,0.529359,"Недостаточно ролевых признаков: входящих 0, исходящих 3, depth=0.",0,True,0,3,0.0,297000.0,0,5,0.0002855692942172902,1,,0.0,0.0,False
100000004816564100,peripheral,0.35,5,0.710854,"Недостаточно ролевых признаков: входящих 1, исходящих 1, depth=2.",2,False,1,1,285480.0,5000.0,1,1,0.00037639216561899256,7,0.01751436177665686,5000.0,1.0,False
100000004820260100,transit,0.849584,5,0.94484,"Вход 234,200, выход 215,350 KZT; выход/вход=0.92; после видимого входа в более поздние дни ушло до 157,350 KZT.",2,False,1,3,234200.0,215350.0,12,10,0.0014014565775826925,7,0.9195132365499573,157350.0,0.7306710006965406,False
100000004825069100,terminal,0.551068,24,0.276246,"Видимый вход от 1 узлов (30,000 KZT), выхода нет; depth=2<4.",2,False,1,0,30000.0,0.0,4,0,0.000295758413535286,1,0.0,0.0,0.0,False
100000004840086100,peripheral,0.2,0,0.284586,"depth=4: обход обрывается; видимый вход от 1 узлов, исходящие неизвестны.",4,False,1,0,100000.0,0.0,2,0,0.0005391572563123882,7,0.0,0.0,0.0,True
100000004841728100,terminal,0.609075,24,0.391014,"Видимый вход от 1 узлов (52,208 KZT), выхода нет; depth=1<4.",1,False,1,0,52208.0,0.0,1,0,0.00029652714187988245,1,0.0,0.0,0.0,False
100000004847758100,distributor,0.957407,4,0.932829,"Отправляет 15 получателям, видимый выход 488,800 KZT; depth=1.",1,False,4,15,115171.0,488800.0,4,23,0.0003047422483467836,7,4.244123954815014,115171.0,1.0,False
100000004848236100,peripheral,0.2,0,0.035365,"depth=4: обход обрывается; видимый вход от 1 узлов, исходящие неизвестны.",4,False,1,0,7500.0,0.0,1,0,0.00030887463425310267,7,0.0,0.0,0.0,True
100000004850609100,peripheral,0.2,4,0.042038,"depth=4: обход обрывается; видимый вход от 1 узлов, исходящие неизвестны.",4,False,1,0,10000.0,0.0,1,0,0.0003130294967403098,7,0.0,0.0,0.0,True
100000004856746100,peripheral,0.2,14,0.05605,"depth=4: обход обрывается; видимый вход от 1 узлов, исходящие неизвестны.",4,False,1,0,20000.0,0.0,1,0,0.0003000473060624511,7,0.0,0.0,0.0,True
100000004877085100,peripheral,0.35,4,0.634342,"Недостаточно ролевых признаков: входящих 1, исходящих 3, depth=3.",3,False,1,3,25000.0,95600.0,1,9,0.00029482372155001206,7,3.824,23000.0,0.92,False
100000004889043100,terminal,0.737367,4,0.858541,"Видимый вход от 2 узлов (272,000 KZT), выхода нет; depth=3<4.",3,False,2,0,272000.0,0.0,4,0,0.00029849724595781856,7,0.0,0.0,0.0,False
100000004890713100,peripheral,0.2,16,0.12044,"depth=4: обход обрывается; видимый вход от 1 узлов, исходящие неизвестны.",4,False,1,0,40485.0,0.0,1,0,0.00030072400431661883,7,0.0,0.0,0.0,True
100000004891562100,peripheral,0.2,19,0.16915,"depth=4: обход обрывается; видимый вход от 1 узлов, исходящие неизвестны.",4,False,1,0,103400.0,0.0,1,0,0.0003409037645591215,1,0.0,0.0,0.0,True
100000004892144100,peripheral,0.35,7,0.855427,"Недостаточно ролевых признаков: входящих 2, исходящих 1, depth=3.",3,False,2,1,4500000.0,180300.0,7,1,0.002783203687212419,2,0.04006666666666667,180300.0,1.0,False
100000004904960100,terminal,0.559075,0,0.80605,"Видимый вход от 2 узлов (32,000 KZT), выхода нет; depth=2<4.",2,False,2,0,32000.0,0.0,2,0,0.0007779174826823405,10,0.0,0.0,0.0,False
100000004905207100,terminal,0.755872,32,0.878114,"Видимый вход от 1 узлов (380,000 KZT), выхода нет; depth=2<4.",2,False,1,0,380000.0,0.0,1,0,0.0004347034731912381,11,0.0,0.0,0.0,False
100000004906181100,peripheral,0.35,9,0.79226,"Недостаточно ролевых признаков: входящих 1, исходящих 7, depth=3.",3,False,1,7,100000.0,2473417.91,1,33,0.0002888102116246985,7,24.734179100000002,100000.0,1.0,False
100000004908173100,peripheral,0.2,28,0.14713,"depth=4: обход обрывается; видимый вход от 1 узлов, исходящие неизвестны.",4,False,1,0,21000.0,0.0,1,0,0.00032082945231169603,8,0.0,0.0,0.0,True
100000004911971100,peripheral,0.2,9,0.061055,"depth=4: обход обрывается; видимый вход от 1 узлов, исходящие неизвестны.",4,False,1,0,35000.0,0.0,3,0,0.00028904714906671694,7,0.0,0.0,0.0,True
100000004917367100,terminal,0.678648,9,0.772242,"Видимый вход от 2 узлов (120,000 KZT), выхода нет; depth=3<4.",3,False,2,0,120000.0,0.0,2,0,0.0002940276420429215,7,0.0,0.0,0.0,False
100000004921657100,peripheral,0.35,2,0.591637,"Недостаточно ролевых признаков: входящих 1, исходящих 1, depth=3.",3,False,1,1,8300.0,22190.0,1,1,0.00036129622421142584,10,2.6734939759036145,0.0,0.0,False
100000004931931100,peripheral,0.35,0,0.489769,"Недостаточно ролевых признаков: входящих 1, исходящих 1, depth=3.",3,False,1,1,23938.0,45000.0,1,1,0.0002918140366848613,7,1.8798562954298605,23938.0,1.0,False
100000004948177100,consolidator,0.921931,5,0.922598,"Получает от 3 плательщиков, видимый вход 437,163 KZT; depth=1.",1,False,3,0,437163.0,0.0,8,0,0.0004221580715489715,7,0.0,0.0,0.0,False
100000004950490100,terminal,0.445907,1,0.149466,"Видимый вход от 1 узлов (10,000 KZT), выхода нет; depth=2<4.",2,False,1,0,10000.0,0.0,1,0,0.00033064166313549905,1,0.0,0.0,0.0,False
100000004959752100,terminal,0.515569,2,0.564947,"Видимый вход от 1 узлов (22,200 KZT), выхода нет; depth=3<4.",3,False,1,0,22200.0,0.0,1,0,0.0007848703238285015,11,0.0,0.0,0.0,False
100000004962193100,consolidator,0.982429,4,0.97331,"Получает от 8 плательщиков, видимый вход 900,468 KZT; depth=2.",2,False,8,0,900468.0,0.0,11,0,0.00065731504427257,7,0.0,0.0,0.0,False
100000004970752100,terminal,0.445907,4,0.340747,"Видимый вход от 1 узлов (10,000 KZT), выхода нет; depth=3<4.",3,False,1,0,10000.0,0.0,1,0,0.0007428614561261686,7,0.0,0.0,0.0,False
100000004971871100,peripheral,0.35,38,0.47331,"Недостаточно ролевых признаков: входящих 1, исходящих 1, depth=0.",0,True,1,1,25400.0,5650.0,3,1,0.0007430293125206662,1,0.22244094488188976,5650.0,1.0,False
100000004975919100,peripheral,0.35,0,0.464858,"Недостаточно ролевых признаков: входящих 1, исходящих 2, depth=3.",3,False,1,2,22351.0,15000.0,1,2,0.00029011680628284646,7,0.6711109122634334,0.0,0.0,False
100000004976946100,peripheral,0.2,45,0.291593,"depth=4: обход обрывается; видимый вход от 1 узлов, исходящие неизвестны.",4,False,1,0,246000.0,0.0,1,0,0.00031949291850972026,7,0.0,0.0,0.0,True
100000004979264100,peripheral,0.2,28,0.237878,"depth=4: обход обрывается; видимый вход от 1 узлов, исходящие неизвестны.",4,False,1,0,39800.0,0.0,1,0,0.0004113792218334005,8,0.0,0.0,0.0,True
100000004979283100,terminal,0.578292,16,0.451068,"Видимый вход от 1 узлов (40,132 KZT), выхода нет; depth=3<4.",3,False,1,0,40132.0,0.0,1,0,0.00030052176499501573,7,0.0,0.0,0.0,False
100000004979498100,peripheral,0.35,41,0.754448,"Недостаточно ролевых признаков: входящих 1, исходящих 1, depth=2.",2,False,1,1,700000.0,200000.0,2,1,0.001318982766627467,1,0.2857142857142857,0.0,0.0,False
100000004981068100,peripheral,0.2,0,0.063556,"depth=4: обход обрывается; видимый вход от 1 узлов, исходящие неизвестны.",4,False,1,0,10000.0,0.0,1,0,0.0003788472368268373,7,0.0,0.0,0.0,True
100000004984689100,terminal,0.61121,0,0.498665,"Видимый вход от 1 узлов (53,030 KZT), выхода нет; depth=3<4.",3,False,1,0,53030.0,0.0,1,0,0.0002963587248842155,7,0.0,0.0,0.0,False
100000004988240100,peripheral,0.2,4,0.131784,"depth=4: обход обрывается; видимый вход от 1 узлов, исходящие неизвестны.",4,False,1,0,20000.0,0.0,1,0,0.0005299271891403055,7,0.0,0.0,0.0,True
100000004991593100,peripheral,0.2,4,0.176824,"depth=4: обход обрывается; видимый вход от 1 узлов, исходящие неизвестны.",4,False,1,0,45000.0,0.0,2,0,0.00035489105110696575,7,0.0,0.0,0.0,True
100000004991812100,terminal,0.445907,23,0.260231,"Видимый вход от 1 узлов (10,000 KZT), выхода нет; depth=3<4.",3,False,1,0,10000.0,0.0,1,0,0.0003463600077195248,7,0.0,0.0,0.0,False
100000004993576100,terminal,0.702135,5,0.708185,"Видимый вход от 1 узлов (167,000 KZT), выхода нет; depth=2<4.",2,False,1,0,167000.0,0.0,1,0,0.0003386988287699184,7,0.0,0.0,0.0,False
100000004997515100,consolidator,0.932273,28,0.963078,"Получает от 4 плательщиков, видимый вход 395,000 KZT; depth=3.",3,False,4,4,395000.0,54500.0,4,4,0.00035661588331946755,9,0.1379746835443038,27000.0,0.4954128440366973,False
100000005008589100,terminal,0.582384,4,0.467527,"Видимый вход от 1 узлов (42,807 KZT), выхода нет; depth=3<4.",3,False,1,0,42806.68,0.0,1,0,0.0003030940204447499,7,0.0,0.0,0.0,False
100000005010159100,peripheral,0.2,13,0.094084,"depth=4: обход обрывается; видимый вход от 1 узлов, исходящие неизвестны.",4,False,1,0,7092.0,0.0,1,0,0.0006143684568259235,7,0.0,0.0,0.0,True
100000005017150100,peripheral,0.35,52,0.004448,"Недостаточно ролевых признаков: входящих 0, исходящих 0, depth=0.",0,True,0,0,0.0,0.0,0,0,0.0002855692942172902,1,,0.0,0.0,False
100000005022552100,peripheral,0.35,5,0.694395,"Недостаточно ролевых признаков: входящих 1, исходящих 1, depth=3.",3,False,1,1,241000.0,5000.0,3,1,0.0003577563937236867,7,0.02074688796680498,5000.0,1.0,False
100000005022964100,terminal,0.504004,2,0.464413,"Видимый вход от 1 узлов (20,000 KZT), выхода нет; depth=2<4.",2,False,1,0,20000.0,0.0,1,0,0.00032736478588998896,10,0.0,0.0,0.0,False
100000005025629100,peripheral,0.2,9,0.034697,"depth=4: обход обрывается; видимый вход от 1 узлов, исходящие неизвестны.",4,False,1,0,5227.0,0.0,1,0,0.00031415101088485,7,0.0,0.0,0.0,True
100000005030592100,terminal,0.445907,5,0.140347,"Видимый вход от 1 узлов (10,000 KZT), выхода нет; depth=2<4.",2,False,1,0,10000.0,0.0,1,0,0.0002887507034719386,7,0.0,0.0,0.0,False
100000005031696100,peripheral,0.35,2,0.817616,"Недостаточно ролевых признаков: входящих 1, исходящих 2, depth=2.",2,False,1,2,5000.0,115000.0,1,3,0.0005397118809391441,10,23.0,5000.0,1.0,False
100000005032294100,terminal,0.445907,16,0.357429,"Видимый вход от 1 узлов (10,000 KZT), выхода нет; depth=2<4.",2,False,1,0,10000.0,0.0,1,0,0.0003923872798230175,8,0.0,0.0,0.0,False
100000005034574100,terminal,0.734342,51,0.697509,"Видимый вход от 1 узлов (258,816 KZT), выхода нет; depth=1<4.",1,False,1,0,258816.0,0.0,16,0,0.00042508668959388804,1,0.0,0.0,0.0,False
100000005037490100,peripheral,0.35,13,0.564057,"Недостаточно ролевых признаков: входящих 1, исходящих 2, depth=3.",3,False,1,2,15000.0,30000.0,1,3,0.0003232011772500518,7,2.0,0.0,0.0,False
100000005041147100,peripheral,0.2,0,0.090414,"depth=4: обход обрывается; видимый вход от 1 узлов, исходящие неизвестны.",4,False,1,0,10000.0,0.0,1,0,0.0005337622626216128,7,0.0,0.0,0.0,True
100000005041905100,peripheral,0.35,17,0.547598,"Недостаточно ролевых признаков: входящих 1, исходящих 1, depth=3.",3,False,1,1,5000.0,1080351.0,1,5,0.00028634968311320444,1,216.0702,0.0,0.0,False
100000005042822100,peripheral,0.2,29,0.398354,"depth=4: обход обрывается; видимый вход от 1 узлов, исходящие неизвестны.",4,False,1,0,1000000.0,0.0,1,0,0.00045261173566138175,7,0.0,0.0,0.0,True
100000005048668100,peripheral,0.35,4,0.663256,"Недостаточно ролевых признаков: входящих 2, исходящих 8, depth=3.",3,False,2,8,16668.0,159400.0,2,11,0.00028854810674879304,7,9.563234941204703,16668.0,1.0,False
100000005049404100,peripheral,0.2,9,0.213524,"depth=4: обход обрывается; видимый вход от 1 узлов, исходящие неизвестны.",4,False,1,0,98000.0,0.0,2,0,0.00031263691642751117,7,0.0,0.0,0.0,True
100000005052998100,peripheral,0.35,0,0.366993,"Недостаточно ролевых признаков: входящих 1, исходящих 1, depth=3.",3,False,1,1,9500.0,28400.0,1,1,0.00028610433390429394,7,2.9894736842105263,0.0,0.0,False
100000005053653100,peripheral,0.35,4,0.624555,"Недостаточно ролевых признаков: входящих 2, исходящих 1, depth=2.",2,False,2,1,63073.0,25000.0,2,1,0.00031360085843204776,7,0.3963661154535221,0.0,0.0,False
100000005055454100,terminal,0.425801,21,0.169039,"Видимый вход от 1 узлов (6,500 KZT), выхода нет; depth=3<4.",3,False,1,0,6500.0,0.0,1,0,0.0005059810158324249,1,0.0,0.0,0.0,False
100000005056870100,terminal,0.504004,40,0.213301,"Видимый вход от 1 узлов (20,000 KZT), выхода нет; depth=1<4.",1,False,1,0,20000.0,0.0,1,0,0.0003031865584283141,1,0.0,0.0,0.0,False
100000005059998100,terminal,0.493505,4,0.272909,"Видимый вход от 1 узлов (18,000 KZT), выхода нет; depth=2<4.",2,False,1,0,18000.0,0.0,1,0,0.0002959172747769886,7,0.0,0.0,0.0,False
100000005061890100,terminal,0.651868,4,0.676157,"Видимый вход от 1 узлов (90,000 KZT), выхода нет; depth=3<4.",3,False,1,0,90000.0,0.0,1,0,0.0005346252088600015,7,0.0,0.0,0.0,False
100000005074393100,consolidator,0.954738,10,0.997331,"Получает от 4 плательщиков, видимый вход 563,026 KZT; depth=1.",1,False,4,6,563026.0,685500.0,5,10,0.0010600834163353916,10,1.2175281425724567,280500.0,0.4982007935690359,False
100000005075949100,peripheral,0.2,4,0.437055,"depth=4: обход обрывается; видимый вход от 1 узлов, исходящие неизвестны.",4,False,1,0,2226000.0,0.0,7,0,0.0007679113857379692,7,0.0,0.0,0.0,True
100000005077484100,peripheral,0.35,21,0.661032,"Недостаточно ролевых признаков: входящих 1, исходящих 2, depth=2.",2,False,1,2,150000.0,13550.0,1,2,0.0005397108639201045,1,0.09033333333333333,6500.0,0.4797047970479705,False
100000005079473100,peripheral,0.2,13,0.148799,"depth=4: обход обрывается; видимый вход от 1 узлов, исходящие неизвестны.",4,False,1,0,39312.0,0.0,1,0,0.0003260059008859764,7,0.0,0.0,0.0,True
100000005079754100,peripheral,0.35,2,0.758007,"Недостаточно ролевых признаков: входящих 1, исходящих 2, depth=1.",1,False,1,2,70000.0,122000.0,1,2,0.00029958584458064045,10,1.7428571428571429,20000.0,0.2857142857142857,False
100000005082652100,terminal,0.551068,1,0.380783,"Видимый вход от 1 узлов (30,000 KZT), выхода нет; depth=3<4.",3,False,1,0,30000.0,0.0,1,0,0.00040800365167801807,1,0.0,0.0,0.0,False
100000005087431100,peripheral,0.35,53,0.004448,"Недостаточно ролевых признаков: входящих 0, исходящих 0, depth=0.",0,True,0,0,0.0,0.0,0,0,0.0002855692942172902,1,,0.0,0.0,False
100000005087923100,peripheral,0.2,32,0.053048,"depth=4: обход обрывается; видимый вход от 1 узлов, исходящие неизвестны.",4,False,1,0,20000.0,0.0,1,0,0.0004605791647030624,1,0.0,0.0,0.0,True
100000005089460100,terminal,0.46032,17,0.060943,"Видимый вход от 1 узлов (12,300 KZT), выхода нет; depth=3<4.",3,False,1,0,12300.0,0.0,1,0,0.0002874890509012393,1,0.0,0.0,0.0,False
100000005092518100,terminal,0.536566,24,0.220418,"Видимый вход от 1 узлов (26,144 KZT), выхода нет; depth=1<4.",1,False,1,0,26144.0,0.0,1,0,0.0002910566135800471,1,0.0,0.0,0.0,False
100000005093521100,terminal,0.476601,2,0.291593,"Видимый вход от 1 узлов (15,200 KZT), выхода нет; depth=1<4.",1,False,1,0,15200.0,0.0,1,0,0.0002886128880104748,10,0.0,0.0,0.0,False
100000005100475100,terminal,0.57669,32,0.399021,"Видимый вход от 1 узлов (40,000 KZT), выхода нет; depth=3<4.",3,False,1,0,40000.0,0.0,1,0,0.0003377497462501427,1,0.0,0.0,0.0,False
100000005105153100,terminal,0.551068,0,0.482206,"Видимый вход от 1 узлов (30,000 KZT), выхода нет; depth=2<4.",2,False,1,0,30000.0,0.0,1,0,0.00040101696682756774,7,0.0,0.0,0.0,False
100000005124479100,peripheral,0.35,0,0.779582,"Недостаточно ролевых признаков: входящих 2, исходящих 2, depth=1.",1,False,2,2,137753.0,22000.0,2,2,0.00030323005398091857,10,0.15970614070110994,5000.0,0.22727272727272727,False
100000005127767100,terminal,0.428381,5,0.259786,"Видимый вход от 1 узлов (7,000 KZT), выхода нет; depth=3<4.",3,False,1,0,7000.0,0.0,1,0,0.00042253166627963126,7,0.0,0.0,0.0,False
100000005133757100,terminal,0.626779,13,0.795596,"Видимый вход от 2 узлов (65,000 KZT), выхода нет; depth=1<4.",1,False,2,0,65000.0,0.0,2,0,0.00029941072919292984,10,0.0,0.0,0.0,False
100000005140601100,coordinator,0.999021,0,0.947954,"Структурный узел: 3 входящих, 2 исходящих связей; достижим от 7 seed.",2,False,3,2,52685.0,195300.0,4,5,0.0027057314547033204,7,3.706937458479643,13685.0,0.259751352377337,False
100000005142492100,peripheral,0.35,32,0.657473,"Недостаточно ролевых признаков: входящих 1, исходящих 1, depth=3.",3,False,1,1,10000.0,57000.0,1,1,0.0019077900971988563,7,5.7,0.0,0.0,False
100000005142589100,terminal,0.601957,4,0.52113,"Видимый вход от 1 узлов (50,000 KZT), выхода нет; depth=2<4.",2,False,1,0,50000.0,0.0,2,0,0.0003103697710860747,7,0.0,0.0,0.0,False
100000005146665100,peripheral,0.2,16,0.013012,"depth=4: обход обрывается; видимый вход от 1 узлов, исходящие неизвестны.",4,False,1,0,5500.0,0.0,1,0,0.0002864537524941113,7,0.0,0.0,0.0,True
100000005168487100,peripheral,0.35,2,0.77758,"Недостаточно ролевых признаков: входящих 1, исходящих 1, depth=2.",2,False,1,1,15000.0,103510.0,1,14,0.0018125473143557728,8,6.900666666666667,15000.0,1.0,False
100000005171642100,peripheral,0.35,32,0.818505,"Недостаточно ролевых признаков: входящих 2, исходящих 1, depth=3.",3,False,2,1,696800.0,683600.0,5,4,0.002767182224758268,1,0.9810562571756601,50400.0,0.07372732592159158,False
100000005172860100,terminal,0.476868,4,0.217972,"Видимый вход от 1 узлов (15,209 KZT), выхода нет; depth=3<4.",3,False,1,0,15209.2,0.0,1,0,0.00029179582395841194,7,0.0,0.0,0.0,False
100000005175148100,peripheral,0.35,5,0.718861,"Недостаточно ролевых признаков: входящих 2, исходящих 1, depth=2.",2,False,2,1,79000.0,15000.0,4,1,0.0007181459635567809,7,0.189873417721519,15000.0,1.0,False
100000005182219100,terminal,0.614947,9,0.743327,"Видимый вход от 2 узлов (55,000 KZT), выхода нет; depth=3<4.",3,False,2,0,55000.0,0.0,2,0,0.0003541294978841431,7,0.0,0.0,0.0,False
100000005183943100,terminal,0.781139,18,0.812722,"Видимый вход от 1 узлов (680,900 KZT), выхода нет; depth=1<4.",1,False,1,0,680900.0,0.0,9,0,0.0006108393603081334,1,0.0,0.0,0.0,False
100000005186109100,terminal,0.412544,5,0.280249,"Видимый вход от 1 узлов (5,000 KZT), выхода нет; depth=3<4.",3,False,1,0,5000.0,0.0,1,0,0.0006059178330672794,7,0.0,0.0,0.0,False
100000005186131100,peripheral,0.35,4,0.286032,"Недостаточно ролевых признаков: входящих 1, исходящих 1, depth=3.",3,False,1,1,10000.0,10000.0,1,1,0.00028613249388782043,7,1.0,0.0,0.0,False
100000005187208100,terminal,0.468505,4,0.266459,"Видимый вход от 1 узлов (14,160 KZT), выхода нет; depth=3<4.",3,False,1,0,14160.0,0.0,1,0,0.00031197078423773135,7,0.0,0.0,0.0,False
100000005189258100,peripheral,0.2,4,0.168316,"depth=4: обход обрывается; видимый вход от 1 узлов, исходящие неизвестны.",4,False,1,0,50000.0,0.0,1,0,0.0003159764329458025,7,0.0,0.0,0.0,True
100000005198498100,terminal,0.545374,17,0.233096,"Видимый вход от 1 узлов (28,800 KZT), выхода нет; depth=3<4.",3,False,1,0,28800.0,0.0,1,0,0.00029006433425775644,1,0.0,0.0,0.0,False
100000005198906100,peripheral,0.35,9,0.616993,"Недостаточно ролевых признаков: входящих 1, исходящих 1, depth=3.",3,False,1,1,227970.0,60000.0,1,1,0.0002929576136309589,7,0.26319252533228055,0.0,0.0,False
100000005203590100,terminal,0.651868,32,0.497109,"Видимый вход от 1 узлов (90,000 KZT), выхода нет; depth=2<4.",2,False,1,0,90000.0,0.0,1,0,0.00030262706341471605,1,0.0,0.0,0.0,False
100000005205745100,terminal,0.423399,32,0.194395,"Видимый вход от 1 узлов (6,000 KZT), выхода нет; depth=2<4.",2,False,1,0,6000.0,0.0,1,0,0.00031226140044596435,7,0.0,0.0,0.0,False
100000005209352100,peripheral,0.2,0,0.05188,"depth=4: обход обрывается; видимый вход от 1 узлов, исходящие неизвестны.",4,False,1,0,5000.0,0.0,1,0,0.00042028195414468866,7,0.0,0.0,0.0,True
100000005222360100,peripheral,0.35,16,0.558274,"Недостаточно ролевых признаков: входящих 1, исходящих 1, depth=3.",3,False,1,1,5000.0,27000.0,1,1,0.0006008605701429409,7,5.4,5000.0,1.0,False
100000005226217100,peripheral,0.2,28,0.172486,"depth=4: обход обрывается; видимый вход от 1 узлов, исходящие неизвестны.",4,False,1,0,17500.0,0.0,1,0,0.0003830224720707786,9,0.0,0.0,0.0,True
100000005228059100,terminal,0.535676,24,0.217527,"Видимый вход от 1 узлов (26,000 KZT), выхода нет; depth=1<4.",1,False,1,0,26000.0,0.0,1,0,0.0002910263896667883,1,0.0,0.0,0.0,False
100000005233755100,peripheral,0.35,22,0.391904,"Недостаточно ролевых признаков: входящих 1, исходящих 1, depth=3.",3,False,1,1,25000.0,5000.0,1,1,0.0002916076698087035,7,0.2,0.0,0.0,False
100000005235389100,peripheral,0.35,54,0.004448,"Недостаточно ролевых признаков: входящих 0, исходящих 0, depth=0.",0,True,0,0,0.0,0.0,0,0,0.0002855692942172902,1,,0.0,0.0,False
100000005237935150,terminal,0.563701,19,0.309831,"Видимый вход от 1 узлов (34,508 KZT), выхода нет; depth=2<4.",2,False,1,0,34508.0,0.0,1,0,0.0002979773495560404,1,0.0,0.0,0.0,False
100000005241556100,terminal,0.663523,28,0.770463,"Видимый вход от 1 узлов (100,000 KZT), выхода нет; depth=3<4.",3,False,1,0,100000.0,0.0,1,0,0.0005490718879795881,8,0.0,0.0,0.0,False
100000005242320100,distributor,0.99355,19,0.963968,"Отправляет 21 получателям, видимый выход 8,936,295 KZT; depth=2.",2,False,2,21,365700.0,8936295.0,2,29,0.00050012413141856,2,24.43613617719442,365700.0,1.0,False
100000005264874100,peripheral,0.35,20,0.602313,"Недостаточно ролевых признаков: входящих 1, исходящих 2, depth=3.",3,False,1,2,30000.0,78000.0,1,3,0.00042829267239375183,1,2.6,0.0,0.0,False
100000005264990100,peripheral,0.35,35,0.76379,"Недостаточно ролевых признаков: входящих 1, исходящих 2, depth=0.",0,True,1,2,17070.0,122000.0,1,2,0.0003639962150845005,8,7.147041593438781,17070.0,1.0,False
100000005265073100,peripheral,0.35,35,0.409698,"Недостаточно ролевых признаков: входящих 1, исходящих 1, depth=3.",3,False,1,1,5000.0,9000.0,1,1,0.0002991258827616197,8,1.8,0.0,0.0,False
100000005268319100,peripheral,0.35,4,0.647242,"Недостаточно ролевых признаков: входящих 1, исходящих 5, depth=3.",3,False,1,5,19712.8,91000.0,2,10,0.0002936395632308336,7,4.6162899232985675,19712.8,1.0,False
100000005272139100,peripheral,0.2,5,0.336632,"depth=4: обход обрывается; видимый вход от 1 узлов, исходящие неизвестны.",4,False,1,0,165000.0,0.0,1,0,0.0007555290963517862,7,0.0,0.0,0.0,True
100000005287097100,distributor,0.959075,5,0.933719,"Отправляет 9 получателям, видимый выход 697,300 KZT; depth=1.",1,False,2,9,127173.0,697300.0,5,42,0.0003027074338818183,7,5.483082100760382,110723.0,0.8706486439731704,False
100000005293969100,peripheral,0.2,4,0.067726,"depth=4: обход обрывается; видимый вход от 1 узлов, исходящие неизвестны.",4,False,1,0,5466.97,0.0,1,0,0.0005304901604905825,7,0.0,0.0,0.0,True
100000005308954100,peripheral,0.35,5,0.616103,"Недостаточно ролевых признаков: входящих 1, исходящих 1, depth=3.",3,False,1,1,69020.0,30000.0,1,1,0.0003594505153223273,7,0.43465662126919735,30000.0,1.0,False
100000005314565100,terminal,0.722687,4,0.758452,"Видимый вход от 1 узлов (218,500 KZT), выхода нет; depth=3<4.",3,False,1,0,218500.0,0.0,3,0,0.00037502151711100556,7,0.0,0.0,0.0,False
100000005316708100,peripheral,0.35,32,0.608096,"Недостаточно ролевых признаков: входящих 1, исходящих 2, depth=1.",1,False,1,2,90000.0,257500.0,1,4,0.0002976906193985501,1,2.861111111111111,0.0,0.0,False
100000005317181100,peripheral,0.35,0,0.634786,"Недостаточно ролевых признаков: входящих 1, исходящих 1, depth=3.",3,False,1,1,141250.0,14500.0,1,1,0.00032241739654599024,7,0.10265486725663717,0.0,0.0,False
100000005326681100,terminal,0.557117,5,0.389235,"Видимый вход от 1 узлов (31,228 KZT), выхода нет; depth=2<4.",2,False,1,0,31228.0,0.0,1,0,0.0002955041990377062,7,0.0,0.0,0.0,False
100000005328215100,terminal,0.541637,19,0.26468,"Видимый вход от 1 узлов (27,000 KZT), выхода нет; depth=2<4.",2,False,1,0,27000.0,0.0,1,0,0.000298433649323995,1,0.0,0.0,0.0,False
100000005339662100,consolidator,0.883563,5,0.962189,"Получает от 4 плательщиков, видимый вход 202,939 KZT; depth=1.",1,False,4,4,202939.0,295160.0,9,15,0.0016567441326948023,7,1.4544271924075707,84675.0,0.4172436052212734,False
100000005342513100,peripheral,0.35,24,0.678826,"Недостаточно ролевых признаков: входящих 1, исходящих 1, depth=3.",3,False,1,1,235000.0,30000.0,2,1,0.001081651299671485,1,0.1276595744680851,0.0,0.0,False
100000005357034100,terminal,0.438968,4,0.100311,"Видимый вход от 1 узлов (9,754 KZT), выхода нет; depth=3<4.",3,False,1,0,9754.0,0.0,1,0,0.0002861186391759254,7,0.0,0.0,0.0,False
100000005357705100,peripheral,0.35,0,0.755338,"Недостаточно ролевых признаков: входящих 1, исходящих 4, depth=3.",3,False,1,4,52595.0,387080.0,1,5,0.00029627022022006105,7,7.35963494628767,0.0,0.0,False
100000005360814100,peripheral,0.2,13,0.289591,"depth=4: обход обрывается; видимый вход от 1 узлов, исходящие неизвестны.",4,False,1,0,144000.0,0.0,3,0,0.0004336887325641262,7,0.0,0.0,0.0,True
100000005362848100,terminal,0.546174,16,0.375445,"Видимый вход от 1 узлов (29,000 KZT), выхода нет; depth=3<4.",3,False,1,0,29000.0,0.0,1,0,0.00029637417941000526,7,0.0,0.0,0.0,False
100000005363908100,peripheral,0.35,49,0.414146,"Недостаточно ролевых признаков: входящих 1, исходящих 1, depth=1.",1,False,1,1,19500.0,19500.0,1,1,0.0003385171206244062,1,1.0,0.0,0.0,False
100000005367180100,peripheral,0.2,0,0.102424,"depth=4: обход обрывается; видимый вход от 1 узлов, исходящие неизвестны.",4,False,1,0,7700.0,0.0,1,0,0.0007828047220453414,7,0.0,0.0,0.0,True
100000005367284100,peripheral,0.35,0,0.518238,"Недостаточно ролевых признаков: входящих 1, исходящих 2, depth=3.",3,False,1,2,13700.0,48300.0,1,5,0.00028914323405377295,7,3.5255474452554743,6000.0,0.43795620437956206,False
100000005367445100,peripheral,0.35,28,0.550267,"Недостаточно ролевых признаков: входящих 1, исходящих 1, depth=3.",3,False,1,1,5000.0,5000.0,1,1,0.0018429964605732548,9,1.0,5000.0,1.0,False
100000005370558100,peripheral,0.2,4,0.022687,"depth=4: обход обрывается; видимый вход от 1 узлов, исходящие неизвестны.",4,False,1,0,5000.0,0.0,1,0,0.0002992993954788,7,0.0,0.0,0.0,True
100000005370580100,peripheral,0.35,13,0.346085,"Недостаточно ролевых признаков: входящих 1, исходящих 0, depth=0.",0,True,1,0,24075.0,0.0,1,0,0.0003459684664848726,8,0.0,0.0,0.0,False
100000005375968100,peripheral,0.35,4,0.670819,"Недостаточно ролевых признаков: входящих 1, исходящих 2, depth=3.",3,False,1,2,170082.0,86000.0,1,4,0.00029514830685360255,7,0.5056384567443939,10000.0,0.11627906976744186,False
100000005382566100,consolidator,0.65,5,0.97153,"Получает от 7 плательщиков, видимый вход 393,066 KZT; depth=0.",0,True,7,1,393066.0,50000.0,11,1,0.0021132620521571092,15,0.12720510041570626,50000.0,1.0,False
100000005386383100,peripheral,0.35,5,0.725979,"Недостаточно ролевых признаков: входящих 2, исходящих 1, depth=0.",0,True,2,1,37500.0,29000.0,2,1,0.0005243332756978205,8,0.7733333333333333,0.0,0.0,False
100000005392290100,peripheral,0.35,47,0.15258,"Недостаточно ролевых признаков: входящих 0, исходящих 1, depth=0.",0,True,0,1,0.0,81465.0,0,1,0.0002855692942172902,1,,0.0,0.0,False
100000005394708100,peripheral,0.35,35,0.519128,"Недостаточно ролевых признаков: входящих 1, исходящих 1, depth=1.",1,False,1,1,26000.0,65000.0,1,1,0.00034517722457498676,1,2.5,26000.0,1.0,False
100000005395727100,peripheral,0.35,5,0.315391,"Недостаточно ролевых признаков: входящих 1, исходящих 0, depth=0.",0,True,1,0,17000.0,0.0,1,0,0.0003712067299561792,8,0.0,0.0,0.0,False
100000005402643100,peripheral,0.35,28,0.529804,"Недостаточно ролевых признаков: входящих 1, исходящих 1, depth=2.",2,False,1,1,127800.0,90000.0,1,1,0.0002975952292869957,1,0.704225352112676,0.0,0.0,False
100000005409156100,terminal,0.734698,9,0.889235,"Видимый вход от 2 узлов (260,080 KZT), выхода нет; depth=3<4.",3,False,2,0,260080.0,0.0,2,0,0.00042393100512820077,7,0.0,0.0,0.0,False
100000005409680100,peripheral,0.35,4,0.713301,"Недостаточно ролевых признаков: входящих 2, исходящих 0, depth=0.",0,True,2,0,55060.0,0.0,2,0,0.0006335288187931603,10,0.0,0.0,0.0,False
100000005413948100,peripheral,0.35,28,0.715747,"Недостаточно ролевых признаков: входящих 2, исходящих 1, depth=2.",2,False,2,1,28215.0,5000.0,2,1,0.0018520392070328138,9,0.177210703526493,5000.0,1.0,False
100000005417257100,peripheral,0.35,35,0.383452,"Недостаточно ролевых признаков: входящих 0, исходящих 2, depth=0.",0,True,0,2,0.0,106000.0,0,2,0.0002855692942172902,1,,0.0,0.0,False
100000005432267100,terminal,0.751957,2,0.916815,"Видимый вход от 2 узлов (350,001 KZT), выхода нет; depth=1<4.",1,False,2,0,350001.0,0.0,2,0,0.00034233348585063165,10,0.0,0.0,0.0,False
100000005454368100,peripheral,0.35,13,0.625222,"Недостаточно ролевых признаков: входящих 2, исходящих 0, depth=0.",0,True,2,0,48600.0,0.0,2,0,0.0003941929632081931,8,0.0,0.0,0.0,False
100000005456919100,peripheral,0.35,8,0.777135,"Недостаточно ролевых признаков: входящих 2, исходящих 1, depth=1.",1,False,2,1,479950.0,5000.0,10,1,0.0013700274780428564,1,0.010417751849150954,5000.0,1.0,False
100000005473151100,consolidator,0.959075,16,0.9871,"Получает от 3 плательщиков, видимый вход 1,220,000 KZT; depth=1.",1,False,3,4,1220000.0,225000.0,4,6,0.0004682674337196505,9,0.18442622950819673,25000.0,0.1111111111111111,False
100000005474472100,terminal,0.663523,7,0.605872,"Видимый вход от 1 узлов (100,000 KZT), выхода нет; depth=2<4.",2,False,1,0,100000.0,0.0,1,0,0.0005449540086863319,1,0.0,0.0,0.0,False
100000005475379100,peripheral,0.35,4,0.826512,"Недостаточно ролевых признаков: входящих 1, исходящих 3, depth=3.",3,False,1,3,108370.0,81000.0,1,3,0.0004216387717503724,8,0.7474393282273692,46000.0,0.5679012345679012,False
100000005480435100,peripheral,0.35,55,0.004448,"Недостаточно ролевых признаков: входящих 0, исходящих 0, depth=0.",0,True,0,0,0.0,0.0,0,0,0.0002855692942172902,1,,0.0,0.0,False
100000005481280100,peripheral,0.35,5,0.596085,"Недостаточно ролевых признаков: входящих 1, исходящих 3, depth=2.",2,False,1,3,32700.0,50000.0,1,3,0.00029597250247999043,7,1.529051987767584,17000.0,0.5198776758409785,False
100000005485830100,peripheral,0.35,40,0.557829,"Недостаточно ролевых признаков: входящих 0, исходящих 5, depth=0.",0,True,0,5,0.0,275885.0,0,9,0.0002855692942172902,1,,0.0,0.0,False
100000005493505100,peripheral,0.35,13,0.786032,"Недостаточно ролевых признаков: входящих 3, исходящих 0, depth=0.",0,True,3,0,62020.0,0.0,3,0,0.0006174200765778767,12,0.0,0.0,0.0,False
100000005495211100,peripheral,0.2,0,0.117271,"depth=4: обход обрывается; видимый вход от 1 узлов, исходящие неизвестны.",4,False,1,0,14500.0,0.0,1,0,0.0005599644833584294,7,0.0,0.0,0.0,True
100000005495722100,peripheral,0.35,56,0.004448,"Недостаточно ролевых признаков: входящих 0, исходящих 0, depth=0.",0,True,0,0,0.0,0.0,0,0,0.0002855692942172902,1,,0.0,0.0,False
100000005496254100,terminal,0.461744,4,0.154804,"Видимый вход от 1 узлов (12,700 KZT), выхода нет; depth=1<4.",1,False,1,0,12700.0,0.0,1,0,0.00028795247999167917,7,0.0,0.0,0.0,False
100000005497148100,peripheral,0.2,9,0.144128,"depth=4: обход обрывается; видимый вход от 1 узлов, исходящие неизвестны.",4,False,1,0,24000.0,0.0,2,0,0.0004900139425044343,7,0.0,0.0,0.0,True
100000005498992100,distributor,0.98343,1,0.90347,"Отправляет 16 получателям, видимый выход 2,262,868 KZT; depth=0.",0,True,0,16,0.0,2262868.0,0,19,0.0002855692942172902,1,,0.0,0.0,False
100000005505655100,peripheral,0.35,11,0.586299,"Недостаточно ролевых признаков: входящих 2, исходящих 1, depth=1.",1,False,2,1,33070.0,20000.0,2,1,0.0003215080211255211,7,0.6047777441790142,20000.0,1.0,False
100000005507142100,peripheral,0.35,20,0.709075,"Недостаточно ролевых признаков: входящих 3, исходящих 3, depth=2.",2,False,3,3,51000.0,100000.0,3,4,0.0005589500977581298,1,1.9607843137254901,36000.0,0.7058823529411765,False
100000005514161100,consolidator,0.934052,32,0.978203,"Получает от 4 плательщиков, видимый вход 401,500 KZT; depth=1.",1,False,4,1,401500.0,50000.0,7,1,0.0008061423847001035,9,0.12453300124533001,0.0,0.0,False
100000005519347100,peripheral,0.35,5,0.842527,"Недостаточно ролевых признаков: входящих 2, исходящих 1, depth=0.",0,True,2,1,73100.0,99000.0,2,1,0.0005567200012967682,10,1.3543091655266757,73100.0,1.0,False
100000005519998100,transit,0.941858,14,0.946174,"Вход 182,000, выход 188,000 KZT; выход/вход=1.03; после видимого входа в более поздние дни ушло до 148,000 KZT.",2,False,3,3,182000.0,188000.0,5,8,0.0006524582538824888,7,1.032967032967033,148000.0,0.8131868131868132,False
100000005523088100,peripheral,0.35,5,0.770907,"Недостаточно ролевых признаков: входящих 1, исходящих 0, depth=0.",0,True,1,0,700000.0,0.0,2,0,0.0017206377268585364,16,0.0,0.0,0.0,False
100000005527892100,distributor,0.953292,28,0.960854,"Отправляет 8 получателям, видимый выход 552,419 KZT; depth=1.",1,False,3,8,220001.0,552419.0,3,8,0.00031243167214621,8,2.510984040981632,220001.0,1.0,False
100000005530114100,peripheral,0.35,22,0.737989,"Недостаточно ролевых признаков: входящих 2, исходящих 1, depth=3.",3,False,2,1,136970.0,25000.0,2,1,0.0004948738015345278,7,0.1825217200846901,25000.0,1.0,False
100000005532138100,terminal,0.533096,4,0.334075,"Видимый вход от 1 узлов (25,046 KZT), выхода нет; depth=3<4.",3,False,1,0,25046.0,0.0,1,0,0.00029379367547638043,7,0.0,0.0,0.0,False
100000005539201100,peripheral,0.35,5,0.484431,"Недостаточно ролевых признаков: входящих 1, исходящих 1, depth=1.",1,False,1,1,45504.0,25000.0,1,1,0.000290461795724967,7,0.5494022503516175,0.0,0.0,False
100000005539910100,peripheral,0.35,2,0.808274,"Недостаточно ролевых признаков: входящих 1, исходящих 2, depth=2.",2,False,1,2,102000.0,22000.0,1,2,0.0004987263017480539,10,0.21568627450980393,22000.0,1.0,False
100000005543136100,peripheral,0.35,13,0.020907,"Недостаточно ролевых признаков: входящих 0, исходящих 1, depth=0.",0,True,0,1,0.0,10000.0,0,1,0.0002855692942172902,1,,0.0,0.0,False
100000005546031100,peripheral,0.35,49,0.633897,"Недостаточно ролевых признаков: входящих 3, исходящих 1, depth=1.",1,False,3,1,66800.0,8000.0,6,1,0.0007125289535173731,1,0.11976047904191617,8000.0,1.0,False
100000005547096100,peripheral,0.35,49,0.713968,"Недостаточно ролевых признаков: входящих 1, исходящих 2, depth=2.",2,False,1,2,8000.0,226300.0,1,3,0.0008920567423173877,1,28.2875,0.0,0.0,False
100000005550592100,peripheral,0.35,57,0.004448,"Недостаточно ролевых признаков: входящих 0, исходящих 0, depth=0.",0,True,0,0,0.0,0.0,0,0,0.0002855692942172902,1,,0.0,0.0,False
100000005553088100,peripheral,0.2,13,0.039368,"depth=4: обход обрывается; видимый вход от 1 узлов, исходящие неизвестны.",4,False,1,0,17500.0,0.0,1,0,0.0002942853726110012,7,0.0,0.0,0.0,True
100000005560900100,peripheral,0.35,58,0.004448,"Недостаточно ролевых признаков: входящих 0, исходящих 0, depth=0.",0,True,0,0,0.0,0.0,0,0,0.0002855692942172902,1,,0.0,0.0,False
100000005561741100,terminal,0.53016,16,0.500445,"Видимый вход от 1 узлов (25,000 KZT), выхода нет; depth=2<4.",2,False,1,0,25000.0,0.0,1,0,0.0003298457193194186,9,0.0,0.0,0.0,False
100000005567828100,peripheral,0.2,16,0.221531,"depth=4: обход обрывается; видимый вход от 1 узлов, исходящие неизвестны.",4,False,1,0,94000.0,0.0,1,0,0.00032075622145791993,7,0.0,0.0,0.0,True
100000005568407100,peripheral,0.35,59,0.004448,"Недостаточно ролевых признаков: входящих 0, исходящих 0, depth=0.",0,True,0,0,0.0,0.0,0,0,0.0002855692942172902,1,,0.0,0.0,False
100000005572303100,peripheral,0.35,5,0.575178,"Недостаточно ролевых признаков: входящих 1, исходящих 1, depth=2.",2,False,1,1,75000.0,20000.0,1,1,0.00031327623939934467,7,0.26666666666666666,0.0,0.0,False
100000005578559100,distributor,0.971975,16,0.962633,"Отправляет 21 получателям, видимый выход 893,164 KZT; depth=2.",2,False,2,21,131000.0,893163.6699999999,2,23,0.00039101511323013396,7,6.818043282442748,131000.0,1.0,False
100000005584222100,peripheral,0.35,4,0.839858,"Недостаточно ролевых признаков: входящих 2, исходящих 2, depth=1.",1,False,2,2,192717.0,108587.0,6,3,0.0008759174247919255,7,0.5634531463233653,56500.0,0.5203201119839391,False
100000005588444100,terminal,0.46032,1,0.053826,"Видимый вход от 1 узлов (12,300 KZT), выхода нет; depth=1<4.",1,False,1,0,12300.0,0.0,1,0,0.000286274603753925,1,0.0,0.0,0.0,False
100000005589319100,peripheral,0.2,4,0.100756,"depth=4: обход обрывается; видимый вход от 1 узлов, исходящие неизвестны.",4,False,1,0,26000.0,0.0,1,0,0.00030995557415139407,7,0.0,0.0,0.0,True
100000005602999100,peripheral,0.35,39,0.532473,"Недостаточно ролевых признаков: входящих 1, исходящих 2, depth=2.",2,False,1,2,5000.0,16000.0,1,3,0.0003048459777394537,8,3.2,5000.0,1.0,False
100000005608515100,terminal,0.625,1,0.407473,"Видимый вход от 1 узлов (64,000 KZT), выхода нет; depth=2<4.",2,False,1,0,64000.0,0.0,4,0,0.0002931596353300159,1,0.0,0.0,0.0,False
100000005610717100,consolidator,0.945173,0,0.934164,"Получает от 4 плательщиков, видимый вход 484,500 KZT; depth=3.",3,False,4,1,484500.0,265200.0,6,7,0.00034454483671221336,7,0.5473684210526316,200100.0,0.754524886877828,False
100000005612411100,distributor,0.950845,20,0.963523,"Отправляет 8 получателям, видимый выход 506,997 KZT; depth=1.",1,False,3,8,115500.0,506997.0,4,8,0.0003272060826887592,8,4.389584415584416,115500.0,1.0,False
100000005614315100,terminal,0.76548,5,0.854093,"Видимый вход от 1 узлов (455,000 KZT), выхода нет; depth=2<4.",2,False,1,0,455000.0,0.0,1,0,0.0005750924282981921,7,0.0,0.0,0.0,False
100000005616568100,peripheral,0.2,9,0.376668,"depth=4: обход обрывается; видимый вход от 1 узлов, исходящие неизвестны.",4,False,1,0,530000.0,0.0,1,0,0.0004319554143337915,7,0.0,0.0,0.0,True
100000005619339100,peripheral,0.35,5,0.366103,"Недостаточно ролевых признаков: входящих 1, исходящих 1, depth=2.",2,False,1,1,5000.0,5442.6,1,1,0.00032082585348585106,7,1.0885200000000002,0.0,0.0,False
100000005620225100,terminal,0.598399,4,0.646352,"Видимый вход от 2 узлов (49,846 KZT), выхода нет; depth=1<4.",1,False,2,0,49845.66,0.0,2,0,0.0002962362431450003,7,0.0,0.0,0.0,False
100000005621418100,peripheral,0.2,12,0.10943,"depth=4: обход обрывается; видимый вход от 1 узлов, исходящие неизвестны.",4,False,1,0,30000.0,0.0,1,0,0.00030782638639647263,7,0.0,0.0,0.0,True
100000005628518100,terminal,0.640925,34,0.65347,"Видимый вход от 1 узлов (77,000 KZT), выхода нет; depth=3<4.",3,False,1,0,77000.0,0.0,3,0,0.0005329929869212501,7,0.0,0.0,0.0,False
100000005634552100,peripheral,0.35,4,0.733541,"Недостаточно ролевых признаков: входящих 1, исходящих 3, depth=1.",1,False,1,3,25850.0,1196000.0,1,4,0.0002883486359009542,7,46.2669245647969,0.0,0.0,False
100000005636951100,peripheral,0.2,32,0.137456,"depth=4: обход обрывается; видимый вход от 1 узлов, исходящие неизвестны.",4,False,1,0,40000.0,0.0,1,0,0.0006355890351888347,1,0.0,0.0,0.0,True
100000005660203100,peripheral,0.35,5,0.854982,"Недостаточно ролевых признаков: входящих 1, исходящих 2, depth=2.",2,False,1,2,572899.0,41000.0,12,5,0.0009492504038791937,7,0.07156584319400104,41000.0,1.0,False
100000005661528100,terminal,0.53016,13,0.310498,"Видимый вход от 1 узлов (25,000 KZT), выхода нет; depth=3<4.",3,False,1,0,25000.0,0.0,1,0,0.0002910914967995314,7,0.0,0.0,0.0,False
100000005661829100,peripheral,0.35,34,0.548488,"Недостаточно ролевых признаков: входящих 1, исходящих 2, depth=3.",3,False,1,2,37790.0,40362.0,1,4,0.0002920319635832888,7,1.0680603334215402,17290.0,0.4575284466790156,False
100000005664632100,terminal,0.714591,2,0.827402,"Видимый вход от 1 узлов (198,620 KZT), выхода нет; depth=2<4.",2,False,1,0,198620.0,0.0,18,0,0.0003651420399228022,10,0.0,0.0,0.0,False
100000005664922100,peripheral,0.35,7,0.813167,"Недостаточно ролевых признаков: входящих 2, исходящих 3, depth=2.",2,False,2,3,22000.0,537000.0,2,4,0.0008059658576323321,1,24.40909090909091,0.0,0.0,False
100000005665181100,peripheral,0.35,4,0.820285,"Недостаточно ролевых признаков: входящих 4, исходящих 11, depth=2.",2,False,4,11,45498.0,181915.0,5,11,0.0003985397345805526,7,3.998307617917271,18000.0,0.3956217855729922,False
100000005667841100,terminal,0.709431,28,0.879004,"Видимый вход от 2 узлов (186,000 KZT), выхода нет; depth=3<4.",3,False,2,0,186000.0,0.0,2,0,0.00031222556371948457,8,0.0,0.0,0.0,False
100000005668605100,peripheral,0.35,35,0.822954,"Недостаточно ролевых признаков: входящих 3, исходящих 0, depth=0.",0,True,3,0,94500.0,0.0,3,0,0.0008383018688148909,11,0.0,0.0,0.0,False
100000005669845100,terminal,0.504004,21,0.241103,"Видимый вход от 1 узлов (20,000 KZT), выхода нет; depth=1<4.",1,False,1,0,20000.0,0.0,1,0,0.00031753584489255785,1,0.0,0.0,0.0,False
100000005674387100,terminal,0.538701,17,0.209742,"Видимый вход от 1 узлов (26,200 KZT), выхода нет; depth=3<4.",3,False,1,0,26200.0,0.0,1,0,0.000289658532031881,1,0.0,0.0,0.0,False
100000005685783100,peripheral,0.2,17,0.086077,"depth=4: обход обрывается; видимый вход от 1 узлов, исходящие неизвестны.",4,False,1,0,26150.0,0.0,1,0,0.0005320610913052164,1,0.0,0.0,0.0,True
100000005704413100,distributor,0.980649,16,0.980872,"Отправляет 32 получателям, видимый выход 1,363,593 KZT; depth=3.",3,False,3,32,97834.67,1363593.0,4,35,0.0005996888032985903,7,13.9377278014021,97834.67,1.0,False
100000005709551100,terminal,0.526512,4,0.327402,"Видимый вход от 1 узлов (24,560 KZT), выхода нет; depth=3<4.",3,False,1,0,24560.0,0.0,1,0,0.00029466084362895616,7,0.0,0.0,0.0,False
100000005711521100,peripheral,0.2,4,0.342971,"depth=4: обход обрывается; видимый вход от 1 узлов, исходящие неизвестны.",4,False,1,0,238000.0,0.0,1,0,0.0005338432844113265,7,0.0,0.0,0.0,True
100000005723580100,peripheral,0.2,28,0.206851,"depth=4: обход обрывается; видимый вход от 1 узлов, исходящие неизвестны.",4,False,1,0,35000.0,0.0,1,0,0.00034433622437463323,8,0.0,0.0,0.0,True
100000005730108100,terminal,0.432562,4,0.249555,"Видимый вход от 1 узлов (8,000 KZT), выхода нет; depth=2<4.",2,False,1,0,8000.0,0.0,1,0,0.000358664263033602,7,0.0,0.0,0.0,False
100000005744674100,peripheral,0.35,5,0.106762,"Недостаточно ролевых признаков: входящих 0, исходящих 1, depth=0.",0,True,0,1,0.0,50066.0,0,2,0.0002855692942172902,1,,0.0,0.0,False
100000005745873100,peripheral,0.2,45,0.28125,"depth=4: обход обрывается; видимый вход от 1 узлов, исходящие неизвестны.",4,False,1,0,223000.0,0.0,1,0,0.0003163211975392898,7,0.0,0.0,0.0,True
100000005754335100,terminal,0.58363,9,0.54048,"Видимый вход от 1 узлов (44,037 KZT), выхода нет; depth=3<4.",3,False,1,0,44037.0,0.0,1,0,0.00040462407841393785,7,0.0,0.0,0.0,False
100000005756189100,peripheral,0.35,9,0.506673,"Недостаточно ролевых признаков: входящих 1, исходящих 1, depth=3.",3,False,1,1,65000.0,49050.0,1,1,0.00028767589053210556,7,0.7546153846153846,0.0,0.0,False
100000005756535100,terminal,0.504004,24,0.31984,"Видимый вход от 1 узлов (20,000 KZT), выхода нет; depth=3<4.",3,False,1,0,20000.0,0.0,1,0,0.0005415991635083541,1,0.0,0.0,0.0,False
100000005767403100,peripheral,0.2,14,0.42838,"depth=4: обход обрывается; видимый вход от 1 узлов, исходящие неизвестны.",4,False,1,0,1100000.0,0.0,2,0,0.0010818599457011395,7,0.0,0.0,0.0,True
100000005778283100,consolidator,0.94306,4,0.95774,"Получает от 3 плательщиков, видимый вход 615,760 KZT; depth=1.",1,False,3,0,615760.0,0.0,3,0,0.00043758405542756654,9,0.0,0.0,0.0,False
100000005782781100,distributor,0.968528,4,0.971085,"Отправляет 10 получателям, видимый выход 1,263,597 KZT; depth=2.",2,False,6,10,171888.0,1263597.0,10,10,0.0004875096527600837,7,7.351281066741134,155888.0,0.9069161314344224,False
100000005782886100,peripheral,0.2,28,0.144795,"depth=4: обход обрывается; видимый вход от 1 узлов, исходящие неизвестны.",4,False,1,0,14000.0,0.0,1,0,0.0003635318365000809,9,0.0,0.0,0.0,True
100000005783452100,peripheral,0.2,28,0.480427,"depth=4: обход обрывается; видимый вход от 2 узлов, исходящие неизвестны.",4,False,2,0,286500.0,0.0,2,0,0.00031441856690158417,8,0.0,0.0,0.0,True
100000005799271100,terminal,0.586566,35,0.633452,"Видимый вход от 1 узлов (45,000 KZT), выхода нет; depth=2<4.",2,False,1,0,45000.0,0.0,2,0,0.0005366730310712532,8,0.0,0.0,0.0,False
100000005807278100,terminal,0.433808,40,0.063612,"Видимый вход от 1 узлов (8,385 KZT), выхода нет; depth=1<4.",1,False,1,0,8385.0,0.0,1,0,0.00029295533223776195,1,0.0,0.0,0.0,False
100000005809252100,terminal,0.53016,0,0.479982,"Видимый вход от 1 узлов (25,000 KZT), выхода нет; depth=2<4.",2,False,1,0,25000.0,0.0,1,0,0.0005671286342298138,7,0.0,0.0,0.0,False
100000005815602100,peripheral,0.35,5,0.713301,"Недостаточно ролевых признаков: входящих 1, исходящих 1, depth=3.",3,False,1,1,20000.0,165000.0,1,1,0.0005521710322392142,7,8.25,20000.0,1.0,False
100000005820746100,peripheral,0.35,7,0.775356,"Недостаточно ролевых признаков: входящих 1, исходящих 1, depth=3.",3,False,1,1,1989000.0,60000.0,2,1,0.000989461905456682,1,0.030165912518853696,60000.0,1.0,False
100000005830339100,consolidator,0.949733,0,0.942616,"Получает от 5 плательщиков, видимый вход 476,341 KZT; depth=3.",3,False,5,1,476341.0,339251.0,12,1,0.0003636000613544035,7,0.7122019729563485,339251.0,1.0,False
100000005834479100,peripheral,0.35,0,0.364324,"Недостаточно ролевых признаков: входящих 1, исходящих 2, depth=2.",2,False,1,2,7500.0,14470.0,1,2,0.00028675165047445963,7,1.9293333333333333,0.0,0.0,False
100000005844459100,terminal,0.730605,0,0.876779,"Видимый вход от 2 узлов (243,400 KZT), выхода нет; depth=1<4.",1,False,2,0,243400.0,0.0,2,0,0.0003380825577474265,7,0.0,0.0,0.0,False
100000005847078100,terminal,0.482473,17,0.094084,"Видимый вход от 1 узлов (16,300 KZT), выхода нет; depth=3<4.",3,False,1,0,16300.0,0.0,1,0,0.0002881133620179708,1,0.0,0.0,0.0,False
100000005849100100,terminal,0.561032,2,0.603648,"Видимый вход от 1 узлов (33,300 KZT), выхода нет; depth=2<4.",2,False,1,0,33300.0,0.0,1,0,0.0004907169210974114,10,0.0,0.0,0.0,False
100000005849862100,peripheral,0.2,4,0.109764,"depth=4: обход обрывается; видимый вход от 1 узлов, исходящие неизвестны.",4,False,1,0,13000.0,0.0,2,0,0.000548435563920348,7,0.0,0.0,0.0,True
100000005852946100,terminal,0.522776,2,0.397687,"Видимый вход от 1 узлов (23,746 KZT), выхода нет; depth=1<4.",1,False,1,0,23746.0,0.0,1,0,0.00029032410857340613,10,0.0,0.0,0.0,False
100000005857058100,terminal,0.64306,5,0.83363,"Видимый вход от 3 узлов (80,222 KZT), выхода нет; depth=3<4.",3,False,3,0,80222.0,0.0,3,0,0.0003899337552291787,7,0.0,0.0,0.0,False
100000005873152100,peripheral,0.35,2,0.57073,"Недостаточно ролевых признаков: входящих 1, исходящих 1, depth=3.",3,False,1,1,10000.0,10000.0,1,1,0.0004674555308962045,11,1.0,0.0,0.0,False
100000005877725100,terminal,0.63194,24,0.449733,"Видимый вход от 1 узлов (70,000 KZT), выхода нет; depth=1<4.",1,False,1,0,70000.0,0.0,1,0,0.00030026147427363134,1,0.0,0.0,0.0,False
100000005878334100,peripheral,0.2,25,0.234542,"depth=4: обход обрывается; видимый вход от 1 узлов, исходящие неизвестны.",4,False,1,0,76400.0,0.0,2,0,0.0003989642564463477,7,0.0,0.0,0.0,True
100000005882013100,peripheral,0.35,10,0.81984,"Недостаточно ролевых признаков: входящих 2, исходящих 1, depth=2.",2,False,2,1,135000.0,10000.0,3,1,0.0005264244942722093,10,0.07407407407407407,10000.0,1.0,False
100000005888829100,peripheral,0.2,28,0.31895,"depth=4: обход обрывается; видимый вход от 1 узлов, исходящие неизвестны.",4,False,1,0,197000.0,0.0,1,0,0.0003114861644720892,8,0.0,0.0,0.0,True
100000005893892100,terminal,0.667972,9,0.546263,"Видимый вход от 1 узлов (102,780 KZT), выхода нет; depth=3<4.",3,False,1,0,102780.0,0.0,1,0,0.0002889003091286244,7,0.0,0.0,0.0,False
100000005895525100,terminal,0.678648,40,0.595641,"Видимый вход от 1 узлов (120,000 KZT), выхода нет; depth=1<4.",1,False,1,0,120000.0,0.0,3,0,0.00039127287948343374,1,0.0,0.0,0.0,False
100000005897462100,terminal,0.66032,2,0.659253,"Видимый вход от 1 узлов (98,400 KZT), выхода нет; depth=1<4.",1,False,1,0,98400.0,0.0,1,0,0.0003004936394973031,8,0.0,0.0,0.0,False
100000005901606100,terminal,0.567616,24,0.294929,"Видимый вход от 1 узлов (35,660 KZT), выхода нет; depth=1<4.",1,False,1,0,35660.0,0.0,1,0,0.0002930539105145634,1,0.0,0.0,0.0,False
100000005904580100,terminal,0.635231,7,0.807829,"Видимый вход от 2 узлов (72,000 KZT), выхода нет; depth=2<4.",2,False,2,0,72000.0,0.0,2,0,0.0005227099859368683,7,0.0,0.0,0.0,False
100000005910114100,distributor,0.979093,4,0.967082,"Отправляет 19 получателям, видимый выход 1,469,993 KZT; depth=3.",3,False,3,19,326144.0,1469993.0,3,56,0.0003616504127742248,7,4.507190075549451,326144.0,1.0,False
100000005910895100,peripheral,0.2,39,0.135788,"depth=4: обход обрывается; видимый вход от 1 узлов, исходящие неизвестны.",4,False,1,0,5100.0,0.0,1,0,0.0005976000607837513,8,0.0,0.0,0.0,True
100000005911352100,peripheral,0.35,5,0.658363,"Недостаточно ролевых признаков: входящих 2, исходящих 3, depth=2.",2,False,2,3,15000.0,24000.0,2,3,0.0005517344998567147,7,1.6,10000.0,0.6666666666666666,False
100000005931985100,terminal,0.639591,19,0.491103,"Видимый вход от 1 узлов (76,000 KZT), выхода нет; depth=2<4.",2,False,1,0,76000.0,0.0,1,0,0.0003128966445634423,1,0.0,0.0,0.0,False
100000005932987100,terminal,0.53016,14,0.441726,"Видимый вход от 1 узлов (25,000 KZT), выхода нет; depth=2<4.",2,False,1,0,25000.0,0.0,3,0,0.0004118086245499573,7,0.0,0.0,0.0,False
100000005933757100,distributor,0.991437,16,0.991103,"Отправляет 34 получателям, видимый выход 3,002,628 KZT; depth=2.",2,False,4,34,1246000.0,3002628.0,6,46,0.0009979855720130422,7,2.409813804173355,1246000.0,1.0,False
100000005939154100,terminal,0.514591,5,0.300712,"Видимый вход от 1 узлов (22,000 KZT), выхода нет; depth=2<4.",2,False,1,0,22000.0,0.0,2,0,0.00029369666480402615,7,0.0,0.0,0.0,False
100000005940652100,terminal,0.434075,37,0.213968,"Видимый вход от 1 узлов (8,395 KZT), выхода нет; depth=1<4.",1,False,1,0,8395.0,0.0,1,0,0.00028808836221548334,10,0.0,0.0,0.0,False
100000005941908100,terminal,0.445907,16,0.411477,"Видимый вход от 1 узлов (10,000 KZT), выхода нет; depth=3<4.",3,False,1,0,10000.0,0.0,1,0,0.0006923487710335436,8,0.0,0.0,0.0,False
100000005942793100,terminal,0.614947,4,0.80694,"Видимый вход от 4 узлов (55,000 KZT), выхода нет; depth=2<4.",2,False,4,0,55000.0,0.0,4,0,0.00033223226815400065,7,0.0,0.0,0.0,False
100000005958064100,peripheral,0.35,16,0.570285,"Недостаточно ролевых признаков: входящих 1, исходящих 2, depth=1.",1,False,1,2,5746.0,163986.84,1,3,0.0002861870929528544,7,28.539303863557258,5746.0,1.0,False
100000005961971100,terminal,0.593594,24,0.360765,"Видимый вход от 1 узлов (47,353 KZT), выхода нет; depth=1<4.",1,False,1,0,47353.0,0.0,1,0,0.000295508134248832,1,0.0,0.0,0.0,False
100000005974542100,terminal,0.656495,23,0.671708,"Видимый вход от 1 узлов (94,500 KZT), выхода нет; depth=3<4.",3,False,1,0,94500.0,0.0,3,0,0.000483047219122777,7,0.0,0.0,0.0,False
100000005979037100,peripheral,0.2,0,0.191837,"depth=4: обход обрывается; видимый вход от 1 узлов, исходящие неизвестны.",4,False,1,0,60300.0,0.0,1,0,0.0003248463424153586,7,0.0,0.0,0.0,True
100000005995391100,terminal,0.487367,17,0.103425,"Видимый вход от 1 узлов (17,200 KZT), выхода нет; depth=3<4.",3,False,1,0,17200.0,0.0,1,0,0.00028825383201923533,1,0.0,0.0,0.0,False
100000005996909100,terminal,0.420641,5,0.197064,"Видимый вход от 1 узлов (5,500 KZT), выхода нет; depth=3<4.",3,False,1,0,5500.0,0.0,1,0,0.0003159496060023001,7,0.0,0.0,0.0,False
100000006008169100,terminal,0.63194,7,0.438612,"Видимый вход от 1 узлов (70,000 KZT), выхода нет; depth=1<4.",1,False,1,0,70000.0,0.0,1,0,0.00029718614798284425,1,0.0,0.0,0.0,False
100000006020215100,peripheral,0.35,4,0.554715,"Недостаточно ролевых признаков: входящих 1, исходящих 2, depth=3.",3,False,1,2,30000.0,33800.0,1,2,0.00029667460701655646,7,1.1266666666666667,20500.0,0.6833333333333333,False
100000006030946100,terminal,0.636121,24,0.460854,"Видимый вход от 1 узлов (73,289 KZT), выхода нет; depth=1<4.",1,False,1,0,73289.0,0.0,1,0,0.00030095179684799285,1,0.0,0.0,0.0,False
100000006048193100,terminal,0.580783,0,0.440391,"Видимый вход от 1 узлов (41,559 KZT), выхода нет; depth=3<4.",3,False,1,0,41559.0,0.0,1,0,0.00029641085375483673,7,0.0,0.0,0.0,False
100000006069103100,consolidator,0.87411,5,0.954626,"Получает от 3 плательщиков, видимый вход 228,818 KZT; depth=1.",1,False,3,3,228818.0,270000.0,3,4,0.0011516310982681705,7,1.1799770997036947,45000.0,0.19666284995061578,False
100000006100920100,terminal,0.663523,4,0.638345,"Видимый вход от 1 узлов (100,000 KZT), выхода нет; depth=3<4.",3,False,1,0,100000.0,0.0,1,0,0.0003265085266629265,7,0.0,0.0,0.0,False
100000006111439100,peripheral,0.35,4,0.645907,"Недостаточно ролевых признаков: входящих 3, исходящих 4, depth=3.",3,False,3,4,20570.0,24000.0,3,4,0.0003655017010699153,7,1.166747690811862,11264.0,0.5475935828877005,False
100000006111442100,terminal,0.625,28,0.579626,"Видимый вход от 1 узлов (64,000 KZT), выхода нет; depth=3<4.",3,False,1,0,64000.0,0.0,1,0,0.00029552622405626405,8,0.0,0.0,0.0,False
100000006122699100,terminal,0.588612,5,0.714413,"Видимый вход от 2 узлов (45,865 KZT), выхода нет; depth=2<4.",2,False,2,0,45865.0,0.0,2,0,0.0004047064849586182,7,0.0,0.0,0.0,False
100000006126743100,terminal,0.614947,9,0.439947,"Видимый вход от 1 узлов (55,000 KZT), выхода нет; depth=3<4.",3,False,1,0,55000.0,0.0,1,0,0.0002873517987913648,7,0.0,0.0,0.0,False
100000006161893100,terminal,0.467171,5,0.350534,"Видимый вход от 1 узлов (14,000 KZT), выхода нет; depth=2<4.",2,False,1,0,14000.0,0.0,1,0,0.0005318535188146666,7,0.0,0.0,0.0,False
100000006165886100,peripheral,0.35,0,0.685053,"Недостаточно ролевых признаков: входящих 2, исходящих 1, depth=3.",3,False,2,1,184481.0,75000.0,2,1,0.00029856163893927776,7,0.4065459315593476,75000.0,1.0,False
100000006169033100,peripheral,0.35,9,0.853648,"Недостаточно ролевых признаков: входящих 1, исходящих 3, depth=3.",3,False,1,3,49000.0,1140271.0,1,10,0.00041804163396876585,7,23.270836734693876,49000.0,1.0,False
100000006171671100,peripheral,0.2,4,0.085409,"depth=4: обход обрывается; видимый вход от 1 узлов, исходящие неизвестны.",4,False,1,0,10000.0,0.0,1,0,0.0005290656990407915,7,0.0,0.0,0.0,True
100000006177176100,terminal,0.435587,5,0.098754,"Видимый вход от 1 узлов (8,911 KZT), выхода нет; depth=1<4.",1,False,1,0,8911.0,0.0,1,0,0.0002865273875922662,7,0.0,0.0,0.0,False
100000006209210100,terminal,0.725267,4,0.756673,"Видимый вход от 1 узлов (229,111 KZT), выхода нет; depth=3<4.",3,False,1,0,229111.0,0.0,1,0,0.00036080271331221227,7,0.0,0.0,0.0,False
100000006225798100,consolidator,0.946842,22,0.937722,"Получает от 3 плательщиков, видимый вход 722,000 KZT; depth=3.",3,False,3,2,722000.0,26300.0,4,2,0.00035996892038230765,7,0.03642659279778394,0.0,0.0,False
100000006232642100,peripheral,0.2,9,0.365825,"depth=4: обход обрывается; видимый вход от 1 узлов, исходящие неизвестны.",4,False,1,0,456000.0,0.0,4,0,0.0004278560911161392,7,0.0,0.0,0.0,True
100000006232815100,peripheral,0.35,21,0.794484,"Недостаточно ролевых признаков: входящих 1, исходящих 5, depth=0.",0,True,1,5,160000.0,296500.0,2,5,0.0005566536352336254,1,1.853125,110000.0,0.6875,False
100000006240939100,peripheral,0.35,32,0.759342,"Недостаточно ролевых признаков: входящих 1, исходящих 5, depth=2.",2,False,1,5,160000.0,778015.0,1,5,0.00031874711590155753,1,4.86259375,0.0,0.0,False
100000006248077100,terminal,0.601957,25,0.468416,"Видимый вход от 1 узлов (50,000 KZT), выхода нет; depth=2<4.",2,False,1,0,50000.0,0.0,1,0,0.00029385096746579765,7,0.0,0.0,0.0,False
100000006249740100,peripheral,0.35,60,0.419262,"Недостаточно ролевых признаков: входящих 0, исходящих 3, depth=0.",0,True,0,3,0.0,93007.0,0,5,0.0002855692942172902,1,,0.0,0.0,False
100000006257675100,peripheral,0.2,25,0.224866,"depth=4: обход обрывается; видимый вход от 1 узлов, исходящие неизвестны.",4,False,1,0,70000.0,0.0,2,0,0.00038264801720809164,7,0.0,0.0,0.0,True
100000006274203100,peripheral,0.35,4,0.913256,"Недостаточно ролевых признаков: входящих 2, исходящих 3, depth=3.",3,False,2,3,3417512.0,72000.0,41,3,0.0006321051467844558,9,0.02106795821053445,5000.0,0.06944444444444445,False
100000006288612100,peripheral,0.2,7,0.092749,"depth=4: обход обрывается; видимый вход от 1 узлов, исходящие неизвестны.",4,False,1,0,30805.0,0.0,3,0,0.0002976242451746872,7,0.0,0.0,0.0,True
100000006308406100,peripheral,0.2,25,0.323955,"depth=4: обход обрывается; видимый вход от 1 узлов, исходящие неизвестны.",4,False,1,0,183000.0,0.0,2,0,0.0005393608128932426,7,0.0,0.0,0.0,True
100000006326645100,terminal,0.533452,24,0.20774,"Видимый вход от 1 узлов (25,264 KZT), выхода нет; depth=1<4.",1,False,1,0,25264.0,0.0,1,0,0.00029087191188791023,1,0.0,0.0,0.0,False
100000006351075100,peripheral,0.2,45,0.085076,"depth=4: обход обрывается; видимый вход от 1 узлов, исходящие неизвестны.",4,False,1,0,40000.0,0.0,2,0,0.00029108533068760405,7,0.0,0.0,0.0,True
100000006369769100,terminal,0.57669,24,0.318505,"Видимый вход от 1 узлов (40,000 KZT), выхода нет; depth=1<4.",1,False,1,0,40000.0,0.0,1,0,0.0002939648256780566,1,0.0,0.0,0.0,False
100000006381453100,peripheral,0.2,28,0.277246,"depth=4: обход обрывается; видимый вход от 1 узлов, исходящие неизвестны.",4,False,1,0,45000.0,0.0,1,0,0.000576167770487525,8,0.0,0.0,0.0,True
100000006385877100,peripheral,0.35,1,0.590302,"Недостаточно ролевых признаков: входящих 1, исходящих 1, depth=2.",2,False,1,1,53706.62,36602.93,5,5,0.0020942975539589184,1,0.6815347903107661,6102.93,0.16673337353047968,False
100000006412162100,peripheral,0.2,19,0.014012,"depth=4: обход обрывается; видимый вход от 1 узлов, исходящие неизвестны.",4,False,1,0,15000.0,0.0,2,0,0.00029359653846417096,1,0.0,0.0,0.0,True
100000006416061100,peripheral,0.2,0,0.161144,"depth=4: обход обрывается; видимый вход от 1 узлов, исходящие неизвестны.",4,False,1,0,30000.0,0.0,1,0,0.0004348563786213122,7,0.0,0.0,0.0,True
100000006424479100,peripheral,0.35,10,0.898577,"Недостаточно ролевых признаков: входящих 1, исходящих 2, depth=2.",2,False,1,2,500000.0,220000.0,2,3,0.0009438231531441708,10,0.44,220000.0,1.0,False
100000006443391100,peripheral,0.35,1,0.722865,"Недостаточно ролевых признаков: входящих 3, исходящих 2, depth=1.",1,False,3,2,86775.93,60041.71000000001,7,6,0.0024195077535015346,1,0.6919166409394865,60041.71,0.9999999999999999,False
100000006444163100,terminal,0.424377,4,0.205516,"Видимый вход от 1 узлов (6,026 KZT), выхода нет; depth=3<4.",3,False,1,0,6026.0,0.0,1,0,0.00031891138227468983,7,0.0,0.0,0.0,False
100000006445501100,terminal,0.65347,2,0.645463,"Видимый вход от 1 узлов (91,000 KZT), выхода нет; depth=1<4.",1,False,1,0,91000.0,0.0,1,0,0.00029937128019778993,8,0.0,0.0,0.0,False
100000006446271100,terminal,0.642527,2,0.835409,"Видимый вход от 2 узлов (80,000 KZT), выхода нет; depth=1<4.",1,False,2,0,80000.0,0.0,2,0,0.00031391369620990085,10,0.0,0.0,0.0,False
100000006471232100,terminal,0.581139,17,0.316281,"Видимый вход от 1 узлов (41,800 KZT), выхода нет; depth=3<4.",3,False,1,0,41800.0,0.0,1,0,0.00029209334538713355,1,0.0,0.0,0.0,False
100000006476758100,terminal,0.418238,2,0.340302,"Видимый вход от 1 узлов (5,200 KZT), выхода нет; depth=3<4.",3,False,1,0,5200.0,0.0,1,0,0.0005168074362570555,8,0.0,0.0,0.0,False
100000006490557100,terminal,0.412544,1,0.027135,"Видимый вход от 1 узлов (5,000 KZT), выхода нет; depth=2<4.",2,False,1,0,5000.0,0.0,1,0,0.0002861622896167219,1,0.0,0.0,0.0,False
100000006490615100,peripheral,0.2,4,0.181495,"depth=4: обход обрывается; видимый вход от 1 узлов, исходящие неизвестны.",4,False,1,0,41600.0,0.0,6,0,0.0003947458870200995,7,0.0,0.0,0.0,True
100000006491272100,terminal,0.538701,17,0.209742,"Видимый вход от 1 узлов (26,200 KZT), выхода нет; depth=3<4.",3,False,1,0,26200.0,0.0,1,0,0.000289658532031881,1,0.0,0.0,0.0,False
100000006491963100,peripheral,0.2,19,0.015014,"depth=4: обход обрывается; видимый вход от 1 узлов, исходящие неизвестны.",4,False,1,0,16000.0,0.0,3,0,0.00029413168808062963,1,0.0,0.0,0.0,True
100000006492770100,peripheral,0.35,4,0.651246,"Недостаточно ролевых признаков: входящих 1, исходящих 1, depth=3.",3,False,1,1,269000.0,20000.0,1,1,0.0003007193653545536,7,0.07434944237918216,20000.0,1.0,False
100000006512787100,peripheral,0.2,4,0.132118,"depth=4: обход обрывается; видимый вход от 1 узлов, исходящие неизвестны.",4,False,1,0,20000.0,0.0,2,0,0.0005300461906110868,7,0.0,0.0,0.0,True
100000006518161100,transit,0.994882,5,0.973754,"Вход 594,200, выход 595,899 KZT; выход/вход=1.00; после видимого входа в более поздние дни ушло до 425,899 KZT.",1,False,3,2,594200.0,595899.0,13,13,0.0008108053328700446,7,1.002859306630764,425899.0,0.7167603500504881,False
100000006522972100,terminal,0.438612,4,0.199733,"Видимый вход от 1 узлов (9,515 KZT), выхода нет; depth=3<4.",3,False,1,0,9515.0,0.0,1,0,0.000303310125964783,7,0.0,0.0,0.0,False
100000006523053100,terminal,0.412544,2,0.377669,"Видимый вход от 1 узлов (5,000 KZT), выхода нет; depth=2<4.",2,False,1,0,5000.0,0.0,1,0,0.0005386541417252811,10,0.0,0.0,0.0,False
100000006527156100,peripheral,0.2,4,0.123109,"depth=4: обход обрывается; видимый вход от 1 узлов, исходящие неизвестны.",4,False,1,0,48500.0,0.0,1,0,0.00029607854463901213,7,0.0,0.0,0.0,True
100000006530134100,terminal,0.691281,9,0.804715,"Видимый вход от 2 узлов (144,663 KZT), выхода нет; depth=3<4.",3,False,2,0,144663.0,0.0,2,0,0.00029908777889777345,7,0.0,0.0,0.0,False
100000006532229100,terminal,0.669217,28,0.673488,"Видимый вход от 1 узлов (105,000 KZT), выхода нет; depth=3<4.",3,False,1,0,105000.0,0.0,1,0,0.00030063518629304246,8,0.0,0.0,0.0,False
100000006534886100,peripheral,0.35,5,0.763345,"Недостаточно ролевых признаков: входящих 1, исходящих 1, depth=2.",2,False,1,1,71700.0,167500.0,5,8,0.0011276985721232146,7,2.336122733612273,66700.0,0.9302649930264993,False
100000006557763100,terminal,0.445907,2,0.370996,"Видимый вход от 1 узлов (10,000 KZT), выхода нет; depth=2<4.",2,False,1,0,10000.0,0.0,1,0,0.00034717518817528457,10,0.0,0.0,0.0,False
100000006562026100,terminal,0.637544,60,0.783363,"Видимый вход от 2 узлов (75,000 KZT), выхода нет; depth=1<4.",1,False,2,0,75000.0,0.0,6,0,0.0006853595679127559,2,0.0,0.0,0.0,False
100000006564102100,terminal,0.726868,4,0.843416,"Видимый вход от 1 узлов (233,235 KZT), выхода нет; depth=2<4.",2,False,1,0,233235.0,0.0,1,0,0.00042809593979465147,9,0.0,0.0,0.0,False
100000006567935100,terminal,0.716815,26,0.701512,"Видимый вход от 1 узлов (200,000 KZT), выхода нет; depth=2<4.",2,False,1,0,200000.0,0.0,1,0,0.0003105560209740029,7,0.0,0.0,0.0,False
100000006573438100,terminal,0.412544,9,0.15169,"Видимый вход от 1 узлов (5,000 KZT), выхода нет; depth=3<4.",3,False,1,0,5000.0,0.0,1,0,0.00029908687990621625,7,0.0,0.0,0.0,False
100000006579678100,peripheral,0.35,5,0.889902,"Недостаточно ролевых признаков: входящих 2, исходящих 6, depth=1.",1,False,2,6,192930.0,1668800.0,2,15,0.0006256438748763348,7,8.649769346395066,192930.0,1.0,False
100000006595426100,terminal,0.646619,4,0.61121,"Видимый вход от 1 узлов (84,800 KZT), выхода нет; depth=2<4.",2,False,1,0,84800.0,0.0,3,0,0.000334319780409647,7,0.0,0.0,0.0,False
100000006612238100,peripheral,0.35,24,0.565391,"Недостаточно ролевых признаков: входящих 1, исходящих 1, depth=2.",2,False,1,1,160000.0,25000.0,1,1,0.00033991126391326795,1,0.15625,0.0,0.0,False
100000006638021100,peripheral,0.2,28,0.565169,"depth=4: обход обрывается; видимый вход от 2 узлов, исходящие неизвестны.",4,False,2,0,388500.0,0.0,2,0,0.0005444856962899737,9,0.0,0.0,0.0,True
100000006641671100,peripheral,0.35,0,0.610765,"Недостаточно ролевых признаков: входящих 2, исходящих 1, depth=3.",3,False,2,1,22000.0,25000.0,2,3,0.00043999110799823783,7,1.1363636363636365,9000.0,0.4090909090909091,False
100000006656003100,peripheral,0.35,24,0.266014,"Недостаточно ролевых признаков: входящих 1, исходящих 1, depth=1.",1,False,1,1,20000.0,9000.0,1,1,0.00028976705994767336,1,0.45,0.0,0.0,False
100000006658598100,terminal,0.436477,5,0.100311,"Видимый вход от 1 узлов (9,000 KZT), выхода нет; depth=1<4.",1,False,1,0,9000.0,0.0,1,0,0.00028653695669903005,7,0.0,0.0,0.0,False
100000006664478100,transit,0.844026,32,0.872776,"Вход 55,000, выход 60,000 KZT; выход/вход=1.09; после видимого входа в более поздние дни ушло до 30,000 KZT.",3,False,1,2,55000.0,60000.0,3,2,0.0006168426303113105,1,1.0909090909090908,30000.0,0.5454545454545454,False
100000006679055100,terminal,0.53016,4,0.452847,"Видимый вход от 1 узлов (25,000 KZT), выхода нет; depth=2<4.",2,False,1,0,25000.0,0.0,1,0,0.000300846444471043,9,0.0,0.0,0.0,False
100000006684930100,terminal,0.445907,10,0.30427,"Видимый вход от 1 узлов (10,000 KZT), выхода нет; depth=2<4.",2,False,1,0,10000.0,0.0,1,0,0.0002987343713958278,10,0.0,0.0,0.0,False
100000006687202100,terminal,0.601957,4,0.475311,"Видимый вход от 1 узлов (50,000 KZT), выхода нет; depth=1<4.",1,False,1,0,50000.0,0.0,1,0,0.00029495191537630183,7,0.0,0.0,0.0,False
100000006689603100,peripheral,0.2,13,0.312945,"depth=4: обход обрывается; видимый вход от 1 узлов, исходящие неизвестны.",4,False,1,0,400000.0,0.0,2,0,0.00031238935878786383,7,0.0,0.0,0.0,True
100000006693788100,peripheral,0.2,0,0.097086,"depth=4: обход обрывается; видимый вход от 1 узлов, исходящие неизвестны.",4,False,1,0,10764.0,0.0,1,0,0.0005320949120369095,7,0.0,0.0,0.0,True
100000006701983100,terminal,0.541637,17,0.222642,"Видимый вход от 1 узлов (27,000 KZT), выхода нет; depth=3<4.",3,False,1,0,27000.0,0.0,1,0,0.00028978339425522726,1,0.0,0.0,0.0,False
100000006704530100,transit,0.908158,12,0.937278,"Вход 450,500, выход 428,000 KZT; выход/вход=0.95; после видимого входа в более поздние дни ушло до 411,500 KZT.",3,False,1,3,450500.0,428000.0,1,5,0.00039854222775425723,7,0.9500554938956715,411500.0,0.9614485981308412,False
100000006706519100,peripheral,0.2,4,0.171152,"depth=4: обход обрывается; видимый вход от 1 узлов, исходящие неизвестны.",4,False,1,0,36000.0,0.0,3,0,0.0003907109210365758,7,0.0,0.0,0.0,True
100000006707582100,distributor,0.968861,19,0.939947,"Отправляет 14 получателям, видимый выход 961,138 KZT; depth=1.",1,False,2,14,39520.0,961138.0,2,15,0.0005380556485142938,1,24.320293522267207,17520.0,0.4433198380566802,False
100000006710485100,terminal,0.504004,17,0.142571,"Видимый вход от 1 узлов (20,000 KZT), выхода нет; depth=3<4.",3,False,1,0,20000.0,0.0,1,0,0.0002886908498009473,1,0.0,0.0,0.0,False
100000006714366100,peripheral,0.35,4,0.290036,"Недостаточно ролевых признаков: входящих 1, исходящих 1, depth=3.",3,False,1,1,10500.0,5000.0,1,1,0.0002894561536970334,7,0.47619047619047616,0.0,0.0,False
100000006734214100,consolidator,0.965302,22,0.966637,"Получает от 5 плательщиков, видимый вход 610,000 KZT; depth=3.",3,False,5,3,610000.0,36000.0,10,4,0.0006063901366273065,7,0.05901639344262295,36000.0,1.0,False
100000006734554100,peripheral,0.35,21,0.392349,"Недостаточно ролевых признаков: входящих 1, исходящих 1, depth=1.",1,False,1,1,16500.0,25000.0,1,1,0.000311941698524386,1,1.5151515151515151,16500.0,1.0,False
100000006735545100,peripheral,0.2,4,0.018016,"depth=4: обход обрывается; видимый вход от 1 узлов, исходящие неизвестны.",4,False,1,0,5000.0,0.0,1,0,0.0002932717116494764,7,0.0,0.0,0.0,True
100000006745291100,terminal,0.645196,2,0.622776,"Видимый вход от 1 узлов (82,534 KZT), выхода нет; depth=1<4.",1,False,1,0,82534.0,0.0,1,0,0.00029808724049107665,8,0.0,0.0,0.0,False
100000006746688100,terminal,0.579804,17,0.309831,"Видимый вход от 1 узлов (41,000 KZT), выхода нет; depth=3<4.",3,False,1,0,41000.0,0.0,1,0,0.0002919684831637872,1,0.0,0.0,0.0,False
100000006755850100,terminal,0.763701,2,0.900356,"Видимый вход от 1 узлов (443,476 KZT), выхода нет; depth=2<4.",2,False,1,0,443475.8,0.0,3,0,0.0006492085817124307,11,0.0,0.0,0.0,False
100000006756956100,peripheral,0.2,4,0.230538,"depth=4: обход обрывается; видимый вход от 1 узлов, исходящие неизвестны.",4,False,1,0,121200.0,0.0,9,0,0.00031094703412755777,7,0.0,0.0,0.0,True
100000006787636100,terminal,0.504004,5,0.37589,"Видимый вход от 1 узлов (20,000 KZT), выхода нет; depth=2<4.",2,False,1,0,20000.0,0.0,1,0,0.00035810339492313935,7,0.0,0.0,0.0,False
100000006788200100,consolidator,0.906472,32,0.924377,"Получает от 4 плательщиков, видимый вход 272,156 KZT; depth=1.",1,False,4,3,272155.8,64500.0,4,4,0.00033716343435244173,7,0.23699660268125833,46970.0,0.7282170542635659,False
100000006789108100,terminal,0.571263,2,0.469751,"Видимый вход от 1 узлов (37,500 KZT), выхода нет; depth=1<4.",1,False,1,0,37500.0,0.0,1,0,0.000291256925802661,8,0.0,0.0,0.0,False
100000006831291100,peripheral,0.35,60,0.025356,"Недостаточно ролевых признаков: входящих 0, исходящих 1, depth=0.",0,True,0,1,0.0,15000.0,0,3,0.0002855692942172902,1,,0.0,0.0,False
100000006844004100,terminal,0.51032,4,0.434164,"Видимый вход от 1 узлов (20,600 KZT), выхода нет; depth=3<4.",3,False,1,0,20600.0,0.0,1,0,0.000545441716485238,7,0.0,0.0,0.0,False
100000006844768100,peripheral,0.35,0,0.84742,"Недостаточно ролевых признаков: входящих 1, исходящих 2, depth=2.",2,False,1,2,282000.0,188000.0,5,5,0.0013707774167538995,7,0.6666666666666666,188000.0,1.0,False
100000006852430100,terminal,0.570018,2,0.63879,"Видимый вход от 1 узлов (37,000 KZT), выхода нет; depth=2<4.",2,False,1,0,37000.0,0.0,1,0,0.0005362020040442936,11,0.0,0.0,0.0,False
100000006866783100,distributor,0.995107,4,0.992883,"Отправляет 67 получателям, видимый выход 3,948,037 KZT; depth=0.",0,True,13,67,838812.0,3948037.0,31,90,0.0008703719471293999,7,4.706700667133994,838812.0,1.0,False
100000006866831100,peripheral,0.2,0,0.094751,"depth=4: обход обрывается; видимый вход от 1 узлов, исходящие неизвестны.",4,False,1,0,16500.0,0.0,1,0,0.0003676771906395023,7,0.0,0.0,0.0,True
100000006882208100,terminal,0.493505,5,0.419929,"Видимый вход от 1 узлов (18,000 KZT), выхода нет; depth=3<4.",3,False,1,0,18000.0,0.0,1,0,0.0006403184460375327,7,0.0,0.0,0.0,False
100000006888238100,peripheral,0.35,38,0.51379,"Недостаточно ролевых признаков: входящих 1, исходящих 1, depth=2.",2,False,1,1,18000.0,30000.0,1,1,0.0006097535591566906,1,1.6666666666666667,0.0,0.0,False
100000006889963100,consolidator,0.977647,2,0.988879,"Получает от 4 плательщиков, видимый вход 1,431,000 KZT; depth=1.",1,False,4,1,1431000.0,443475.8,6,3,0.00042726044416286594,11,0.30990621942697416,226000.0,0.5096106709768605,False
100000006894637100,terminal,0.610142,0,0.460409,"Видимый вход от 1 узлов (52,831 KZT), выхода нет; depth=3<4.",3,False,1,0,52831.0,0.0,1,0,0.0002902544663373186,7,0.0,0.0,0.0,False
100000006901046100,peripheral,0.35,5,0.672153,"Недостаточно ролевых признаков: входящих 1, исходящих 1, depth=2.",2,False,1,1,75800.0,5500.0,3,1,0.0029998776847224907,7,0.07255936675461741,5500.0,1.0,False
100000006903193100,peripheral,0.2,0,0.031361,"depth=4: обход обрывается; видимый вход от 1 узлов, исходящие неизвестны.",4,False,1,0,9000.0,0.0,1,0,0.00030160452688525306,7,0.0,0.0,0.0,True
100000006912294100,peripheral,0.35,1,0.510676,"Недостаточно ролевых признаков: входящих 1, исходящих 2, depth=2.",2,False,1,2,6335.09,30000.0,1,2,0.000498922067320617,1,4.7355286191672095,0.0,0.0,False
100000006918814100,peripheral,0.2,4,0.064724,"depth=4: обход обрывается; видимый вход от 1 узлов, исходящие неизвестны.",4,False,1,0,20000.0,0.0,2,0,0.0003043279710896778,7,0.0,0.0,0.0,True
100000006919124100,terminal,0.53016,4,0.270018,"Видимый вход от 1 узлов (25,000 KZT), выхода нет; depth=3<4.",3,False,1,0,25000.0,0.0,1,0,0.00028697729339361577,7,0.0,0.0,0.0,False
100000006952718100,terminal,0.634698,5,0.526246,"Видимый вход от 1 узлов (71,489 KZT), выхода нет; depth=1<4.",1,False,1,0,71489.0,0.0,1,0,0.0002932556523458571,7,0.0,0.0,0.0,False
100000006965162100,terminal,0.445907,14,0.227091,"Видимый вход от 1 узлов (10,000 KZT), выхода нет; depth=3<4.",3,False,1,0,10000.0,0.0,1,0,0.0003092890887695534,7,0.0,0.0,0.0,False
100000006967370100,peripheral,0.35,22,0.454181,"Недостаточно ролевых признаков: входящих 1, исходящих 1, depth=3.",3,False,1,1,33225.0,13526.27,1,1,0.00029359429537827847,7,0.40711121143717083,0.0,0.0,False
100000006972210100,consolidator,0.92927,1,0.935943,"Получает от 3 плательщиков, видимый вход 488,775 KZT; depth=1.",1,False,3,0,488775.0,0.0,4,0,0.0003462960003537612,8,0.0,0.0,0.0,False
100000006977207100,distributor,0.987656,25,0.936833,"Отправляет 15 получателям, видимый выход 4,157,018 KZT; depth=2.",2,False,1,15,414000.0,4157018.0,1,15,0.0003478854757097009,1,10.041106280193237,0.0,0.0,False
100000006989106100,terminal,0.625,1,0.535142,"Видимый вход от 1 узлов (64,000 KZT), выхода нет; depth=2<4.",2,False,1,0,64000.0,0.0,2,0,0.0004956408524122065,1,0.0,0.0,0.0,False
100000006989232100,terminal,0.515302,0,0.247776,"Видимый вход от 1 узлов (22,194 KZT), выхода нет; depth=3<4.",3,False,1,0,22194.0,0.0,1,0,0.0002875375081453232,7,0.0,0.0,0.0,False
100000006994985100,peripheral,0.35,32,0.593416,"Недостаточно ролевых признаков: входящих 1, исходящих 1, depth=2.",2,False,1,1,48500.0,10200.0,2,2,0.0005013304862324064,7,0.21030927835051547,10200.0,1.0,False
100000007005380100,terminal,0.4379,4,0.197509,"Видимый вход от 1 узлов (9,400 KZT), выхода нет; depth=3<4.",3,False,1,0,9400.0,0.0,1,0,0.00030309570708396725,7,0.0,0.0,0.0,False
100000007018630100,peripheral,0.35,30,0.246441,"Недостаточно ролевых признаков: входящих 0, исходящих 1, depth=0.",0,True,0,1,0.0,200000.0,0,5,0.0002855692942172902,1,,0.0,0.0,False
100000007020162100,terminal,0.648577,16,0.588078,"Видимый вход от 1 узлов (86,395 KZT), выхода нет; depth=3<4.",3,False,1,0,86395.0,0.0,1,0,0.00030998898275319905,7,0.0,0.0,0.0,False
100000007022818100,terminal,0.487367,17,0.103425,"Видимый вход от 1 узлов (17,200 KZT), выхода нет; depth=3<4.",3,False,1,0,17200.0,0.0,1,0,0.00028825383201923533,1,0.0,0.0,0.0,False
100000007034089100,peripheral,0.2,28,0.465414,"depth=4: обход обрывается; видимый вход от 2 узлов, исходящие неизвестны.",4,False,2,0,198000.0,0.0,2,0,0.0003211159924280986,8,0.0,0.0,0.0,True
100000007042175100,peripheral,0.2,0,0.240214,"depth=4: обход обрывается; видимый вход от 1 узлов, исходящие неизвестны.",4,False,1,0,60000.0,0.0,1,0,0.0005340058628254442,7,0.0,0.0,0.0,True
100000007055802100,consolidator,0.990325,0,0.982651,"Получает от 6 плательщиков, видимый вход 2,024,999 KZT; depth=1.",1,False,6,1,2024999.0,605000.0,34,7,0.0011819243661223104,7,0.29876557963732325,238000.0,0.3933884297520661,False
100000007071852100,peripheral,0.2,0,0.313279,"depth=4: обход обрывается; видимый вход от 1 узлов, исходящие неизвестны.",4,False,1,0,195000.0,0.0,1,0,0.00044351479276962143,7,0.0,0.0,0.0,True
100000007129492100,peripheral,0.35,2,0.675712,"Недостаточно ролевых признаков: входящих 2, исходящих 1, depth=1.",1,False,2,1,50990.0,37000.0,2,1,0.0002945171129254449,11,0.725632476956266,0.0,0.0,False
100000007131370100,peripheral,0.35,3,0.639457,"Недостаточно ролевых признаков: входящих 1, исходящих 1, depth=3.",3,False,1,1,30000.0,30000.0,1,1,0.0008999890359090004,7,1.0,0.0,0.0,False
100000007138613100,consolidator,0.955294,9,0.94306,"Получает от 3 плательщиков, видимый вход 1,002,000 KZT; depth=3.",3,False,3,2,1002000.0,179000.0,3,2,0.0003541752272666075,7,0.17864271457085829,0.0,0.0,False
100000007140834100,terminal,0.45258,32,0.351868,"Видимый вход от 1 узлов (10,200 KZT), выхода нет; depth=3<4.",3,False,1,0,10200.0,0.0,2,0,0.0007122600056993933,7,0.0,0.0,0.0,False
100000007153161100,peripheral,0.2,4,0.205516,"depth=4: обход обрывается; видимый вход от 1 узлов, исходящие неизвестны.",4,False,1,0,44997.0,0.0,1,0,0.0005309451743246825,7,0.0,0.0,0.0,True
100000007170072100,transit,0.991015,13,0.902135,"Вход 100,000, выход 99,500 KZT; выход/вход=0.99; после видимого входа в более поздние дни ушло до 99,500 KZT.",3,False,1,2,100000.0,99500.0,1,9,0.0003076581045462551,7,0.995,99500.0,1.0,False
100000007173936100,terminal,0.445907,26,0.117438,"Видимый вход от 1 узлов (10,000 KZT), выхода нет; depth=2<4.",2,False,1,0,10000.0,0.0,1,0,0.00028681863055512584,7,0.0,0.0,0.0,False
100000007175718100,terminal,0.504004,40,0.213301,"Видимый вход от 1 узлов (20,000 KZT), выхода нет; depth=1<4.",1,False,1,0,20000.0,0.0,1,0,0.0003031865584283141,1,0.0,0.0,0.0,False
100000007181706100,terminal,0.70516,2,0.893238,"Видимый вход от 2 узлов (176,272 KZT), выхода нет; depth=1<4.",1,False,2,0,176272.0,0.0,2,0,0.00031906641503554723,10,0.0,0.0,0.0,False
100000007197866100,peripheral,0.35,0,0.393683,"Недостаточно ролевых признаков: входящих 1, исходящих 1, depth=3.",3,False,1,1,20000.0,15000.0,1,1,0.0002896384741784161,7,0.75,0.0,0.0,False
100000007229557100,consolidator,0.952625,28,0.95952,"Получает от 3 плательщиков, видимый вход 878,000 KZT; depth=3.",3,False,3,0,878000.0,0.0,3,0,0.0003942093306983486,9,0.0,0.0,0.0,False
100000007242833100,peripheral,0.35,7,0.768683,"Недостаточно ролевых признаков: входящих 1, исходящих 1, depth=2.",2,False,1,1,107500.0,45000.0,3,2,0.0005138001156911164,9,0.4186046511627907,45000.0,1.0,False
100000007267915100,peripheral,0.35,4,0.455516,"Недостаточно ролевых признаков: входящих 2, исходящих 1, depth=3.",3,False,2,1,21000.0,10000.0,3,1,0.0002913946069790751,7,0.47619047619047616,5000.0,0.5,False
100000007274584100,terminal,0.572331,2,0.518683,"Видимый вход от 1 узлов (38,000 KZT), выхода нет; depth=1<4.",1,False,1,0,38000.0,0.0,1,0,0.0002931782787002518,10,0.0,0.0,0.0,False
100000007281639100,terminal,0.722242,5,0.866993,"Видимый вход от 2 узлов (216,770 KZT), выхода нет; depth=1<4.",1,False,2,0,216770.0,0.0,4,0,0.0003235711404553899,7,0.0,0.0,0.0,False
100000007283257100,terminal,0.711922,51,0.654804,"Видимый вход от 1 узлов (192,000 KZT), выхода нет; depth=1<4.",1,False,1,0,192000.0,0.0,7,0,0.0003890688456836091,1,0.0,0.0,0.0,False
100000007289427100,terminal,0.46032,20,0.19573,"Видимый вход от 1 узлов (12,300 KZT), выхода нет; depth=2<4.",2,False,1,0,12300.0,0.0,1,0,0.0003736269529532959,1,0.0,0.0,0.0,False
100000007303047100,terminal,0.609431,17,0.381228,"Видимый вход от 1 узлов (52,250 KZT), выхода нет; depth=3<4.",3,False,1,0,52250.0,0.0,1,0,0.0002937243581795944,1,0.0,0.0,0.0,False
100000007311010100,peripheral,0.35,4,0.702402,"Недостаточно ролевых признаков: входящих 2, исходящих 1, depth=1.",1,False,2,1,64480.0,20000.0,2,1,0.0003093598362490267,10,0.31017369727047145,0.0,0.0,False
100000007322059100,peripheral,0.35,20,0.730427,"Недостаточно ролевых признаков: входящих 2, исходящих 1, depth=2.",2,False,2,1,29000.0,22500.0,2,2,0.0006801571631888173,8,0.7758620689655172,7000.0,0.3111111111111111,False
100000007330432100,peripheral,0.2,5,0.396686,"depth=4: обход обрывается; видимый вход от 1 узлов, исходящие неизвестны.",4,False,1,0,584900.0,0.0,1,0,0.0005381759930674287,7,0.0,0.0,0.0,True
100000007333038100,peripheral,0.35,19,0.45774,"Недостаточно ролевых признаков: входящих 1, исходящих 2, depth=3.",3,False,1,2,17500.0,34994.0,1,2,0.00029968918055683826,1,1.9996571428571428,0.0,0.0,False
100000007334196100,terminal,0.69484,2,0.728203,"Видимый вход от 1 узлов (150,002 KZT), выхода нет; depth=1<4.",1,False,1,0,150002.0,0.0,1,0,0.0003083201238991245,8,0.0,0.0,0.0,False
100000007337374100,terminal,0.504004,24,0.166815,"Видимый вход от 1 узлов (20,000 KZT), выхода нет; depth=2<4.",2,False,1,0,20000.0,0.0,2,0,0.0002923620404292874,1,0.0,0.0,0.0,False
100000007347733100,terminal,0.517972,60,0.289146,"Видимый вход от 1 узлов (23,007 KZT), выхода нет; depth=1<4.",1,False,1,0,23007.0,0.0,1,0,0.0003456840263989,1,0.0,0.0,0.0,False
100000007357489100,peripheral,0.2,28,0.441392,"depth=4: обход обрывается; видимый вход от 2 узлов, исходящие неизвестны.",4,False,2,0,164500.0,0.0,2,0,0.00031295949170801515,8,0.0,0.0,0.0,True
100000007381662100,peripheral,0.2,4,0.033029,"depth=4: обход обрывается; видимый вход от 1 узлов, исходящие неизвестны.",4,False,1,0,11000.0,0.0,1,0,0.00029683392810289037,7,0.0,0.0,0.0,True
100000007382152100,terminal,0.422242,22,0.080071,"Видимый вход от 1 узлов (5,860 KZT), выхода нет; depth=2<4.",2,False,1,0,5860.0,0.0,1,0,0.0002864808806193,7,0.0,0.0,0.0,False
100000007382543100,consolidator,0.870996,14,0.966192,"Получает от 3 плательщиков, видимый вход 218,000 KZT; depth=2.",2,False,3,5,218000.0,427000.0,3,8,0.0011904909010560423,7,1.9587155963302751,120000.0,0.5504587155963303,False
100000007390016100,peripheral,0.35,9,0.831406,"Недостаточно ролевых признаков: входящих 1, исходящих 1, depth=3.",3,False,1,1,511000.0,346500.0,13,14,0.0018430013608097028,7,0.678082191780822,316500.0,0.9134199134199135,False
100000007392365100,peripheral,0.35,45,0.758897,"Недостаточно ролевых признаков: входящих 1, исходящих 6, depth=3.",3,False,1,6,9613.0,1765600.0,1,9,0.00028611069806057095,7,183.66794965151357,9613.0,1.0,False
100000007442518100,distributor,0.982429,26,0.98532,"Отправляет 9 получателям, видимый выход 4,419,999 KZT; depth=1.",1,False,5,9,510000.0,4419999.0,8,12,0.000648773224650621,7,8.666664705882352,510000.0,1.0,False
100000007472293100,peripheral,0.35,28,0.740214,"Недостаточно ролевых признаков: входящих 1, исходящих 3, depth=3.",3,False,1,3,5000.0,345900.0,1,3,0.0002863329149575189,9,69.18,5000.0,1.0,False
100000007484343100,terminal,0.540747,4,0.507562,"Видимый вход от 2 узлов (26,757 KZT), выхода нет; depth=3<4.",3,False,2,0,26757.0,0.0,2,0,0.00028913342255287915,7,0.0,0.0,0.0,False
100000007487729100,terminal,0.53016,0,0.329626,"Видимый вход от 1 узлов (25,000 KZT), выхода нет; depth=3<4.",3,False,1,0,25000.0,0.0,1,0,0.0002941149149674846,7,0.0,0.0,0.0,False
100000007507343100,terminal,0.754626,41,0.772687,"Видимый вход от 1 узлов (370,000 KZT), выхода нет; depth=1<4.",1,False,1,0,370000.0,0.0,1,0,0.0006416178761806914,1,0.0,0.0,0.0,False
100000007510567100,peripheral,0.2,16,0.152469,"depth=4: обход обрывается; видимый вход от 1 узлов, исходящие неизвестны.",4,False,1,0,52000.0,0.0,1,0,0.000305034402903596,7,0.0,0.0,0.0,True
100000007510875100,terminal,0.412544,1,0.117883,"Видимый вход от 1 узлов (5,000 KZT), выхода нет; depth=3<4.",3,False,1,0,5000.0,0.0,1,0,0.0003562462601707578,1,0.0,0.0,0.0,False
100000007511163100,peripheral,0.35,5,0.726868,"Недостаточно ролевых признаков: входящих 2, исходящих 3, depth=1.",1,False,2,3,63666.0,82052.0,2,3,0.00033959732516021664,7,1.2887883642760658,0.0,0.0,False
100000007511780100,peripheral,0.2,4,0.318283,"depth=4: обход обрывается; видимый вход от 1 узлов, исходящие неизвестны.",4,False,1,0,155000.0,0.0,2,0,0.0005577703986813184,7,0.0,0.0,0.0,True
100000007534354100,peripheral,0.35,19,0.609431,"Недостаточно ролевых признаков: входящих 1, исходящих 3, depth=2.",2,False,1,3,50000.0,147810.0,1,3,0.00030354781418186395,1,2.9562,0.0,0.0,False
100000007536804100,peripheral,0.35,1,0.524021,"Недостаточно ролевых признаков: входящих 1, исходящих 2, depth=1.",1,False,1,2,100000.0,55000.0,1,2,0.0002913035180923698,1,0.55,55000.0,1.0,False
100000007539296100,peripheral,0.2,4,0.219195,"depth=4: обход обрывается; видимый вход от 1 узлов, исходящие неизвестны.",4,False,1,0,46000.0,0.0,2,0,0.0005573238796527781,7,0.0,0.0,0.0,True
100000007544358100,transit,0.853314,5,0.918594,"Вход 322,500, выход 350,000 KZT; выход/вход=1.09; после видимого входа в более поздние дни ушло до 172,500 KZT.",1,False,2,1,322500.0,350000.0,2,3,0.000340571674274265,7,1.0852713178294573,172500.0,0.5348837209302325,False
100000007591246100,peripheral,0.35,5,0.569395,"Недостаточно ролевых признаков: входящих 1, исходящих 1, depth=3.",3,False,1,1,12190.0,120000.0,1,1,0.0002978930938238482,7,9.844134536505333,0.0,0.0,False
100000007593823100,peripheral,0.35,4,0.695952,"Недостаточно ролевых признаков: входящих 3, исходящих 13, depth=3.",3,False,3,13,25000.0,162900.0,3,21,0.00029059209456347635,7,6.516,25000.0,1.0,False
100000007594394100,consolidator,0.941837,4,0.987989,"Получает от 6 плательщиков, видимый вход 395,385 KZT; depth=2.",2,False,6,1,395385.0,3376312.0,6,40,0.000405585478703186,9,8.539302199122375,395385.0,1.0,False
100000007597382100,terminal,0.479893,9,0.169929,"Видимый вход от 1 узлов (15,700 KZT), выхода нет; depth=3<4.",3,False,1,0,15700.0,0.0,1,0,0.0002860781182502533,7,0.0,0.0,0.0,False
100000007617808100,terminal,0.76468,25,0.819395,"Видимый вход от 1 узлов (450,000 KZT), выхода нет; depth=2<4.",2,False,1,0,450000.0,0.0,1,0,0.0003601043534538573,7,0.0,0.0,0.0,False
100000007618425100,terminal,0.574199,22,0.422153,"Видимый вход от 1 узлов (39,348 KZT), выхода нет; depth=3<4.",3,False,1,0,39348.0,0.0,1,0,0.00029507321432812743,7,0.0,0.0,0.0,False
100000007629096100,consolidator,0.972754,4,0.977758,"Получает от 4 плательщиков, видимый вход 1,075,170 KZT; depth=2.",2,False,4,1,1075170.0,765205.0,5,5,0.00247240594710724,7,0.7117060557865268,598820.0,0.7825615357975967,False
100000007629121100,terminal,0.546174,2,0.563612,"Видимый вход от 1 узлов (29,000 KZT), выхода нет; depth=2<4.",2,False,1,0,29000.0,0.0,1,0,0.00039603609156140733,10,0.0,0.0,0.0,False
100000007631637100,terminal,0.477224,24,0.088523,"Видимый вход от 1 узлов (15,341 KZT), выхода нет; depth=1<4.",1,False,1,0,15341.0,0.0,1,0,0.0002887891904207806,1,0.0,0.0,0.0,False
100000007639767100,distributor,0.962745,0,0.934609,"Отправляет 10 получателям, видимый выход 822,244 KZT; depth=1.",1,False,4,10,90913.0,822244.0,4,13,0.0003014400392272213,7,9.044295095310902,90913.0,1.0,False
100000007641183100,terminal,0.543594,5,0.311388,"Видимый вход от 1 узлов (28,000 KZT), выхода нет; depth=1<4.",1,False,1,0,28000.0,0.0,1,0,0.00028857979971603646,7,0.0,0.0,0.0,False
100000007641801100,terminal,0.716815,1,0.575845,"Видимый вход от 1 узлов (200,000 KZT), выхода нет; depth=1<4.",1,False,1,0,200000.0,0.0,1,0,0.00029703774196744934,1,0.0,0.0,0.0,False
100000007647294100,terminal,0.756406,22,0.842972,"Видимый вход от 1 узлов (385,000 KZT), выхода нет; depth=3<4.",3,False,1,0,385000.0,0.0,1,0,0.0005792181286000663,7,0.0,0.0,0.0,False
100000007648946100,peripheral,0.35,4,0.412589,"Недостаточно ролевых признаков: входящих 1, исходящих 1, depth=1.",1,False,1,1,19550.0,25000.0,1,1,0.0002892378990904637,7,1.278772378516624,19550.0,1.0,False
100000007653003100,terminal,0.663523,22,0.599422,"Видимый вход от 1 узлов (100,000 KZT), выхода нет; depth=3<4.",3,False,1,0,100000.0,0.0,1,0,0.000301309198919302,7,0.0,0.0,0.0,False
100000007653094100,peripheral,0.2,4,0.128781,"depth=4: обход обрывается; видимый вход от 1 узлов, исходящие неизвестны.",4,False,1,0,16000.0,0.0,1,0,0.0005754742432917488,7,0.0,0.0,0.0,True
100000007689942100,peripheral,0.35,0,0.612989,"Недостаточно ролевых признаков: входящих 1, исходящих 2, depth=3.",3,False,1,2,5000.0,25000.0,1,2,0.0008925911171850267,7,5.0,0.0,0.0,False
100000007731977100,peripheral,0.2,4,0.18016,"depth=4: обход обрывается; видимый вход от 1 узлов, исходящие неизвестны.",4,False,1,0,50000.0,0.0,1,0,0.00033677217551547297,7,0.0,0.0,0.0,True
100000007737775100,terminal,0.423399,39,0.251779,"Видимый вход от 1 узлов (6,000 KZT), выхода нет; depth=3<4.",3,False,1,0,6000.0,0.0,1,0,0.0003031296267653485,8,0.0,0.0,0.0,False
100000007745062100,peripheral,0.2,7,0.364991,"depth=4: обход обрывается; видимый вход от 1 узлов, исходящие неизвестны.",4,False,1,0,100000.0,0.0,1,0,0.00062527994252457,9,0.0,0.0,0.0,True
100000007747786100,distributor,0.993327,1,0.905694,"Отправляет 31 получателям, видимый выход 4,238,009 KZT; depth=0.",0,True,0,31,0.0,4238009.4,0,35,0.0002855692942172902,1,,0.0,0.0,False
100000007749092100,peripheral,0.35,5,0.665036,"Недостаточно ролевых признаков: входящих 1, исходящих 1, depth=2.",2,False,1,1,7650.0,70375.0,1,5,0.0018044164784854798,7,9.199346405228757,0.0,0.0,False
100000007749747100,peripheral,0.2,28,0.265236,"depth=4: обход обрывается; видимый вход от 1 узлов, исходящие неизвестны.",4,False,1,0,50000.0,0.0,1,0,0.0004436219671018509,8,0.0,0.0,0.0,True
100000007754369100,terminal,0.645018,0,0.538256,"Видимый вход от 1 узлов (82,424 KZT), выхода нет; depth=3<4.",3,False,1,0,82424.0,0.0,1,0,0.0002928788402569491,7,0.0,0.0,0.0,False
100000007777377100,peripheral,0.35,25,0.79137,"Недостаточно ролевых признаков: входящих 1, исходящих 2, depth=2.",2,False,1,2,456290.0,10000.0,7,2,0.0003611461879485195,7,0.021915886826360427,10000.0,1.0,False
100000007793871100,terminal,0.535676,19,0.562278,"Видимый вход от 1 узлов (26,000 KZT), выхода нет; depth=3<4.",3,False,1,0,26000.0,0.0,3,0,0.0006872267875117596,8,0.0,0.0,0.0,False
100000007797290100,peripheral,0.35,22,0.573843,"Недостаточно ролевых признаков: входящих 1, исходящих 1, depth=2.",2,False,1,1,100000.0,20000.0,1,1,0.00030112537616284985,7,0.2,20000.0,1.0,False
100000007811950100,peripheral,0.2,11,0.227536,"depth=4: обход обрывается; видимый вход от 1 узлов, исходящие неизвестны.",4,False,1,0,50000.0,0.0,1,0,0.000546228540071972,7,0.0,0.0,0.0,True
100000007841978100,peripheral,0.2,9,0.374666,"depth=4: обход обрывается; видимый вход от 1 узлов, исходящие неизвестны.",4,False,1,0,449000.0,0.0,1,0,0.0005063238893873184,7,0.0,0.0,0.0,True
100000007861311100,terminal,0.586566,1,0.427936,"Видимый вход от 1 узлов (45,000 KZT), выхода нет; depth=2<4.",2,False,1,0,45000.0,0.0,1,0,0.0003585524623513066,1,0.0,0.0,0.0,False
100000007863304100,terminal,0.53016,9,0.263345,"Видимый вход от 1 узлов (25,000 KZT), выхода нет; depth=3<4.",3,False,1,0,25000.0,0.0,1,0,0.00028637952356914227,7,0.0,0.0,0.0,False
100000007864477100,peripheral,0.35,4,0.768238,"Недостаточно ролевых признаков: входящих 2, исходящих 6, depth=3.",3,False,2,6,76000.0,203500.0,2,10,0.00030477469496319144,7,2.6776315789473686,70000.0,0.9210526315789473,False
100000007865484100,peripheral,0.2,45,0.365825,"depth=4: обход обрывается; видимый вход от 1 узлов, исходящие неизвестны.",4,False,1,0,584600.0,0.0,2,0,0.00036618616723092687,7,0.0,0.0,0.0,True
100000007867364100,peripheral,0.2,34,0.189502,"depth=4: обход обрывается; видимый вход от 1 узлов, исходящие неизвестны.",4,False,1,0,41852.0,0.0,1,0,0.0004487382371459393,7,0.0,0.0,0.0,True
100000007898453100,peripheral,0.35,2,0.833185,"Недостаточно ролевых признаков: входящих 1, исходящих 2, depth=2.",2,False,1,2,24750.0,320000.0,1,2,0.0003330161085564517,10,12.929292929292929,24750.0,1.0,False
100000007908818100,consolidator,0.963857,2,0.993327,"Получает от 4 плательщиков, видимый вход 727,475 KZT; depth=1.",1,False,4,6,727475.0,302000.0,4,13,0.00047538119204737516,11,0.4151345407058662,25000.0,0.08278145695364239,False
100000007930878100,terminal,0.412544,18,0.150356,"Видимый вход от 1 узлов (5,000 KZT), выхода нет; depth=2<4.",2,False,1,0,5000.0,0.0,1,0,0.00048363772579278794,1,0.0,0.0,0.0,False
100000007938486100,terminal,0.574466,24,0.316726,"Видимый вход от 1 узлов (39,500 KZT), выхода нет; depth=1<4.",1,False,1,0,39500.0,0.0,1,0,0.000293859881534797,1,0.0,0.0,0.0,False
100000007939160100,peripheral,0.35,18,0.787811,"Недостаточно ролевых признаков: входящих 1, исходящих 2, depth=1.",1,False,1,2,795000.0,14300.0,2,2,0.0006653456234025163,1,0.017987421383647798,0.0,0.0,False
100000007953156100,peripheral,0.35,16,0.576512,"Недостаточно ролевых признаков: входящих 1, исходящих 1, depth=2.",2,False,1,1,18000.0,10000.0,1,1,0.00047784166830759937,8,0.5555555555555556,10000.0,1.0,False
100000007960337100,peripheral,0.2,13,0.116437,"depth=4: обход обрывается; видимый вход от 1 узлов, исходящие неизвестны.",4,False,1,0,35500.0,0.0,1,0,0.00030276808937766117,7,0.0,0.0,0.0,True
100000007982728100,distributor,0.972642,32,0.888345,"Отправляет 8 получателям, видимый выход 1,804,384 KZT; depth=0.",0,True,0,8,0.0,1804384.0,0,12,0.0002855692942172902,1,,0.0,0.0,False
100000007982908100,terminal,0.556584,24,0.285587,"Видимый вход от 1 узлов (31,080 KZT), выхода нет; depth=2<4.",2,False,1,0,31080.0,0.0,1,0,0.0002961252218307339,1,0.0,0.0,0.0,False
100000007988344100,peripheral,0.2,0,0.112433,"depth=4: обход обрывается; видимый вход от 1 узлов, исходящие неизвестны.",4,False,1,0,20000.0,0.0,3,0,0.00038745764148945754,7,0.0,0.0,0.0,True
100000007997939100,peripheral,0.2,28,0.139457,"depth=4: обход обрывается; видимый вход от 1 узлов, исходящие неизвестны.",4,False,1,0,13000.0,0.0,1,0,0.0003579630834798816,9,0.0,0.0,0.0,True
100000007998965100,consolidator,0.913701,19,0.950178,"Получает от 5 плательщиков, видимый вход 278,000 KZT; depth=2.",2,False,5,1,278000.0,26000.0,7,3,0.0004719217907251249,8,0.09352517985611511,26000.0,1.0,False
100000007999728100,terminal,0.518683,16,0.299377,"Видимый вход от 1 узлов (23,250 KZT), выхода нет; depth=3<4.",3,False,1,0,23250.0,0.0,1,0,0.00029214094487369256,7,0.0,0.0,0.0,False
100000008002020100,peripheral,0.35,7,0.447954,"Недостаточно ролевых признаков: входящих 1, исходящих 1, depth=1.",1,False,1,1,73860.0,17000.0,1,1,0.00029782673449048764,1,0.23016517736257786,17000.0,1.0,False
100000008003034100,peripheral,0.35,5,0.602758,"Недостаточно ролевых признаков: входящих 1, исходящих 4, depth=1.",1,False,1,4,12201.0,135000.0,1,4,0.00028688112198836885,7,11.064666830587656,12201.0,1.0,False
100000008008463100,terminal,0.613345,32,0.398577,"Видимый вход от 1 узлов (54,180 KZT), выхода нет; depth=2<4.",2,False,1,0,54180.0,0.0,1,0,0.0002958380712741406,1,0.0,0.0,0.0,False
100000008011159100,consolidator,0.910142,9,0.947064,"Получает от 3 плательщиков, видимый вход 363,000 KZT; depth=2.",2,False,3,5,363000.0,153037.0,6,5,0.0004861091667224914,7,0.4215895316804408,153037.0,1.0,False
100000008011573100,terminal,0.473488,22,0.190169,"Видимый вход от 1 узлов (15,000 KZT), выхода нет; depth=3<4.",3,False,1,0,15000.0,0.0,1,0,0.0002891923195721382,7,0.0,0.0,0.0,False
100000008027922100,peripheral,0.2,23,0.242216,"depth=4: обход обрывается; видимый вход от 1 узлов, исходящие неизвестны.",4,False,1,0,70000.0,0.0,1,0,0.0005023680629098503,7,0.0,0.0,0.0,True
100000008028628100,terminal,0.617616,24,0.413701,"Видимый вход от 1 узлов (57,224 KZT), выхода нет; depth=1<4.",1,False,1,0,57224.0,0.0,1,0,0.0002975799415250626,1,0.0,0.0,0.0,False
100000008029279100,terminal,0.485053,0,0.206406,"Видимый вход от 1 узлов (17,000 KZT), выхода нет; depth=3<4.",3,False,1,0,17000.0,0.0,1,0,0.00028902809718424723,7,0.0,0.0,0.0,False
100000008038077100,terminal,0.770285,9,0.780249,"Видимый вход от 1 узлов (499,850 KZT), выхода нет; depth=3<4.",3,False,1,0,499850.0,0.0,2,0,0.0003017690198782206,7,0.0,0.0,0.0,False
100000008042075100,terminal,0.412544,7,0.046708,"Видимый вход от 1 узлов (5,000 KZT), выхода нет; depth=3<4.",3,False,1,0,5000.0,0.0,1,0,0.0002919566745724343,1,0.0,0.0,0.0,False
100000008043184100,terminal,0.60605,22,0.473754,"Видимый вход от 1 узлов (50,564 KZT), выхода нет; depth=3<4.",3,False,1,0,50564.0,0.0,1,0,0.00029352801963081546,7,0.0,0.0,0.0,False
100000008050986100,peripheral,0.2,9,0.209853,"depth=4: обход обрывается; видимый вход от 1 узлов, исходящие неизвестны.",4,False,1,0,95000.0,0.0,2,0,0.00031180831574760645,7,0.0,0.0,0.0,True
100000008055972100,terminal,0.544395,17,0.228648,"Видимый вход от 1 узлов (28,300 KZT), выхода нет; depth=3<4.",3,False,1,0,28300.0,0.0,1,0,0.000289986295368165,1,0.0,0.0,0.0,False
100000008060273100,terminal,0.445907,2,0.311833,"Видимый вход от 1 узлов (10,000 KZT), выхода нет; depth=2<4.",2,False,1,0,10000.0,0.0,2,0,0.0002989671315033312,11,0.0,0.0,0.0,False
100000008066326100,terminal,0.498043,4,0.237544,"Видимый вход от 1 узлов (19,320 KZT), выхода нет; depth=1<4.",1,False,1,0,19320.0,0.0,1,0,0.0002891947390331323,7,0.0,0.0,0.0,False
100000008070101100,terminal,0.663523,28,0.633007,"Видимый вход от 1 узлов (100,000 KZT), выхода нет; depth=3<4.",3,False,1,0,100000.0,0.0,1,0,0.00029258785293762273,8,0.0,0.0,0.0,False
100000008071620100,terminal,0.591103,4,0.451735,"Видимый вход от 1 узлов (46,968 KZT), выхода нет; depth=1<4.",1,False,1,0,46968.0,0.0,1,0,0.00029438295322921934,7,0.0,0.0,0.0,False
100000008071749100,peripheral,0.2,16,0.059386,"depth=4: обход обрывается; видимый вход от 1 узлов, исходящие неизвестны.",4,False,1,0,24943.0,0.0,1,0,0.00029490618279349263,7,0.0,0.0,0.0,True
100000008074304100,peripheral,0.2,9,0.040036,"depth=4: обход обрывается; видимый вход от 1 узлов, исходящие неизвестны.",4,False,1,0,5500.0,0.0,1,0,0.000332421192783094,7,0.0,0.0,0.0,True
100000008077552100,terminal,0.721263,0,0.729982,"Видимый вход от 1 узлов (214,000 KZT), выхода нет; depth=3<4.",3,False,1,0,214000.0,0.0,1,0,0.00032910951980133745,7,0.0,0.0,0.0,False
100000008086440100,peripheral,0.35,0,0.809609,"Недостаточно ролевых признаков: входящих 1, исходящих 5, depth=3.",3,False,1,5,199733.0,161300.0,1,6,0.00033767394570343703,7,0.8075781167859092,63900.0,0.39615623062616245,False
100000008088082100,peripheral,0.35,4,0.545819,"Недостаточно ролевых признаков: входящих 1, исходящих 1, depth=3.",3,False,1,1,39138.0,50000.0,1,1,0.0003000572852952129,7,1.2775307884920026,39138.0,1.0,False
100000008094734100,consolidator,0.894907,4,0.925712,"Получает от 4 плательщиков, видимый вход 236,249 KZT; depth=1.",1,False,4,0,236249.0,0.0,4,0,0.00034413600318898276,8,0.0,0.0,0.0,False
100000008097580100,terminal,0.559075,0,0.707295,"Видимый вход от 2 узлов (32,000 KZT), выхода нет; depth=3<4.",3,False,2,0,32000.0,0.0,4,0,0.0006747919200885498,7,0.0,0.0,0.0,False
100000008104567100,peripheral,0.35,16,0.752224,"Недостаточно ролевых признаков: входящих 3, исходящих 3, depth=2.",2,False,3,3,53550.0,40000.0,3,4,0.0005380423675699446,7,0.7469654528478058,35500.0,0.8875,False
100000008106997100,peripheral,0.35,4,0.567616,"Недостаточно ролевых признаков: входящих 2, исходящих 1, depth=2.",2,False,2,1,35600.0,20600.0,2,1,0.0003053704876347339,7,0.5786516853932584,0.0,0.0,False
100000008111003100,consolidator,0.898688,4,0.927491,"Получает от 6 плательщиков, видимый вход 222,716 KZT; depth=2.",2,False,6,1,222716.0,35000.0,9,1,0.0004696217007352448,7,0.15715081089818422,35000.0,1.0,False
100000008116374100,terminal,0.557295,5,0.344751,"Видимый вход от 1 узлов (31,284 KZT), выхода нет; depth=1<4.",1,False,1,0,31284.0,0.0,1,0,0.000288932889003818,7,0.0,0.0,0.0,False
100000008117324100,peripheral,0.35,61,0.004448,"Недостаточно ролевых признаков: входящих 0, исходящих 0, depth=0.",0,True,0,0,0.0,0.0,0,0,0.0002855692942172902,1,,0.0,0.0,False
100000008121806100,peripheral,0.35,13,0.744662,"Недостаточно ролевых признаков: входящих 1, исходящих 4, depth=3.",3,False,1,4,67000.0,248509.0,1,6,0.00030036879713769664,7,3.709089552238806,67000.0,1.0,False
100000008129393100,terminal,0.445907,60,0.130783,"Видимый вход от 1 узлов (10,000 KZT), выхода нет; depth=1<4.",1,False,1,0,10000.0,0.0,1,0,0.0003116981820260483,1,0.0,0.0,0.0,False
100000008130868100,peripheral,0.2,19,0.058052,"depth=4: обход обрывается; видимый вход от 1 узлов, исходящие неизвестны.",4,False,1,0,22782.0,0.0,1,0,0.0004516044976627316,1,0.0,0.0,0.0,True
100000008136608100,peripheral,0.2,16,0.328292,"depth=4: обход обрывается; видимый вход от 1 узлов, исходящие неизвестны.",4,False,1,0,170000.0,0.0,1,0,0.0005643778935793348,7,0.0,0.0,0.0,True
100000008137435100,peripheral,0.35,23,0.849644,"Недостаточно ролевых признаков: входящих 2, исходящих 6, depth=1.",1,False,2,6,93906.0,1419700.0,2,7,0.00031427797773225964,7,15.118309799160864,93906.0,1.0,False
100000008141170100,terminal,0.454893,5,0.350089,"Видимый вход от 1 узлов (11,000 KZT), выхода нет; depth=2<4.",2,False,1,0,11000.0,0.0,1,0,0.0006219001408928689,7,0.0,0.0,0.0,False
100000008144528100,consolidator,0.978425,5,0.971975,"Получает от 5 плательщиков, видимый вход 1,068,203 KZT; depth=2.",2,False,5,0,1068202.6,0.0,13,0,0.001055538276590799,7,0.0,0.0,0.0,False
100000008151098100,peripheral,0.2,12,0.110432,"depth=4: обход обрывается; видимый вход от 1 узлов, исходящие неизвестны.",4,False,1,0,30000.0,0.0,1,0,0.0003093477246134623,7,0.0,0.0,0.0,True
100000008165763100,consolidator,0.989769,4,0.99911,"Получает от 15 плательщиков, видимый вход 1,165,815 KZT; depth=1.",1,False,15,17,1165815.0,1267858.0,26,17,0.0009102399259160779,9,1.087529324978663,509750.0,0.4372477622950468,False
100000008168850100,peripheral,0.2,9,0.32162,"depth=4: обход обрывается; видимый вход от 1 узлов, исходящие неизвестны.",4,False,1,0,187910.0,0.0,2,0,0.000533079579985651,7,0.0,0.0,0.0,True
100000008169544100,peripheral,0.35,5,0.699733,"Недостаточно ролевых признаков: входящих 1, исходящих 4, depth=1.",1,False,1,4,137104.0,42800.0,2,7,0.00030031044942800835,7,0.31217178200490137,17300.0,0.40420560747663553,False
100000008172352100,peripheral,0.35,20,0.873665,"Недостаточно ролевых признаков: входящих 3, исходящих 7, depth=1.",1,False,3,7,90265.0,289510.0,3,8,0.00037526567278554305,8,3.207333961114496,78500.0,0.8696615520966045,False
100000008172721100,peripheral,0.2,0,0.29593,"depth=4: обход обрывается; видимый вход от 1 узлов, исходящие неизвестны.",4,False,1,0,168335.0,0.0,1,0,0.00039521609203523115,7,0.0,0.0,0.0,True
100000008173359100,terminal,0.424911,5,0.083185,"Видимый вход от 1 узлов (6,110 KZT), выхода нет; depth=1<4.",1,False,1,0,6110.0,0.0,1,0,0.00028622622952433806,7,0.0,0.0,0.0,False
100000008174521100,terminal,0.644662,5,0.641904,"Видимый вход от 1 узлов (82,110 KZT), выхода нет; depth=2<4.",2,False,1,0,82110.0,0.0,1,0,0.0004405287548340963,7,0.0,0.0,0.0,False
100000008175078100,peripheral,0.2,9,0.408697,"depth=4: обход обрывается; видимый вход от 1 узлов, исходящие неизвестны.",4,False,1,0,1846711.0,0.0,15,0,0.00046907194584128176,7,0.0,0.0,0.0,True
100000008183752100,peripheral,0.2,28,0.354315,"depth=4: обход обрывается; видимый вход от 1 узлов, исходящие неизвестны.",4,False,1,0,140000.0,0.0,1,0,0.0005301890395310123,8,0.0,0.0,0.0,True
100000008188026100,peripheral,0.35,5,0.773577,"Недостаточно ролевых признаков: входящих 2, исходящих 4, depth=1.",1,False,2,4,86468.0,337983.17,5,4,0.0002993035967853822,7,3.9087659018365173,86468.0,1.0,False
100000008190411100,peripheral,0.2,33,0.311277,"depth=4: обход обрывается; видимый вход от 1 узлов, исходящие неизвестны.",4,False,1,0,198450.0,0.0,12,0,0.0004241348636842555,7,0.0,0.0,0.0,True
100000008190442100,terminal,0.463167,17,0.064947,"Видимый вход от 1 узлов (13,000 KZT), выхода нет; depth=3<4.",3,False,1,0,13000.0,0.0,1,0,0.00028759830534666735,1,0.0,0.0,0.0,False
100000008192264100,peripheral,0.35,9,0.617438,"Недостаточно ролевых признаков: входящих 1, исходящих 1, depth=3.",3,False,1,1,162810.0,187910.0,1,2,0.00029084583184829166,7,1.1541674344327744,0.0,0.0,False
100000008193258100,peripheral,0.35,22,0.55516,"Недостаточно ролевых признаков: входящих 1, исходящих 1, depth=3.",3,False,1,1,75000.0,30000.0,2,1,0.0002973742227437991,7,0.4,30000.0,1.0,False
100000008193577100,peripheral,0.35,8,0.832295,"Недостаточно ролевых признаков: входящих 2, исходящих 5, depth=1.",1,False,2,5,154300.0,480180.0,6,16,0.0012389478209868744,1,3.1119896305897603,132300.0,0.8574206092028516,False
100000008200810100,terminal,0.767082,19,0.725534,"Видимый вход от 1 узлов (475,000 KZT), выхода нет; depth=3<4.",3,False,1,0,475000.0,0.0,1,0,0.0003081944220849885,2,0.0,0.0,0.0,False
100000008205000100,peripheral,0.35,62,0.004448,"Недостаточно ролевых признаков: входящих 0, исходящих 0, depth=0.",0,True,0,0,0.0,0.0,0,0,0.0002855692942172902,1,,0.0,0.0,False
100000008205937100,terminal,0.565658,10,0.565836,"Видимый вход от 1 узлов (35,000 KZT), выхода нет; depth=2<4.",2,False,1,0,35000.0,0.0,3,0,0.0003316470643421718,10,0.0,0.0,0.0,False
100000008213966100,consolidator,0.855205,14,0.951957,"Получает от 3 плательщиков, видимый вход 187,004 KZT; depth=2.",2,False,3,1,187004.0,436900.0,7,8,0.001933551952419576,7,2.336313661739856,168000.0,0.8983765053153944,False
100000008219168100,terminal,0.611566,1,0.341637,"Видимый вход от 1 узлов (53,200 KZT), выхода нет; depth=1<4.",1,False,1,0,53200.0,0.0,2,0,0.00028861990131883255,1,0.0,0.0,0.0,False
100000008221543100,terminal,0.774911,22,0.910142,"Видимый вход от 2 узлов (542,000 KZT), выхода нет; depth=1<4.",1,False,2,0,542000.0,0.0,2,0,0.00037148464522539644,7,0.0,0.0,0.0,False
100000008221765100,peripheral,0.2,9,0.31528,"depth=4: обход обрывается; видимый вход от 1 узлов, исходящие неизвестны.",4,False,1,0,156354.0,0.0,1,0,0.0005404417175185705,7,0.0,0.0,0.0,True
100000008223661100,peripheral,0.35,28,0.859875,"Недостаточно ролевых признаков: входящих 2, исходящих 5, depth=3.",3,False,2,5,202000.0,262580.0,2,5,0.0003146691750223816,8,1.29990099009901,24488.0,0.12122772277227722,False
100000008223756100,terminal,0.748577,13,0.891904,"Видимый вход от 2 узлов (331,682 KZT), выхода нет; depth=3<4.",3,False,2,0,331682.0,0.0,2,0,0.000356281121163305,7,0.0,0.0,0.0,False
100000008229700100,peripheral,0.35,7,0.274911,"Недостаточно ролевых признаков: входящих 1, исходящих 1, depth=1.",1,False,1,1,23500.0,7200.0,1,1,0.00028946923798144053,1,0.30638297872340425,7200.0,1.0,False
100000008232832100,peripheral,0.35,37,0.84653,"Недостаточно ролевых признаков: входящих 1, исходящих 1, depth=1.",1,False,1,1,337000.0,138000.0,2,1,0.0004942271899045263,10,0.4094955489614243,0.0,0.0,False
100000008237827100,terminal,0.578114,2,0.52758,"Видимый вход от 1 узлов (40,001 KZT), выхода нет; depth=1<4.",1,False,1,0,40001.0,0.0,1,0,0.0002935789518042098,10,0.0,0.0,0.0,False
100000008238112100,terminal,0.71121,9,0.637233,"Видимый вход от 1 узлов (190,000 KZT), выхода нет; depth=3<4.",3,False,1,0,190000.0,0.0,1,0,0.000291727037291366,7,0.0,0.0,0.0,False
100000008238989100,terminal,0.716815,23,0.717749,"Видимый вход от 1 узлов (200,000 KZT), выхода нет; depth=2<4.",2,False,1,0,200000.0,0.0,2,0,0.0003232476510835702,7,0.0,0.0,0.0,False
100000008244300100,terminal,0.627758,4,0.884786,"Видимый вход от 5 узлов (65,430 KZT), выхода нет; depth=1<4.",1,False,5,0,65430.0,0.0,6,0,0.00047936591472866487,8,0.0,0.0,0.0,False
100000008251939100,peripheral,0.2,16,0.127947,"depth=4: обход обрывается; видимый вход от 1 узлов, исходящие неизвестны.",4,False,1,0,44360.0,0.0,1,0,0.00030217452924276186,7,0.0,0.0,0.0,True
100000008254069100,peripheral,0.35,35,0.790925,"Недостаточно ролевых признаков: входящих 1, исходящих 5, depth=2.",2,False,1,5,10200.0,107500.0,2,6,0.00034248614123752176,8,10.53921568627451,10200.0,1.0,False
100000008254576100,peripheral,0.35,22,0.488434,"Недостаточно ролевых признаков: входящих 1, исходящих 1, depth=3.",3,False,1,1,8000.0,60000.0,1,1,0.00029167108817849073,7,7.5,0.0,0.0,False
100000008255655100,peripheral,0.2,22,0.068728,"depth=4: обход обрывается; видимый вход от 1 узлов, исходящие неизвестны.",4,False,1,0,5400.0,0.0,1,0,0.0005311928331095991,7,0.0,0.0,0.0,True
100000008258083100,peripheral,0.35,26,0.885676,"Недостаточно ролевых признаков: входящих 2, исходящих 2, depth=2.",2,False,2,2,3149500.0,2045650.0,13,6,0.0010500443938968583,7,0.6495157961581204,122500.0,0.05988316671962457,False
100000008258458100,peripheral,0.35,5,0.741993,"Недостаточно ролевых признаков: входящих 1, исходящих 2, depth=3.",3,False,1,2,19000.0,1557988.0,1,4,0.0002912603933484999,7,81.99936842105264,0.0,0.0,False
100000008259451100,terminal,0.614947,16,0.524466,"Видимый вход от 1 узлов (55,000 KZT), выхода нет; depth=3<4.",3,False,1,0,55000.0,0.0,1,0,0.0003011151344797474,7,0.0,0.0,0.0,False
100000008279405100,terminal,0.727402,0,0.745107,"Видимый вход от 1 узлов (234,738 KZT), выхода нет; depth=3<4.",3,False,1,0,234738.0,0.0,2,0,0.00033332885250302887,7,0.0,0.0,0.0,False
100000008283183100,terminal,0.546174,24,0.262456,"Видимый вход от 1 узлов (29,000 KZT), выхода нет; depth=2<4.",2,False,1,0,29000.0,0.0,1,0,0.0002954187762246862,1,0.0,0.0,0.0,False
100000008289539100,terminal,0.470463,5,0.193505,"Видимый вход от 1 узлов (14,912 KZT), выхода нет; depth=2<4.",2,False,1,0,14912.0,0.0,1,0,0.0002903134116978219,7,0.0,0.0,0.0,False
100000008293431100,peripheral,0.35,0,0.67927,"Недостаточно ролевых признаков: входящих 1, исходящих 5, depth=3.",3,False,1,5,15000.0,297000.0,1,7,0.0002868995280156364,7,19.8,0.0,0.0,False
100000008295429100,terminal,0.752135,9,0.729093,"Видимый вход от 1 узлов (352,000 KZT), выхода нет; depth=3<4.",3,False,1,0,352000.0,0.0,1,0,0.00029697732349136745,7,0.0,0.0,0.0,False
100000008297199100,terminal,0.581673,0,0.44395,"Видимый вход от 1 узлов (42,268 KZT), выхода нет; depth=3<4.",3,False,1,0,42268.0,0.0,1,0,0.0002965958116631627,7,0.0,0.0,0.0,False
100000008304115100,terminal,0.607117,7,0.376335,"Видимый вход от 1 узлов (51,000 KZT), выхода нет; depth=1<4.",1,False,1,0,51000.0,0.0,1,0,0.0002940330019607653,1,0.0,0.0,0.0,False
100000008304139100,distributor,0.983096,4,0.955961,"Отправляет 24 получателям, видимый выход 1,692,997 KZT; depth=1.",1,False,4,24,189329.75,1692997.0,4,43,0.0003136180059586529,7,8.942054801213228,189329.75,1.0,False
100000008306857100,terminal,0.68016,19,0.534253,"Видимый вход от 1 узлов (125,000 KZT), выхода нет; depth=3<4.",3,False,1,0,125000.0,0.0,1,0,0.00029152327523510556,2,0.0,0.0,0.0,False
100000008308418100,peripheral,0.2,4,0.20585,"depth=4: обход обрывается; видимый вход от 1 узлов, исходящие неизвестны.",4,False,1,0,50000.0,0.0,1,0,0.000431599331466298,7,0.0,0.0,0.0,True
100000008309514100,terminal,0.487367,17,0.103425,"Видимый вход от 1 узлов (17,200 KZT), выхода нет; depth=3<4.",3,False,1,0,17200.0,0.0,1,0,0.00028825383201923533,1,0.0,0.0,0.0,False
100000008314203100,peripheral,0.35,37,0.890569,"Недостаточно ролевых признаков: входящих 2, исходящих 2, depth=0.",0,True,2,2,382076.0,327000.0,10,13,0.000502990862402695,10,0.8558506684533967,174000.0,0.5321100917431193,False
100000008314863100,terminal,0.457829,2,0.431495,"Видимый вход от 1 узлов (12,000 KZT), выхода нет; depth=3<4.",3,False,1,0,12000.0,0.0,1,0,0.0005170968391841071,10,0.0,0.0,0.0,False
100000008321975100,peripheral,0.2,25,0.028025,"depth=4: обход обрывается; видимый вход от 1 узлов, исходящие неизвестны.",4,False,1,0,5900.0,0.0,1,0,0.00030322854188756835,7,0.0,0.0,0.0,True
100000008324800100,transit,0.946435,9,0.964413,"Вход 526,500, выход 511,000 KZT; выход/вход=0.97; после видимого входа в более поздние дни ушло до 325,000 KZT.",2,False,3,1,526500.0,511000.0,17,13,0.0018517826355651432,7,0.9705603038936372,325000.0,0.6360078277886497,False
100000008327791100,peripheral,0.2,22,0.102091,"depth=4: обход обрывается; видимый вход от 1 узлов, исходящие неизвестны.",4,False,1,0,11000.0,0.0,1,0,0.0005367685704661624,7,0.0,0.0,0.0,True
100000008331280100,peripheral,0.2,12,0.14613,"depth=4: обход обрывается; видимый вход от 1 узлов, исходящие неизвестны.",4,False,1,0,41000.0,0.0,2,0,0.0003180664824253921,7,0.0,0.0,0.0,True
100000008332511100,terminal,0.663523,32,0.807384,"Видимый вход от 1 узлов (100,000 KZT), выхода нет; depth=3<4.",3,False,1,0,100000.0,0.0,1,0,0.0011127776746800695,9,0.0,0.0,0.0,False
100000008333492100,peripheral,0.2,28,0.391682,"depth=4: обход обрывается; видимый вход от 1 узлов, исходящие неизвестны.",4,False,1,0,216400.0,0.0,1,0,0.0004380108561569439,9,0.0,0.0,0.0,True
100000008335401100,terminal,0.693594,16,0.825623,"Видимый вход от 1 узлов (150,000 KZT), выхода нет; depth=2<4.",2,False,1,0,150000.0,0.0,3,0,0.0005512278448300608,9,0.0,0.0,0.0,False
100000008336318100,peripheral,0.2,28,0.327625,"depth=4: обход обрывается; видимый вход от 1 узлов, исходящие неизвестны.",4,False,1,0,170000.0,0.0,1,0,0.0003267194674177576,8,0.0,0.0,0.0,True
100000008337304100,peripheral,0.2,0,0.250222,"depth=4: обход обрывается; видимый вход от 1 узлов, исходящие неизвестны.",4,False,1,0,105465.0,0.0,2,0,0.0003542650469239118,7,0.0,0.0,0.0,True
100000008343415100,peripheral,0.2,25,0.26557,"depth=4: обход обрывается; видимый вход от 1 узлов, исходящие неизвестны.",4,False,1,0,100000.0,0.0,3,0,0.00043399201964799375,7,0.0,0.0,0.0,True
100000008343874100,peripheral,0.35,25,0.776246,"Недостаточно ролевых признаков: входящих 2, исходящих 2, depth=3.",3,False,2,2,283535.0,176400.0,2,5,0.0003076522795593044,7,0.6221454141464017,176400.0,1.0,False
100000008346837100,distributor,0.977091,4,0.979537,"Отправляет 25 получателям, видимый выход 1,258,643 KZT; depth=2.",2,False,9,25,254359.0,1258643.0,12,26,0.0005474079827287922,7,4.948293553599441,254359.0,1.0,False
100000008349675100,peripheral,0.35,1,0.368772,"Недостаточно ролевых признаков: входящих 1, исходящих 1, depth=1.",1,False,1,1,46520.0,36650.0,1,2,0.0002882368551639772,1,0.7878331900257953,18150.0,0.495225102319236,False
100000008349740100,peripheral,0.2,9,0.140792,"depth=4: обход обрывается; видимый вход от 1 узлов, исходящие неизвестны.",4,False,1,0,70000.0,0.0,2,0,0.0002925250039161437,7,0.0,0.0,0.0,True
100000008352542100,terminal,0.605694,2,0.635231,"Видимый вход от 1 узлов (50,220 KZT), выхода нет; depth=2<4.",2,False,1,0,50220.0,0.0,1,0,0.0003314754198712513,10,0.0,0.0,0.0,False
100000008356606100,terminal,0.703025,5,0.882562,"Видимый вход от 2 узлов (168,500 KZT), выхода нет; depth=2<4.",2,False,2,0,168500.0,0.0,2,0,0.0006267853006401138,7,0.0,0.0,0.0,False
100000008376089100,terminal,0.684786,26,0.635676,"Видимый вход от 1 узлов (135,000 KZT), выхода нет; depth=2<4.",2,False,1,0,135000.0,0.0,1,0,0.00030243533477807125,7,0.0,0.0,0.0,False
100000008376785100,peripheral,0.2,9,0.337634,"depth=4: обход обрывается; видимый вход от 1 узлов, исходящие неизвестны.",4,False,1,0,234250.0,0.0,2,0,0.0005318070054641091,7,0.0,0.0,0.0,True
100000008379273100,peripheral,0.35,16,0.626335,"Недостаточно ролевых признаков: входящих 2, исходящих 4, depth=3.",3,False,2,4,36000.0,38000.0,2,4,0.00029901719044964846,7,1.0555555555555556,28000.0,0.7777777777777778,False
100000008383405100,terminal,0.53016,7,0.265569,"Видимый вход от 1 узлов (25,000 KZT), выхода нет; depth=1<4.",1,False,1,0,25000.0,0.0,2,0,0.0003060252661737647,1,0.0,0.0,0.0,False
100000008388049100,terminal,0.770107,19,0.731762,"Видимый вход от 1 узлов (496,400 KZT), выхода нет; depth=3<4.",3,False,1,0,496400.0,0.0,1,0,0.0003092137436352385,2,0.0,0.0,0.0,False
100000008389800100,consolidator,0.856094,5,0.949288,"Получает от 3 плательщиков, видимый вход 189,000 KZT; depth=2.",2,False,3,7,189000.0,401620.0,3,8,0.0005050963840560323,7,2.124973544973545,167400.0,0.8857142857142857,False
100000008405209100,terminal,0.613701,22,0.495552,"Видимый вход от 1 узлов (54,400 KZT), выхода нет; depth=3<4.",3,False,1,0,54400.0,0.0,1,0,0.0002941318023751846,7,0.0,0.0,0.0,False
100000008406609100,terminal,0.562633,35,0.56806,"Видимый вход от 1 узлов (34,000 KZT), выхода нет; depth=2<4.",2,False,1,0,34000.0,0.0,1,0,0.00043050382065094726,8,0.0,0.0,0.0,False
100000008413748100,distributor,0.977313,22,0.967527,"Отправляет 18 получателям, видимый выход 1,377,320 KZT; depth=2.",2,False,2,18,26480.0,1377320.22,2,21,0.00039089149206356826,7,52.01360347432024,26480.0,1.0,False
100000008416433100,terminal,0.504004,16,0.261121,"Видимый вход от 1 узлов (20,000 KZT), выхода нет; depth=3<4.",3,False,1,0,20000.0,0.0,1,0,0.0002912223270400019,7,0.0,0.0,0.0,False
100000008417029100,terminal,0.663523,28,0.69484,"Видимый вход от 1 узлов (100,000 KZT), выхода нет; depth=3<4.",3,False,1,0,100000.0,0.0,1,0,0.00030663007931043616,9,0.0,0.0,0.0,False
100000008417359100,peripheral,0.35,22,0.608986,"Недостаточно ролевых признаков: входящих 1, исходящих 2, depth=3.",3,False,1,2,40810.0,110760.0,2,3,0.0002919927493261812,7,2.714040676304827,30810.0,0.7549620191129625,False
100000008418835100,peripheral,0.35,2,0.839413,"Недостаточно ролевых признаков: входящих 1, исходящих 4, depth=0.",0,True,1,4,1372000.0,186179.0,67,6,0.0005285862410602071,2,0.13569897959183674,186179.0,1.0,False
100000008418934100,terminal,0.753203,28,0.689502,"Видимый вход от 1 узлов (360,000 KZT), выхода нет; depth=2<4.",2,False,1,0,360000.0,0.0,1,0,0.00031944516765308024,1,0.0,0.0,0.0,False
100000008422226100,terminal,0.649288,4,0.532918,"Видимый вход от 1 узлов (87,450 KZT), выхода нет; depth=3<4.",3,False,1,0,87450.0,0.0,1,0,0.0002904944753360771,7,0.0,0.0,0.0,False
100000008427027100,terminal,0.743772,2,0.876335,"Видимый вход от 1 узлов (300,000 KZT), выхода нет; depth=3<4.",3,False,1,0,300000.0,0.0,1,0,0.0005512640793595224,10,0.0,0.0,0.0,False
100000008430691100,peripheral,0.35,5,0.766459,"Недостаточно ролевых признаков: входящих 1, исходящих 2, depth=3.",3,False,1,2,20000.0,604900.0,1,2,0.0003069779355111288,7,30.245,20000.0,1.0,False
100000008432942100,terminal,0.585053,4,0.3879,"Видимый вход от 1 узлов (44,542 KZT), выхода нет; depth=3<4.",3,False,1,0,44542.0,0.0,2,0,0.00028807789818976597,7,0.0,0.0,0.0,False
100000008436257100,terminal,0.565658,22,0.579181,"Видимый вход от 2 узлов (35,000 KZT), выхода нет; depth=3<4.",3,False,2,0,35000.0,0.0,2,0,0.0002945798149854974,7,0.0,0.0,0.0,False
100000008438656100,peripheral,0.35,2,0.676601,"Недостаточно ролевых признаков: входящих 2, исходящих 1, depth=1.",1,False,2,1,80000.0,5000.0,2,1,0.00029739252742606035,10,0.0625,5000.0,1.0,False
100000008443341100,peripheral,0.35,7,0.746886,"Недостаточно ролевых признаков: входящих 2, исходящих 3, depth=1.",1,False,2,3,34500.0,50000.0,2,4,0.0006689699930486642,7,1.4492753623188406,17000.0,0.4927536231884058,False
100000008454065100,terminal,0.525534,16,0.312278,"Видимый вход от 1 узлов (24,050 KZT), выхода нет; depth=3<4.",3,False,1,0,24050.0,0.0,1,0,0.000292367066186601,7,0.0,0.0,0.0,False
100000008459449100,terminal,0.612456,0,0.516459,"Видимый вход от 1 узлов (53,700 KZT), выхода нет; depth=3<4.",3,False,1,0,53700.0,0.0,1,0,0.000299578094890219,7,0.0,0.0,0.0,False
100000008460102100,distributor,0.962411,19,0.907473,"Отправляет 31 получателям, видимый выход 476,570 KZT; depth=3.",3,False,1,31,17500.0,476570.0,1,34,0.00029968918055683826,1,27.23257142857143,17500.0,1.0,False
100000008461217100,peripheral,0.2,2,0.211521,"depth=4: обход обрывается; видимый вход от 1 узлов, исходящие неизвестны.",4,False,1,0,18000.0,0.0,1,0,0.000545589789549071,10,0.0,0.0,0.0,True
100000008461532100,distributor,0.977091,12,0.982206,"Отправляет 8 получателям, видимый выход 2,530,090 KZT; depth=2.",2,False,2,8,565300.0,2530090.0,2,9,0.0007452506208527052,7,4.475658942154608,5300.0,0.00937555280382098,False
100000008463968100,terminal,0.445907,17,0.048043,"Видимый вход от 1 узлов (10,000 KZT), выхода нет; depth=3<4.",3,False,1,0,10000.0,0.0,1,0,0.00028713007200911874,1,0.0,0.0,0.0,False
100000008465789100,distributor,0.981428,28,0.949733,"Отправляет 16 получателям, видимый выход 1,858,100 KZT; depth=3.",3,False,1,16,30099.0,1858100.0,1,17,0.0002898880397943194,8,61.732947938469714,30099.0,1.0,False
100000008466579100,distributor,0.982762,28,0.984653,"Отправляет 17 получателям, видимый выход 1,933,000 KZT; depth=2.",2,False,2,17,36952.0,1933000.0,2,20,0.0003534138885849347,8,52.31110630006495,30000.0,0.8118640398354622,False
100000008468762100,terminal,0.703648,28,0.875445,"Видимый вход от 2 узлов (170,000 KZT), выхода нет; depth=3<4.",3,False,2,0,170000.0,0.0,2,0,0.00031040507384099927,8,0.0,0.0,0.0,False
100000008469048100,peripheral,0.2,0,0.359653,"depth=4: обход обрывается; видимый вход от 1 узлов, исходящие неизвестны.",4,False,1,0,265200.0,0.0,7,0,0.0005788057669614698,7,0.0,0.0,0.0,True
100000008470470100,terminal,0.56121,24,0.27758,"Видимый вход от 1 узлов (33,547 KZT), выхода нет; depth=1<4.",1,False,1,0,33547.0,0.0,1,0,0.00029261041656514843,1,0.0,0.0,0.0,False
100000008471634100,peripheral,0.2,11,0.165814,"depth=4: обход обрывается; видимый вход от 1 узлов, исходящие неизвестны.",4,False,1,0,20000.0,0.0,1,0,0.0011246149928916304,7,0.0,0.0,0.0,True
100000008472324100,terminal,0.719751,9,0.656139,"Видимый вход от 1 узлов (205,200 KZT), выхода нет; depth=3<4.",3,False,1,0,205200.0,0.0,1,0,0.000292219656737292,7,0.0,0.0,0.0,False
100000008473207100,terminal,0.71895,2,0.864769,"Видимый вход от 1 узлов (202,000 KZT), выхода нет; depth=2<4.",2,False,1,0,202000.0,0.0,4,0,0.000556205607395318,11,0.0,0.0,0.0,False
100000008473765100,terminal,0.551068,0,0.355427,"Видимый вход от 1 узлов (30,000 KZT), выхода нет; depth=3<4.",3,False,1,0,30000.0,0.0,1,0,0.00029167306415897907,7,0.0,0.0,0.0,False
100000008474308100,peripheral,0.35,7,0.495996,"Недостаточно ролевых признаков: входящих 1, исходящих 1, depth=2.",2,False,1,1,14000.0,10000.0,2,1,0.00044502203600991423,7,0.7142857142857143,0.0,0.0,False
100000008474391100,terminal,0.504004,23,0.391459,"Видимый вход от 1 узлов (20,000 KZT), выхода нет; depth=3<4.",3,False,1,0,20000.0,0.0,1,0,0.00040715072122175946,7,0.0,0.0,0.0,False
100000008477350100,distributor,0.993327,0,0.991548,"Отправляет 39 получателям, видимый выход 3,374,866 KZT; depth=2.",2,False,11,39,610100.0,3374866.0,14,44,0.0010342350786611216,7,5.531660383543682,348100.0,0.5705622029175546,False
100000008478414100,terminal,0.445907,24,0.054938,"Видимый вход от 1 узлов (10,000 KZT), выхода нет; depth=2<4.",2,False,1,0,10000.0,0.0,1,0,0.00028896566732328877,1,0.0,0.0,0.0,False
100000008486520100,peripheral,0.35,5,0.427491,"Недостаточно ролевых признаков: входящих 1, исходящих 1, depth=1.",1,False,1,1,35720.0,14000.0,2,1,0.00028940983908926223,7,0.3919372900335946,0.0,0.0,False
100000008488166100,terminal,0.421352,17,0.030694,"Видимый вход от 1 узлов (5,600 KZT), выхода нет; depth=3<4.",3,False,1,0,5600.0,0.0,1,0,0.0002864433297807142,1,0.0,0.0,0.0,False
100000008489604100,terminal,0.454893,17,0.052046,"Видимый вход от 1 узлов (11,000 KZT), выхода нет; depth=3<4.",3,False,1,0,11000.0,0.0,1,0,0.0002872861497883016,1,0.0,0.0,0.0,False
100000008489922100,distributor,0.993327,28,0.997776,"Отправляет 36 получателям, видимый выход 3,789,900 KZT; depth=3.",3,False,3,36,262010.0,3789900.0,5,41,0.0005858952858663079,8,14.464715087210411,262010.0,1.0,False
100000008490127100,peripheral,0.35,9,0.823843,"Недостаточно ролевых признаков: входящих 1, исходящих 6, depth=3.",3,False,1,6,431755.0,923000.0,2,9,0.00029956211716964596,7,2.137786476126507,0.0,0.0,False
100000008491390100,terminal,0.568594,4,0.353203,"Видимый вход от 1 узлов (36,000 KZT), выхода нет; depth=3<4.",3,False,1,0,36000.0,0.0,1,0,0.00028759681303119905,7,0.0,0.0,0.0,False
100000008493007100,peripheral,0.35,17,0.343416,"Недостаточно ролевых признаков: входящих 1, исходящих 1, depth=3.",3,False,1,1,26150.0,26150.0,1,1,0.00028965072814292185,1,1.0,26150.0,1.0,False
100000008497298100,terminal,0.778915,28,0.747331,"Видимый вход от 1 узлов (600,000 KZT), выхода нет; depth=2<4.",2,False,1,0,600000.0,0.0,1,0,0.00034202908327694034,1,0.0,0.0,0.0,False
100000008501413100,peripheral,0.35,39,0.469306,"Недостаточно ролевых признаков: входящих 1, исходящих 1, depth=3.",3,False,1,1,5000.0,5100.0,1,1,0.00036664528360685694,8,1.02,5000.0,1.0,False
100000008502995100,terminal,0.53016,25,0.493772,"Видимый вход от 1 узлов (25,000 KZT), выхода нет; depth=3<4.",3,False,1,0,25000.0,0.0,2,0,0.0007270949451502066,7,0.0,0.0,0.0,False
100000008503177100,terminal,0.561922,0,0.386566,"Видимый вход от 1 узлов (33,951 KZT), выхода нет; depth=3<4.",3,False,1,0,33951.0,0.0,1,0,0.0002924769306602995,7,0.0,0.0,0.0,False
100000008507703100,terminal,0.544929,17,0.231762,"Видимый вход от 1 узлов (28,500 KZT), выхода нет; depth=3<4.",3,False,1,0,28500.0,0.0,1,0,0.00029001751092400156,1,0.0,0.0,0.0,False
100000008512552100,consolidator,0.932051,22,0.961744,"Получает от 4 плательщиков, видимый вход 394,360 KZT; depth=2.",2,False,4,6,394360.0,1302275.0,9,11,0.0004258788196805501,7,3.3022492139162187,346860.0,0.8795516786692362,False
100000008512827100,distributor,0.97698,28,0.983096,"Отправляет 10 получателям, видимый выход 1,944,500 KZT; depth=2.",2,False,3,10,107949.0,1944500.0,3,10,0.0003352561979240567,9,18.01313583266172,107949.0,1.0,False
100000008513251100,peripheral,0.35,63,0.004448,"Недостаточно ролевых признаков: входящих 0, исходящих 0, depth=0.",0,True,0,0,0.0,0.0,0,0,0.0002855692942172902,1,,0.0,0.0,False
100000008514970100,peripheral,0.35,25,0.604093,"Недостаточно ролевых признаков: входящих 1, исходящих 1, depth=3.",3,False,1,1,379966.0,31000.0,1,1,0.00031263148853056264,1,0.0815862471905381,0.0,0.0,False
100000008516839100,peripheral,0.35,35,0.857206,"Недостаточно ролевых признаков: входящих 3, исходящих 0, depth=0.",0,True,3,0,155000.0,0.0,4,0,0.0010695838614429936,11,0.0,0.0,0.0,False
100000008517061100,peripheral,0.2,16,0.405027,"depth=4: обход обрывается; видимый вход от 1 узлов, исходящие неизвестны.",4,False,1,0,1844000.0,0.0,4,0,0.0004130567179862461,7,0.0,0.0,0.0,True
100000008517538100,distributor,0.977758,28,0.97242,"Отправляет 17 получателям, видимый выход 1,439,000 KZT; depth=3.",3,False,3,17,155500.0,1439000.0,6,18,0.0003070164607928234,8,9.254019292604502,155500.0,1.0,False
100000008522127100,peripheral,0.35,28,0.207295,"Недостаточно ролевых признаков: входящих 0, исходящих 1, depth=0.",0,True,0,1,0.0,145000.0,0,3,0.0002855692942172902,1,,0.0,0.0,False
100000008524903100,peripheral,0.2,4,0.068394,"depth=4: обход обрывается; видимый вход от 1 узлов, исходящие неизвестны.",4,False,1,0,15000.0,0.0,1,0,0.00033177325018699015,7,0.0,0.0,0.0,True
100000008525136100,peripheral,0.2,4,0.020685,"depth=4: обход обрывается; видимый вход от 1 узлов, исходящие неизвестны.",4,False,1,0,14100.0,0.0,1,0,0.00028852165504843517,7,0.0,0.0,0.0,True
100000008531133100,peripheral,0.35,5,0.786922,"Недостаточно ролевых признаков: входящих 1, исходящих 3, depth=2.",2,False,1,3,25000.0,158271.68,1,3,0.0005327484529006024,7,6.3308672,0.0,0.0,False
100000008531186100,terminal,0.68016,4,0.767794,"Видимый вход от 1 узлов (125,000 KZT), выхода нет; depth=2<4.",2,False,1,0,125000.0,0.0,1,0,0.0003619550454860541,9,0.0,0.0,0.0,False
100000008532050100,terminal,0.765658,9,0.767349,"Видимый вход от 1 узлов (455,156 KZT), выхода нет; depth=3<4.",3,False,1,0,455156.0,0.0,1,0,0.00030032052425215354,7,0.0,0.0,0.0,False
100000008536546100,terminal,0.732473,28,0.899911,"Видимый вход от 2 узлов (250,000 KZT), выхода нет; depth=3<4.",3,False,2,0,250000.0,0.0,2,0,0.00031725287200167396,8,0.0,0.0,0.0,False
100000008537380100,terminal,0.432562,17,0.035587,"Видимый вход от 1 узлов (8,000 KZT), выхода нет; depth=3<4.",3,False,1,0,8000.0,0.0,1,0,0.00028681791645075304,1,0.0,0.0,0.0,False
100000008545727100,peripheral,0.35,16,0.897242,"Недостаточно ролевых признаков: входящих 1, исходящих 6, depth=2.",2,False,1,6,30000.0,1866500.0,1,7,0.0003387010043398443,9,62.21666666666667,30000.0,1.0,False
100000008546855100,peripheral,0.35,0,0.782918,"Недостаточно ролевых признаков: входящих 6, исходящих 2, depth=2.",2,False,6,2,71790.0,10000.0,8,2,0.0014269758891576874,7,0.1392951664577239,10000.0,1.0,False
100000008547295100,terminal,0.473488,32,0.268683,"Видимый вход от 1 узлов (15,000 KZT), выхода нет; depth=3<4.",3,False,1,0,15000.0,0.0,1,0,0.0005629711569533353,1,0.0,0.0,0.0,False
100000008547844100,distributor,0.984431,28,0.984653,"Отправляет 19 получателям, видимый выход 2,042,199 KZT; depth=2.",2,False,3,19,177600.0,2042199.0,3,21,0.0003443380521779426,8,11.498868243243244,177600.0,1.0,False
100000008547948100,distributor,0.993661,28,0.995996,"Отправляет 26 получателям, видимый выход 5,185,600 KZT; depth=2.",2,False,6,26,212665.0,5185600.0,7,31,0.00042770372491676006,8,24.383890155878966,212665.0,1.0,False
100000008548853100,terminal,0.467171,17,0.067838,"Видимый вход от 1 узлов (14,000 KZT), выхода нет; depth=3<4.",3,False,1,0,14000.0,0.0,1,0,0.0002877543831258502,1,0.0,0.0,0.0,False
100000008551752100,peripheral,0.2,45,0.336299,"depth=4: обход обрывается; видимый вход от 1 узлов, исходящие неизвестны.",4,False,1,0,406000.0,0.0,2,0,0.0003415570643909756,7,0.0,0.0,0.0,True
100000008554390100,peripheral,0.2,19,0.013678,"depth=4: обход обрывается; видимый вход от 1 узлов, исходящие неизвестны.",4,False,1,0,14000.0,0.0,1,0,0.0002930613888477122,1,0.0,0.0,0.0,True
100000008555233100,terminal,0.763523,28,0.868327,"Видимый вход от 1 узлов (440,600 KZT), выхода нет; depth=3<4.",3,False,1,0,440600.0,0.0,1,0,0.00036340872056222037,9,0.0,0.0,0.0,False
100000008555918100,peripheral,0.35,2,0.781584,"Недостаточно ролевых признаков: входящих 1, исходящих 2, depth=1.",1,False,1,2,139211.0,43300.0,1,2,0.0003134444083977524,10,0.3110386391879952,0.0,0.0,False
100000008556318100,terminal,0.707117,2,0.914146,"Видимый вход от 2 узлов (180,132 KZT), выхода нет; depth=1<4.",1,False,2,0,180132.0,0.0,2,0,0.0005605041030696594,10,0.0,0.0,0.0,False
100000008557672100,terminal,0.597153,24,0.38968,"Видимый вход от 1 узлов (49,125 KZT), выхода нет; depth=2<4.",2,False,1,0,49125.0,0.0,1,0,0.0003022539771005084,1,0.0,0.0,0.0,False
100000008560263100,peripheral,0.2,9,0.218695,"depth=4: обход обрывается; видимый вход от 1 узлов, исходящие неизвестны.",4,False,1,0,100000.0,0.0,1,0,0.000313189316880781,7,0.0,0.0,0.0,True
100000008560717100,consolidator,0.963301,0,0.938167,"Получает от 7 плательщиков, видимый вход 529,000 KZT; depth=1.",1,False,7,1,529000.0,25000.0,9,1,0.000330834156555212,7,0.04725897920604915,25000.0,1.0,False
100000008561016100,peripheral,0.35,28,0.724199,"Недостаточно ролевых признаков: входящих 1, исходящих 1, depth=3.",3,False,1,1,180000.0,185000.0,2,4,0.00029484284060031247,9,1.0277777777777777,80000.0,0.4444444444444444,False
100000008566737100,terminal,0.725623,0,0.909253,"Видимый вход от 2 узлов (230,000 KZT), выхода нет; depth=1<4.",1,False,2,0,230000.0,0.0,2,0,0.00034946381190953304,10,0.0,0.0,0.0,False
100000008568512100,terminal,0.715125,9,0.647687,"Видимый вход от 1 узлов (199,640 KZT), выхода нет; depth=3<4.",3,False,1,0,199640.0,0.0,1,0,0.0002920394617294402,7,0.0,0.0,0.0,False
100000008571243100,terminal,0.68452,16,0.723754,"Видимый вход от 1 узлов (134,000 KZT), выхода нет; depth=3<4.",3,False,1,0,134000.0,0.0,1,0,0.00030626343281042674,9,0.0,0.0,0.0,False
100000008571433100,peripheral,0.35,41,0.836744,"Недостаточно ролевых признаков: входящих 2, исходящих 2, depth=0.",0,True,2,2,350000.0,1434000.0,2,3,0.0016264807087207852,1,4.097142857142857,350000.0,1.0,False
100000008571443100,terminal,0.626779,4,0.732206,"Видимый вход от 2 узлов (65,000 KZT), выхода нет; depth=2<4.",2,False,2,0,65000.0,0.0,2,0,0.00031474857317144846,7,0.0,0.0,0.0,False
100000008575624100,peripheral,0.35,49,0.415703,"Недостаточно ролевых признаков: входящих 0, исходящих 3, depth=0.",0,True,0,3,0.0,89500.0,0,5,0.0002855692942172902,1,,0.0,0.0,False
100000008576243100,terminal,0.645374,4,0.879893,"Видимый вход от 2 узлов (82,920 KZT), выхода нет; depth=3<4.",3,False,2,0,82920.0,0.0,4,0,0.0016515737888683456,8,0.0,0.0,0.0,False
100000008576528100,terminal,0.543594,9,0.292705,"Видимый вход от 1 узлов (28,000 KZT), выхода нет; depth=3<4.",3,False,1,0,28000.0,0.0,1,0,0.00028647675109136453,7,0.0,0.0,0.0,False
100000008579978100,peripheral,0.35,9,0.496441,"Недостаточно ролевых признаков: входящих 1, исходящих 1, depth=3.",3,False,1,1,34000.0,77000.0,1,6,0.00028667120613580906,7,2.264705882352941,17000.0,0.5,False
100000008582730100,peripheral,0.35,0,0.461744,"Недостаточно ролевых признаков: входящих 1, исходящих 1, depth=3.",3,False,1,1,5000.0,5000.0,1,1,0.0008925911171850267,7,1.0,0.0,0.0,False
100000008583360100,peripheral,0.35,16,0.687278,"Недостаточно ролевых признаков: входящих 1, исходящих 1, depth=3.",3,False,1,1,112843.0,170000.0,1,1,0.0003276125928311366,7,1.5065179054083992,112843.0,1.0,False
100000008583971100,peripheral,0.2,0,0.324956,"depth=4: обход обрывается; видимый вход от 2 узлов, исходящие неизвестны.",4,False,2,0,51000.0,0.0,2,0,0.00032971602313587844,7,0.0,0.0,0.0,True
100000008586731100,terminal,0.457829,7,0.057384,"Видимый вход от 1 узлов (12,000 KZT), выхода нет; depth=1<4.",1,False,1,0,12000.0,0.0,1,0,0.00028756075486281377,1,0.0,0.0,0.0,False
100000008587459100,peripheral,0.35,4,0.789146,"Недостаточно ролевых признаков: входящих 2, исходящих 2, depth=2.",2,False,2,2,181507.0,686500.0,2,4,0.00030075681163842564,7,3.782223275135394,0.0,0.0,False
100000008588665100,peripheral,0.2,0,0.123443,"depth=4: обход обрывается; видимый вход от 1 узлов, исходящие неизвестны.",4,False,1,0,25000.0,0.0,1,0,0.00035249090665568923,7,0.0,0.0,0.0,True
100000008595687100,peripheral,0.35,5,0.543149,"Недостаточно ролевых признаков: входящих 1, исходящих 1, depth=3.",3,False,1,1,64395.0,10400.0,1,1,0.00030485762729909273,7,0.161503222299868,10400.0,1.0,False
100000008596924100,terminal,0.663523,32,0.578069,"Видимый вход от 1 узлов (100,000 KZT), выхода нет; depth=3<4.",3,False,1,0,100000.0,0.0,1,0,0.0004160204242994214,1,0.0,0.0,0.0,False
100000008598972100,terminal,0.678648,25,0.51468,"Видимый вход от 1 узлов (120,000 KZT), выхода нет; depth=3<4.",3,False,1,0,120000.0,0.0,1,0,0.0002941160150228167,1,0.0,0.0,0.0,False
100000008599354100,peripheral,0.35,0,0.66637,"Недостаточно ролевых признаков: входящих 1, исходящих 1, depth=3.",3,False,1,1,177000.0,38200.0,1,2,0.00033174355341856386,7,0.21581920903954802,38200.0,1.0,False
100000008601794100,peripheral,0.35,31,0.816726,"Недостаточно ролевых признаков: входящих 2, исходящих 1, depth=0.",0,True,2,1,494400.0,871400.0,8,13,0.0023677797580180984,1,1.7625404530744337,36400.0,0.07362459546925566,False
100000008603331100,peripheral,0.35,33,0.852313,"Недостаточно ролевых признаков: входящих 2, исходящих 6, depth=2.",2,False,2,6,39500.0,741774.0,3,6,0.00034423402970945057,7,18.779088607594936,11500.0,0.2911392405063291,False
100000008603629100,distributor,0.996219,0,0.994662,"Отправляет 61 получателям, видимый выход 4,986,156 KZT; depth=2.",2,False,19,61,1817300.0,4986156.0,45,74,0.0011918072731347809,7,2.7437165025037142,1817300.0,1.0,False
100000008612257100,terminal,0.438256,22,0.114324,"Видимый вход от 1 узлов (9,500 KZT), выхода нет; depth=3<4.",3,False,1,0,9500.0,0.0,1,0,0.00028786387694202726,7,0.0,0.0,0.0,False
100000008619159100,peripheral,0.2,5,0.347976,"depth=4: обход обрывается; видимый вход от 1 узлов, исходящие неизвестны.",4,False,1,0,446400.0,0.0,2,0,0.00035658738939848764,7,0.0,0.0,0.0,True
100000008619857100,peripheral,0.35,4,0.444617,"Недостаточно ролевых признаков: входящих 1, исходящих 2, depth=3.",3,False,1,2,29000.0,13000.0,1,2,0.0002872025732618279,7,0.4482758620689655,0.0,0.0,False
100000008620570100,peripheral,0.35,0,0.738434,"Недостаточно ролевых признаков: входящих 2, исходящих 2, depth=3.",3,False,2,2,145000.0,31800.0,2,2,0.00034853843958794993,7,0.2193103448275862,0.0,0.0,False
100000008624978100,terminal,0.671619,28,0.721085,"Видимый вход от 1 узлов (109,000 KZT), выхода нет; depth=2<4.",2,False,1,0,109000.0,0.0,1,0,0.00033803190556376094,8,0.0,0.0,0.0,False
100000008625905100,peripheral,0.35,5,0.846085,"Недостаточно ролевых признаков: входящих 1, исходящих 2, depth=3.",3,False,1,2,197800.0,635000.0,1,2,0.0005453128171044582,7,3.210313447927199,0.0,0.0,False
100000008628231100,peripheral,0.35,2,0.825178,"Недостаточно ролевых признаков: входящих 1, исходящих 2, depth=1.",1,False,1,2,50000.0,627870.0,1,19,0.0002955811159053975,10,12.5574,50000.0,1.0,False
100000008628818100,peripheral,0.2,16,0.134786,"depth=4: обход обрывается; видимый вход от 1 узлов, исходящие неизвестны.",4,False,1,0,46310.0,0.0,1,0,0.0003029044708184983,7,0.0,0.0,0.0,True
100000008629504100,peripheral,0.2,0,0.060721,"depth=4: обход обрывается; видимый вход от 1 узлов, исходящие неизвестны.",4,False,1,0,20000.0,0.0,1,0,0.00030201034173378425,7,0.0,0.0,0.0,True
100000008629581100,terminal,0.613523,20,0.607206,"Видимый вход от 1 узлов (54,184 KZT), выхода нет; depth=2<4.",2,False,1,0,54184.0,0.0,1,0,0.0003153289461226527,8,0.0,0.0,0.0,False
100000008631800100,peripheral,0.2,19,0.012678,"depth=4: обход обрывается; видимый вход от 1 узлов, исходящие неизвестны.",4,False,1,0,12850.0,0.0,1,0,0.00029244596678878467,1,0.0,0.0,0.0,True
100000008632060100,peripheral,0.35,4,0.706406,"Недостаточно ролевых признаков: входящих 1, исходящих 9, depth=3.",3,False,1,9,6000.0,339200.0,1,12,0.0002880256481640284,7,56.53333333333333,6000.0,1.0,False
100000008633099100,peripheral,0.35,4,0.406139,"Недостаточно ролевых признаков: входящих 1, исходящих 1, depth=3.",3,False,1,1,19468.0,13500.0,1,1,0.00029196202177266705,7,0.6934456544072324,13500.0,1.0,False
100000008634520100,terminal,0.651868,28,0.6379,"Видимый вход от 1 узлов (90,000 KZT), выхода нет; depth=3<4.",3,False,1,0,90000.0,0.0,1,0,0.0002984829159965065,8,0.0,0.0,0.0,False
100000008636603100,peripheral,0.35,5,0.778025,"Недостаточно ролевых признаков: входящих 2, исходящих 6, depth=2.",2,False,2,6,35460.0,159375.0,2,7,0.0003387006850594568,7,4.494500846023689,35460.0,1.0,False
100000008637537100,consolidator,0.65,37,0.979982,"Получает от 3 плательщиков, видимый вход 619,890 KZT; depth=0.",0,True,3,3,619890.0,2351495.0,22,30,0.000828733153434527,10,3.793406894771653,542485.0,0.8751310716417429,False
100000008638859100,peripheral,0.2,4,0.261566,"depth=4: обход обрывается; видимый вход от 1 узлов, исходящие неизвестны.",4,False,1,0,34000.0,0.0,1,0,0.000539648613146656,9,0.0,0.0,0.0,True
100000008647905100,peripheral,0.35,34,0.7629,"Недостаточно ролевых признаков: входящих 1, исходящих 2, depth=2.",2,False,1,2,50000.0,344222.0,1,2,0.00032871032586726667,7,6.88444,50000.0,1.0,False
100000008648783100,peripheral,0.2,19,0.007006,"depth=4: обход обрывается; видимый вход от 1 узлов, исходящие неизвестны.",4,False,1,0,5200.0,0.0,1,0,0.0002883520722228755,1,0.0,0.0,0.0,True
100000008649416100,peripheral,0.2,22,0.066058,"depth=4: обход обрывается; видимый вход от 1 узлов, исходящие неизвестны.",4,False,1,0,5000.0,0.0,1,0,0.0005337267176293667,7,0.0,0.0,0.0,True
100000008650785100,peripheral,0.35,5,0.865214,"Недостаточно ролевых признаков: входящих 2, исходящих 2, depth=0.",0,True,2,2,92000.0,120120.0,2,2,0.0006125210138081797,9,1.3056521739130436,56500.0,0.6141304347826086,False
100000008652094100,terminal,0.565658,4,0.345196,"Видимый вход от 1 узлов (35,000 KZT), выхода нет; depth=3<4.",3,False,1,0,35000.0,0.0,1,0,0.000287540493064146,7,0.0,0.0,0.0,False
100000008653041100,terminal,0.543594,17,0.226423,"Видимый вход от 1 узлов (28,000 KZT), выхода нет; depth=3<4.",3,False,1,0,28000.0,0.0,1,0,0.00028993947203441017,1,0.0,0.0,0.0,False
100000008654653100,peripheral,0.35,5,0.116993,"Недостаточно ролевых признаков: входящих 0, исходящих 1, depth=0.",0,True,0,1,0.0,54000.0,0,1,0.0002855692942172902,1,,0.0,0.0,False
100000008655035100,terminal,0.551068,1,0.446174,"Видимый вход от 1 узлов (30,000 KZT), выхода нет; depth=2<4.",2,False,1,0,30000.0,0.0,1,0,0.000540142714317588,2,0.0,0.0,0.0,False
100000008655779100,peripheral,0.35,14,0.652135,"Недостаточно ролевых признаков: входящих 1, исходящих 2, depth=3.",3,False,1,2,47000.0,24704.0,1,2,0.00039705232861292724,7,0.5256170212765957,24704.0,1.0,False
100000008656043100,terminal,0.538701,24,0.245552,"Видимый вход от 1 узлов (26,200 KZT), выхода нет; depth=2<4.",2,False,1,0,26200.0,0.0,1,0,0.0002944677917550065,1,0.0,0.0,0.0,False
100000008659445100,peripheral,0.35,8,0.851868,"Недостаточно ролевых признаков: входящих 3, исходящих 4, depth=0.",0,True,3,4,138490.0,875150.0,7,18,0.0024238038911821155,1,6.319228825185934,138490.0,1.0,False
100000008659950100,terminal,0.731228,28,0.808719,"Видимый вход от 1 узлов (246,000 KZT), выхода нет; depth=3<4.",3,False,1,0,246000.0,0.0,1,0,0.0003208665270804813,8,0.0,0.0,0.0,False
100000008661550100,terminal,0.516904,17,0.163701,"Видимый вход от 1 узлов (22,800 KZT), выхода нет; depth=3<4.",3,False,1,0,22800.0,0.0,1,0,0.0002891278675826593,1,0.0,0.0,0.0,False
100000008661585100,terminal,0.582562,24,0.332963,"Видимый вход от 1 узлов (43,141 KZT), выхода нет; depth=1<4.",1,False,1,0,43141.0,0.0,1,0,0.0002946240847860133,1,0.0,0.0,0.0,False
100000008662216100,terminal,0.538701,17,0.209742,"Видимый вход от 1 узлов (26,200 KZT), выхода нет; depth=3<4.",3,False,1,0,26200.0,0.0,1,0,0.000289658532031881,1,0.0,0.0,0.0,False
100000008662805100,terminal,0.483452,17,0.096085,"Видимый вход от 1 узлов (16,500 KZT), выхода нет; depth=3<4.",3,False,1,0,16500.0,0.0,1,0,0.0002881445775738073,1,0.0,0.0,0.0,False
100000008663007100,terminal,0.467171,24,0.073621,"Видимый вход от 1 узлов (14,000 KZT), выхода нет; depth=1<4.",1,False,1,0,14000.0,0.0,1,0,0.0002885077302285584,1,0.0,0.0,0.0,False
100000008663723100,terminal,0.479004,17,0.083852,"Видимый вход от 1 узлов (15,600 KZT), выхода нет; depth=3<4.",3,False,1,0,15600.0,0.0,1,0,0.00028800410757254274,1,0.0,0.0,0.0,False
100000008664469100,terminal,0.53016,2,0.414591,"Видимый вход от 1 узлов (25,000 KZT), выхода нет; depth=1<4.",1,False,1,0,25000.0,0.0,1,0,0.00029057520506134383,10,0.0,0.0,0.0,False
100000008664774100,terminal,0.482473,17,0.094084,"Видимый вход от 1 узлов (16,300 KZT), выхода нет; depth=3<4.",3,False,1,0,16300.0,0.0,1,0,0.0002881133620179708,1,0.0,0.0,0.0,False
100000008665380100,peripheral,0.35,4,0.551601,"Недостаточно ролевых признаков: входящих 2, исходящих 1, depth=1.",1,False,2,1,69100.0,18200.0,2,1,0.00029077432850192623,7,0.2633863965267728,18200.0,1.0,False
100000008666075100,terminal,0.53968,24,0.229315,"Видимый вход от 1 узлов (26,217 KZT), выхода нет; depth=1<4.",1,False,1,0,26217.0,0.0,1,0,0.00029107193542496297,1,0.0,0.0,0.0,False
100000008667058100,terminal,0.489947,24,0.11944,"Видимый вход от 1 узлов (17,534 KZT), выхода нет; depth=1<4.",1,False,1,0,17534.0,0.0,1,0,0.00028924947543311713,1,0.0,0.0,0.0,False
100000008667795100,terminal,0.562633,17,0.268016,"Видимый вход от 1 узлов (34,000 KZT), выхода нет; depth=3<4.",3,False,1,0,34000.0,0.0,1,0,0.00029087593870950727,1,0.0,0.0,0.0,False
100000008667799100,terminal,0.562633,17,0.268016,"Видимый вход от 1 узлов (34,000 KZT), выхода нет; depth=3<4.",3,False,1,0,34000.0,0.0,1,0,0.00029087593870950727,1,0.0,0.0,0.0,False
100000008668099100,terminal,0.479893,17,0.085632,"Видимый вход от 1 узлов (15,700 KZT), выхода нет; depth=3<4.",3,False,1,0,15700.0,0.0,1,0,0.00028801971535046103,1,0.0,0.0,0.0,False
100000008669037100,peripheral,0.35,64,0.004448,"Недостаточно ролевых признаков: входящих 0, исходящих 0, depth=0.",0,True,0,0,0.0,0.0,0,0,0.0002855692942172902,1,,0.0,0.0,False
100000008669310100,terminal,0.619573,4,0.466192,"Видимый вход от 1 узлов (59,567 KZT), выхода нет; depth=3<4.",3,False,1,0,59567.0,0.0,2,0,0.00028892410569473766,7,0.0,0.0,0.0,False
100000008670667100,terminal,0.478025,24,0.092749,"Видимый вход от 1 узлов (15,534 KZT), выхода нет; depth=1<4.",1,False,1,0,15534.0,0.0,1,0,0.0002888296988600788,1,0.0,0.0,0.0,False
100000008671026100,terminal,0.520552,24,0.183941,"Видимый вход от 1 узлов (23,534 KZT), выхода нет; depth=1<4.",1,False,1,0,23534.0,0.0,1,0,0.0002905088051522321,1,0.0,0.0,0.0,False
100000008671081100,terminal,0.570819,17,0.288701,"Видимый вход от 1 узлов (37,200 KZT), выхода нет; depth=3<4.",3,False,1,0,37200.0,0.0,1,0,0.0002913753876028924,1,0.0,0.0,0.0,False
100000008671129100,terminal,0.538701,17,0.209742,"Видимый вход от 1 узлов (26,200 KZT), выхода нет; depth=3<4.",3,False,1,0,26200.0,0.0,1,0,0.000289658532031881,1,0.0,0.0,0.0,False
100000008671929100,terminal,0.637544,2,0.649021,"Видимый вход от 1 узлов (75,000 KZT), выхода нет; depth=1<4.",1,False,1,0,75000.0,0.0,2,0,0.0003005870267494512,10,0.0,0.0,0.0,False
100000008672162100,terminal,0.478559,24,0.094751,"Видимый вход от 1 узлов (15,550 KZT), выхода нет; depth=1<4.",1,False,1,0,15550.0,0.0,1,0,0.0002888330570726631,1,0.0,0.0,0.0,False
100000008672200100,terminal,0.435053,24,0.04137,"Видимый вход от 1 узлов (8,511 KZT), выхода нет; depth=1<4.",1,False,1,0,8511.0,0.0,1,0,0.0002873556534238548,1,0.0,0.0,0.0,False
100000008672480100,terminal,0.463167,24,0.078069,"Видимый вход от 1 узлов (13,000 KZT), выхода нет; depth=2<4.",2,False,1,0,13000.0,0.0,1,0,0.0002899845792550884,1,0.0,0.0,0.0,False
100000008672493100,terminal,0.467171,17,0.067838,"Видимый вход от 1 узлов (14,000 KZT), выхода нет; depth=3<4.",3,False,1,0,14000.0,0.0,1,0,0.0002877543831258502,1,0.0,0.0,0.0,False
100000008672603100,terminal,0.512722,20,0.388345,"Видимый вход от 1 узлов (21,200 KZT), выхода нет; depth=2<4.",2,False,1,0,21200.0,0.0,1,0,0.00029721303813419714,8,0.0,0.0,0.0,False
100000008672762100,terminal,0.463167,24,0.078069,"Видимый вход от 1 узлов (13,000 KZT), выхода нет; depth=2<4.",2,False,1,0,13000.0,0.0,1,0,0.0002899845792550884,1,0.0,0.0,0.0,False
100000008673001100,peripheral,0.35,35,0.378114,"Недостаточно ролевых признаков: входящих 1, исходящих 0, depth=0.",0,True,1,0,80000.0,0.0,1,0,0.0004689783107025104,2,0.0,0.0,0.0,False
100000008675322100,peripheral,0.2,9,0.309442,"depth=4: обход обрывается; видимый вход от 1 узлов, исходящие неизвестны.",4,False,1,0,340000.0,0.0,4,0,0.00031935416989743563,7,0.0,0.0,0.0,True
100000008676812100,terminal,0.725979,34,0.783808,"Видимый вход от 1 узлов (230,800 KZT), выхода нет; depth=3<4.",3,False,1,0,230800.0,0.0,1,0,0.00047313415798955915,7,0.0,0.0,0.0,False
100000008677215100,terminal,0.436477,23,0.198843,"Видимый вход от 1 узлов (9,000 KZT), выхода нет; depth=3<4.",3,False,1,0,9000.0,0.0,1,0,0.00030437671563686035,7,0.0,0.0,0.0,False
100000008677368100,peripheral,0.2,4,0.10843,"depth=4: обход обрывается; видимый вход от 1 узлов, исходящие неизвестны.",4,False,1,0,13500.0,0.0,1,0,0.0005340288694748723,7,0.0,0.0,0.0,True
100000008677518100,terminal,0.596085,17,0.352758,"Видимый вход от 1 узлов (48,700 KZT), выхода нет; depth=3<4.",3,False,1,0,48700.0,0.0,1,0,0.00029317028206349527,1,0.0,0.0,0.0,False
100000008679986100,terminal,0.497064,24,0.139235,"Видимый вход от 1 узлов (19,000 KZT), выхода нет; depth=1<4.",1,False,1,0,19000.0,0.0,1,0,0.0002895571716611542,1,0.0,0.0,0.0,False
100000008680061100,peripheral,0.2,4,0.138457,"depth=4: обход обрывается; видимый вход от 1 узлов, исходящие неизвестны.",4,False,1,0,41300.0,0.0,2,0,0.00031068559080704136,7,0.0,0.0,0.0,True
100000008680451100,terminal,0.520552,24,0.183941,"Видимый вход от 1 узлов (23,534 KZT), выхода нет; depth=1<4.",1,False,1,0,23534.0,0.0,1,0,0.0002905088051522321,1,0.0,0.0,0.0,False
100000008680731100,distributor,0.981317,7,0.899466,"Отправляет 27 получателям, видимый выход 1,464,354 KZT; depth=0.",0,True,0,27,0.0,1464354.0,0,28,0.0002855692942172902,1,,0.0,0.0,False
100000008680912100,peripheral,0.35,4,0.591192,"Недостаточно ролевых признаков: входящих 1, исходящих 1, depth=3.",3,False,1,1,45112.0,5990.85,2,1,0.000535175712479058,7,0.13279947685759888,5990.85,1.0,False
100000008682426100,terminal,0.504004,16,0.261121,"Видимый вход от 1 узлов (20,000 KZT), выхода нет; depth=3<4.",3,False,1,0,20000.0,0.0,1,0,0.0002912223270400019,7,0.0,0.0,0.0,False
100000008683818100,terminal,0.488434,24,0.143238,"Видимый вход от 1 узлов (17,400 KZT), выхода нет; depth=2<4.",2,False,1,0,17400.0,0.0,1,0,0.00029147898342172775,1,0.0,0.0,0.0,False
100000008684452100,terminal,0.608363,17,0.379004,"Видимый вход от 1 узлов (51,800 KZT), выхода нет; depth=3<4.",3,False,1,0,51800.0,0.0,1,0,0.0002936541231789621,1,0.0,0.0,0.0,False
100000008684767100,terminal,0.556851,17,0.253336,"Видимый вход от 1 узлов (31,100 KZT), выхода нет; depth=3<4.",3,False,1,0,31100.0,0.0,1,0,0.000290423313149877,1,0.0,0.0,0.0,False
100000008684951100,terminal,0.487367,17,0.103425,"Видимый вход от 1 узлов (17,200 KZT), выхода нет; depth=3<4.",3,False,1,0,17200.0,0.0,1,0,0.00028825383201923533,1,0.0,0.0,0.0,False
100000008686214100,terminal,0.53016,0,0.34831,"Видимый вход от 1 узлов (25,000 KZT), выхода нет; depth=3<4.",3,False,1,0,25000.0,0.0,1,0,0.00029772792993778484,7,0.0,0.0,0.0,False
100000008686234100,terminal,0.574911,4,0.411922,"Видимый вход от 1 узлов (39,778 KZT), выхода нет; depth=1<4.",1,False,1,0,39778.0,0.0,1,0,0.0002930337323065535,7,0.0,0.0,0.0,False
100000008686247100,peripheral,0.35,7,0.351423,"Недостаточно ролевых признаков: входящих 1, исходящих 1, depth=3.",3,False,1,1,22000.0,5000.0,2,1,0.00031367376777992426,1,0.22727272727272727,5000.0,1.0,False
100000008686313100,consolidator,0.989657,0,0.975089,"Получает от 6 плательщиков, видимый вход 1,912,716 KZT; depth=1.",1,False,6,7,1912716.0,333800.0,16,13,0.00046763290222869583,7,0.17451623764322566,306941.0,0.9195356500898741,False
100000008686494100,terminal,0.479893,17,0.085632,"Видимый вход от 1 узлов (15,700 KZT), выхода нет; depth=3<4.",3,False,1,0,15700.0,0.0,1,0,0.00028801971535046103,1,0.0,0.0,0.0,False
100000008687492100,terminal,0.473488,24,0.099199,"Видимый вход от 1 узлов (15,000 KZT), выхода нет; depth=2<4.",2,False,1,0,15000.0,0.0,1,0,0.0002906638538762881,1,0.0,0.0,0.0,False
100000008687617100,terminal,0.58274,17,0.32073,"Видимый вход от 1 узлов (43,350 KZT), выхода нет; depth=3<4.",3,False,1,0,43350.0,0.0,2,0,0.00029233526594486694,1,0.0,0.0,0.0,False
100000008687671100,terminal,0.571263,24,0.305605,"Видимый вход от 1 узлов (37,500 KZT), выхода нет; depth=1<4.",1,False,1,0,37500.0,0.0,1,0,0.00029344010496175864,1,0.0,0.0,0.0,False
100000008687733100,terminal,0.469929,17,0.072064,"Видимый вход от 1 узлов (14,650 KZT), выхода нет; depth=3<4.",3,False,1,0,14650.0,0.0,1,0,0.00028785583368231904,1,0.0,0.0,0.0,False
100000008687990100,terminal,0.490747,17,0.109431,"Видимый вход от 1 узлов (17,600 KZT), выхода нет; depth=3<4.",3,False,1,0,17600.0,0.0,1,0,0.00028831626313090844,1,0.0,0.0,0.0,False
100000008688109100,terminal,0.4621,17,0.064502,"Видимый вход от 1 узлов (12,800 KZT), выхода нет; depth=3<4.",3,False,1,0,12800.0,0.0,1,0,0.0002875670897908307,1,0.0,0.0,0.0,False
100000008688155100,terminal,0.520907,17,0.173265,"Видимый вход от 1 узлов (23,600 KZT), выхода нет; depth=3<4.",3,False,1,0,23600.0,0.0,1,0,0.0002892527298060056,1,0.0,0.0,0.0,False
100000008688476100,terminal,0.52411,24,0.215747,"Видимый вход от 1 узлов (24,000 KZT), выхода нет; depth=2<4.",2,False,1,0,24000.0,0.0,1,0,0.0002937205896716869,1,0.0,0.0,0.0,False
100000008688881100,terminal,0.583808,24,0.3621,"Видимый вход от 1 узлов (44,211 KZT), выхода нет; depth=2<4.",2,False,1,0,44211.0,0.0,1,0,0.00030058499935622067,1,0.0,0.0,0.0,False
100000008690762100,terminal,0.540569,17,0.217082,"Видимый вход от 1 узлов (26,750 KZT), выхода нет; depth=3<4.",3,False,1,0,26750.0,0.0,1,0,0.0002897443748104316,1,0.0,0.0,0.0,False
100000008690932100,terminal,0.517527,24,0.177491,"Видимый вход от 1 узлов (23,000 KZT), выхода нет; depth=1<4.",1,False,1,0,23000.0,0.0,1,0,0.0002903967248072309,1,0.0,0.0,0.0,False
100000008691027100,terminal,0.489947,24,0.11944,"Видимый вход от 1 узлов (17,534 KZT), выхода нет; depth=1<4.",1,False,1,0,17534.0,0.0,1,0,0.00028924947543311713,1,0.0,0.0,0.0,False
100000008691168100,terminal,0.52411,24,0.215747,"Видимый вход от 1 узлов (24,000 KZT), выхода нет; depth=2<4.",2,False,1,0,24000.0,0.0,1,0,0.0002937205896716869,1,0.0,0.0,0.0,False
100000008691330100,terminal,0.513167,24,0.16637,"Видимый вход от 1 узлов (21,440 KZT), выхода нет; depth=1<4.",1,False,1,0,21440.0,0.0,1,0,0.00029006929908026094,1,0.0,0.0,0.0,False
100000008691495100,terminal,0.541637,24,0.234431,"Видимый вход от 1 узлов (27,000 KZT), выхода нет; depth=1<4.",1,False,1,0,27000.0,0.0,1,0,0.0002912362779533075,1,0.0,0.0,0.0,False
100000008692291100,transit,0.954616,28,0.932384,"Вход 160,000, выход 156,000 KZT; выход/вход=0.97; после видимого входа в более поздние дни ушло до 121,000 KZT.",3,False,3,3,160000.0,156000.0,3,3,0.0003078529865771743,8,0.975,121000.0,0.7756410256410257,False
100000008693069100,terminal,0.504004,24,0.148799,"Видимый вход от 1 узлов (20,000 KZT), выхода нет; depth=1<4.",1,False,1,0,20000.0,0.0,1,0,0.00028976705994767336,1,0.0,0.0,0.0,False
100000008695133100,terminal,0.569217,17,0.283363,"Видимый вход от 1 узлов (36,610 KZT), выхода нет; depth=3<4.",3,False,1,0,36610.0,0.0,1,0,0.0002912833017131745,1,0.0,0.0,0.0,False
100000008695157100,peripheral,0.2,13,0.370663,"depth=4: обход обрывается; видимый вход от 1 узлов, исходящие неизвестны.",4,False,1,0,425546.0,0.0,3,0,0.0004975174254247265,7,0.0,0.0,0.0,True
100000008695495100,terminal,0.511566,24,0.163034,"Видимый вход от 1 узлов (21,000 KZT), выхода нет; depth=1<4.",1,False,1,0,21000.0,0.0,1,0,0.00028997694823419256,1,0.0,0.0,0.0,False
100000008695566100,terminal,0.561566,17,0.265125,"Видимый вход от 1 узлов (33,700 KZT), выхода нет; depth=3<4.",3,False,1,0,33700.0,0.0,1,0,0.0002908291153757524,1,0.0,0.0,0.0,False
100000008695689100,terminal,0.538701,17,0.209742,"Видимый вход от 1 узлов (26,200 KZT), выхода нет; depth=3<4.",3,False,1,0,26200.0,0.0,1,0,0.000289658532031881,1,0.0,0.0,0.0,False
100000008696692100,terminal,0.497064,24,0.155694,"Видимый вход от 1 узлов (19,000 KZT), выхода нет; depth=2<4.",2,False,1,0,19000.0,0.0,1,0,0.0002920224031186876,1,0.0,0.0,0.0,False
100000008696919100,terminal,0.558541,24,0.271352,"Видимый вход от 1 узлов (31,945 KZT), выхода нет; depth=1<4.",1,False,1,0,31945.0,0.0,1,0,0.0002922741755301447,1,0.0,0.0,0.0,False
100000008697670100,terminal,0.533986,17,0.199288,"Видимый вход от 1 узлов (25,350 KZT), выхода нет; depth=3<4.",3,False,1,0,25350.0,0.0,1,0,0.0002895258659195756,1,0.0,0.0,0.0,False
100000008699083100,peripheral,0.2,28,0.326957,"depth=4: обход обрывается; видимый вход от 1 узлов, исходящие неизвестны.",4,False,1,0,238500.0,0.0,1,0,0.00030640170893457807,8,0.0,0.0,0.0,True
100000008701222100,peripheral,0.35,65,0.004448,"Недостаточно ролевых признаков: входящих 0, исходящих 0, depth=0.",0,True,0,0,0.0,0.0,0,0,0.0002855692942172902,1,,0.0,0.0,False
100000008701256100,terminal,0.618861,0,0.537811,"Видимый вход от 1 узлов (58,250 KZT), выхода нет; depth=2<4.",2,False,1,0,58250.0,0.0,1,0,0.00030374263490071714,7,0.0,0.0,0.0,False
100000008701944100,terminal,0.608897,2,0.527135,"Видимый вход от 1 узлов (52,124 KZT), выхода нет; depth=1<4.",1,False,1,0,52124.0,0.0,1,0,0.00041152025351238905,2,0.0,0.0,0.0,False
100000008703533100,peripheral,0.2,28,0.212188,"depth=4: обход обрывается; видимый вход от 1 узлов, исходящие неизвестны.",4,False,1,0,75000.0,0.0,1,0,0.0002955267779905951,8,0.0,0.0,0.0,True
100000008706846100,terminal,0.468772,17,0.068505,"Видимый вход от 1 узлов (14,200 KZT), выхода нет; depth=3<4.",3,False,1,0,14200.0,0.0,1,0,0.00028778559868168673,1,0.0,0.0,0.0,False
100000008706947100,terminal,0.487367,17,0.103425,"Видимый вход от 1 узлов (17,200 KZT), выхода нет; depth=3<4.",3,False,1,0,17200.0,0.0,1,0,0.00028825383201923533,1,0.0,0.0,0.0,False
100000008707810100,terminal,0.538701,17,0.209742,"Видимый вход от 1 узлов (26,200 KZT), выхода нет; depth=3<4.",3,False,1,0,26200.0,0.0,1,0,0.000289658532031881,1,0.0,0.0,0.0,False
100000008708025100,terminal,0.445907,14,0.227091,"Видимый вход от 1 узлов (10,000 KZT), выхода нет; depth=3<4.",3,False,1,0,10000.0,0.0,1,0,0.0003092890887695534,7,0.0,0.0,0.0,False
100000008708061100,terminal,0.435231,17,0.04048,"Видимый вход от 1 узлов (8,650 KZT), выхода нет; depth=3<4.",3,False,1,0,8650.0,0.0,1,0,0.0002869193670072219,1,0.0,0.0,0.0,False
100000008708207100,terminal,0.766726,28,0.923488,"Видимый вход от 2 узлов (465,000 KZT), выхода нет; depth=3<4.",3,False,2,0,465000.0,0.0,2,0,0.000359786904729812,9,0.0,0.0,0.0,False
100000008708368100,terminal,0.521886,24,0.189279,"Видимый вход от 1 узлов (23,677 KZT), выхода нет; depth=1<4.",1,False,1,0,23677.0,0.0,1,0,0.00029053881917720433,1,0.0,0.0,0.0,False
100000008708595100,terminal,0.487367,17,0.103425,"Видимый вход от 1 узлов (17,200 KZT), выхода нет; depth=3<4.",3,False,1,0,17200.0,0.0,1,0,0.00028825383201923533,1,0.0,0.0,0.0,False
100000008708743100,terminal,0.478559,17,0.082295,"Видимый вход от 1 узлов (15,550 KZT), выхода нет; depth=3<4.",3,False,1,0,15550.0,0.0,1,0,0.0002879963036835836,1,0.0,0.0,0.0,False
100000008710791100,distributor,0.993216,28,0.991993,"Отправляет 23 получателям, видимый выход 5,521,511 KZT; depth=2.",2,False,3,23,181510.0,5521511.0,3,25,0.0003342621960762564,9,30.41987218335078,181510.0,1.0,False
100000008710843100,distributor,0.980093,28,0.958185,"Отправляет 13 получателям, видимый выход 1,985,500 KZT; depth=2.",2,False,2,13,33944.0,1985500.0,3,14,0.00029287559446499205,8,58.49340089559274,33944.0,1.0,False
100000008710913100,peripheral,0.2,28,0.038034,"depth=4: обход обрывается; видимый вход от 1 узлов, исходящие неизвестны.",4,False,1,0,14000.0,0.0,1,0,0.00028811097479962714,8,0.0,0.0,0.0,True
100000008712036100,terminal,0.511566,17,0.15347,"Видимый вход от 1 узлов (21,000 KZT), выхода нет; depth=3<4.",3,False,1,0,21000.0,0.0,1,0,0.00028884692758013016,1,0.0,0.0,0.0,False
100000008712184100,terminal,0.493505,17,0.116103,"Видимый вход от 1 узлов (18,000 KZT), выхода нет; depth=3<4.",3,False,1,0,18000.0,0.0,1,0,0.0002883786942425816,1,0.0,0.0,0.0,False
100000008712827100,terminal,0.639591,17,0.450623,"Видимый вход от 1 узлов (76,000 KZT), выхода нет; depth=3<4.",3,False,1,0,76000.0,0.0,1,0,0.0002974312054351872,1,0.0,0.0,0.0,False
100000008712991100,terminal,0.628114,17,0.423932,"Видимый вход от 1 узлов (66,100 KZT), выхода нет; depth=3<4.",3,False,1,0,66100.0,0.0,1,0,0.0002958860354212769,1,0.0,0.0,0.0,False
100000008713270100,peripheral,0.35,32,0.56895,"Недостаточно ролевых признаков: входящих 1, исходящих 3, depth=2.",2,False,1,3,30000.0,190000.0,1,3,0.0002912552172830988,1,6.333333333333333,30000.0,1.0,False
100000008713685100,terminal,0.598221,17,0.354537,"Видимый вход от 1 узлов (49,700 KZT), выхода нет; depth=3<4.",3,False,1,0,49700.0,0.0,1,0,0.00029332635984267806,1,0.0,0.0,0.0,False
100000008714412100,terminal,0.703203,16,0.769573,"Видимый вход от 1 узлов (169,000 KZT), выхода нет; depth=3<4.",3,False,1,0,169000.0,0.0,1,0,0.0003116686182638579,9,0.0,0.0,0.0,False
100000008715513100,peripheral,0.2,19,0.044039,"depth=4: обход обрывается; видимый вход от 1 узлов, исходящие неизвестны.",4,False,1,0,32500.0,0.0,1,0,0.0003029616567521985,1,0.0,0.0,0.0,True
100000008715887100,terminal,0.493505,17,0.116103,"Видимый вход от 1 узлов (18,000 KZT), выхода нет; depth=3<4.",3,False,1,0,18000.0,0.0,1,0,0.0002883786942425816,1,0.0,0.0,0.0,False
100000008716072100,terminal,0.458897,17,0.058274,"Видимый вход от 1 узлов (12,100 KZT), выхода нет; depth=3<4.",3,False,1,0,12100.0,0.0,1,0,0.00028745783534540274,1,0.0,0.0,0.0,False
100000008716222100,terminal,0.493505,24,0.131673,"Видимый вход от 1 узлов (18,000 KZT), выхода нет; depth=1<4.",1,False,1,0,18000.0,0.0,1,0,0.00028934728337463503,1,0.0,0.0,0.0,False
100000008716439100,terminal,0.459786,24,0.064057,"Видимый вход от 1 узлов (12,267 KZT), выхода нет; depth=1<4.",1,False,1,0,12267.0,0.0,1,0,0.00028814399382802073,1,0.0,0.0,0.0,False
100000008716773100,terminal,0.479448,24,0.096753,"Видимый вход от 1 узлов (15,677 KZT), выхода нет; depth=1<4.",1,False,1,0,15677.0,0.0,1,0,0.00028885971288505105,1,0.0,0.0,0.0,False
100000008717340100,terminal,0.580605,24,0.326068,"Видимый вход от 1 узлов (41,500 KZT), выхода нет; depth=1<4.",1,False,1,0,41500.0,0.0,1,0,0.0002942796581078353,1,0.0,0.0,0.0,False
100000008717341100,terminal,0.469573,24,0.075623,"Видимый вход от 1 узлов (14,627 KZT), выхода нет; depth=1<4.",1,False,1,0,14627.0,0.0,1,0,0.0002886393301842059,1,0.0,0.0,0.0,False
100000008717375100,terminal,0.547331,20,0.471308,"Видимый вход от 1 узлов (29,506 KZT), выхода нет; depth=2<4.",2,False,1,0,29506.0,0.0,1,0,0.00030177496912352865,8,0.0,0.0,0.0,False
100000008717802100,terminal,0.537278,17,0.204404,"Видимый вход от 1 узлов (26,150 KZT), выхода нет; depth=3<4.",3,False,1,0,26150.0,0.0,1,0,0.00028965072814292185,1,0.0,0.0,0.0,False
100000008718089100,terminal,0.478025,24,0.092749,"Видимый вход от 1 узлов (15,534 KZT), выхода нет; depth=1<4.",1,False,1,0,15534.0,0.0,1,0,0.0002888296988600788,1,0.0,0.0,0.0,False
100000008718811100,terminal,0.636299,17,0.445285,"Видимый вход от 1 узлов (73,300 KZT), выхода нет; depth=3<4.",3,False,1,0,73300.0,0.0,1,0,0.0002970097954313935,1,0.0,0.0,0.0,False
100000008720668100,terminal,0.481406,17,0.089635,"Видимый вход от 1 узлов (16,000 KZT), выхода нет; depth=3<4.",3,False,1,0,16000.0,0.0,1,0,0.00028806653868421585,1,0.0,0.0,0.0,False
100000008720798100,terminal,0.478025,24,0.092749,"Видимый вход от 1 узлов (15,534 KZT), выхода нет; depth=1<4.",1,False,1,0,15534.0,0.0,1,0,0.0002888296988600788,1,0.0,0.0,0.0,False
100000008720856100,peripheral,0.35,4,0.552046,"Недостаточно ролевых признаков: входящих 1, исходящих 1, depth=3.",3,False,1,1,18105.0,46000.0,1,2,0.0003193262841057144,7,2.5407346037006353,0.0,0.0,False
100000008721637100,peripheral,0.35,32,0.597642,"Недостаточно ролевых признаков: входящих 1, исходящих 2, depth=3.",3,False,1,2,24041.0,127000.0,1,2,0.0002904606519895616,7,5.282642152988644,0.0,0.0,False
100000008722328100,terminal,0.521886,24,0.189279,"Видимый вход от 1 узлов (23,677 KZT), выхода нет; depth=1<4.",1,False,1,0,23677.0,0.0,1,0,0.00029053881917720433,1,0.0,0.0,0.0,False
100000008722417100,peripheral,0.35,9,0.784698,"Недостаточно ролевых признаков: входящих 1, исходящих 3, depth=3.",3,False,1,3,331900.0,720000.0,1,6,0.0002963258990924784,7,2.16932811087677,331900.0,1.0,False
100000008722541100,peripheral,0.2,9,0.324622,"depth=4: обход обрывается; видимый вход от 1 узлов, исходящие неизвестны.",4,False,1,0,280000.0,0.0,4,0,0.0003836381058975551,7,0.0,0.0,0.0,True
100000008723830100,transit,0.981247,5,0.92927,"Вход 459,785, выход 455,000 KZT; выход/вход=0.99; после видимого входа в более поздние дни ушло до 454,000 KZT.",1,False,2,1,459785.0,455000.0,2,1,0.00034023098770657236,7,0.9895929619278576,454000.0,0.9978021978021978,False
100000008724279100,terminal,0.456584,5,0.141014,"Видимый вход от 1 узлов (11,750 KZT), выхода нет; depth=1<4.",1,False,1,0,11750.0,0.0,1,0,0.0002868326313462284,7,0.0,0.0,0.0,False
100000008724461100,peripheral,0.35,28,0.666815,"Недостаточно ролевых признаков: входящих 1, исходящих 1, depth=3.",3,False,1,1,100111.0,130000.0,1,1,0.00029072698311701655,9,1.298558599954051,0.0,0.0,False
100000008727982100,peripheral,0.2,32,0.096086,"depth=4: обход обрывается; видимый вход от 1 узлов, исходящие неизвестны.",4,False,1,0,30000.0,0.0,2,0,0.0005138489258762199,1,0.0,0.0,0.0,True
100000008728457100,terminal,0.586566,2,0.508452,"Видимый вход от 1 узлов (45,000 KZT), выхода нет; depth=1<4.",1,False,1,0,45000.0,0.0,1,0,0.0002923944521197351,8,0.0,0.0,0.0,False
100000008729597100,terminal,0.645552,0,0.567171,"Видимый вход от 1 узлов (83,090 KZT), выхода нет; depth=3<4.",3,False,1,0,83090.0,0.0,1,0,0.0003024747023657878,7,0.0,0.0,0.0,False
100000008729801100,terminal,0.489947,24,0.11944,"Видимый вход от 1 узлов (17,534 KZT), выхода нет; depth=1<4.",1,False,1,0,17534.0,0.0,1,0,0.00028924947543311713,1,0.0,0.0,0.0,False
100000008730021100,terminal,0.63879,2,0.572509,"Видимый вход от 1 узлов (75,555 KZT), выхода нет; depth=1<4.",1,False,1,0,75555.0,0.0,3,0,0.00046813825917664087,2,0.0,0.0,0.0,False
100000008730238100,peripheral,0.2,28,0.357317,"depth=4: обход обрывается; видимый вход от 1 узлов, исходящие неизвестны.",4,False,1,0,113000.0,0.0,1,0,0.0005632359245676673,8,0.0,0.0,0.0,True
100000008730371100,terminal,0.773577,0,0.921708,"Видимый вход от 2 узлов (520,000 KZT), выхода нет; depth=3<4.",3,False,2,0,520000.0,0.0,3,0,0.0008583627263123951,7,0.0,0.0,0.0,False
100000008730846100,peripheral,0.35,4,0.896797,"Недостаточно ролевых признаков: входящих 7, исходящих 3, depth=2.",2,False,7,3,155042.0,363370.0,11,4,0.0005360575471707999,8,2.343687516930896,155042.0,1.0,False
100000008731444100,distributor,0.962856,0,0.956406,"Отправляет 9 получателям, видимый выход 879,768 KZT; depth=2.",2,False,3,9,439000.0,879767.8,5,9,0.0003533618851938035,7,2.0040268792710707,439000.0,1.0,False
100000008732098100,terminal,0.479448,24,0.096753,"Видимый вход от 1 узлов (15,677 KZT), выхода нет; depth=1<4.",1,False,1,0,15677.0,0.0,1,0,0.00028885971288505105,1,0.0,0.0,0.0,False
100000008732488100,peripheral,0.35,0,0.614324,"Недостаточно ролевых признаков: входящих 1, исходящих 1, depth=3.",3,False,1,1,137000.0,10000.0,1,1,0.0003134431769510027,7,0.072992700729927,0.0,0.0,False
100000008733049100,terminal,0.445907,5,0.140347,"Видимый вход от 1 узлов (10,000 KZT), выхода нет; depth=2<4.",2,False,1,0,10000.0,0.0,1,0,0.0002887507034719386,7,0.0,0.0,0.0,False
100000008733194100,consolidator,0.901357,13,0.942171,"Получает от 4 плательщиков, видимый вход 251,424 KZT; depth=2.",2,False,4,8,251424.0,159695.0,4,8,0.0004707255944091275,7,0.6351621165839378,104075.0,0.651711074235261,False
100000008734279100,peripheral,0.2,13,0.108096,"depth=4: обход обрывается; видимый вход от 1 узлов, исходящие неизвестны.",4,False,1,0,31650.0,0.0,1,0,0.00030133294456934464,7,0.0,0.0,0.0,True
100000008734364100,terminal,0.538701,24,0.245552,"Видимый вход от 1 узлов (26,200 KZT), выхода нет; depth=2<4.",2,False,1,0,26200.0,0.0,1,0,0.0002944677917550065,1,0.0,0.0,0.0,False
100000008735384100,terminal,0.573843,24,0.314057,"Видимый вход от 1 узлов (39,220 KZT), выхода нет; depth=1<4.",1,False,1,0,39220.0,0.0,1,0,0.00029380111281457165,1,0.0,0.0,0.0,False
100000008735802100,peripheral,0.2,4,0.25823,"depth=4: обход обрывается; видимый вход от 1 узлов, исходящие неизвестны.",4,False,1,0,85000.0,0.0,2,0,0.0005087033417052566,7,0.0,0.0,0.0,True
100000008735832100,terminal,0.490747,17,0.109431,"Видимый вход от 1 узлов (17,600 KZT), выхода нет; depth=3<4.",3,False,1,0,17600.0,0.0,1,0,0.00028831626313090844,1,0.0,0.0,0.0,False
100000008736173100,terminal,0.556406,24,0.2629,"Видимый вход от 1 узлов (31,060 KZT), выхода нет; depth=1<4.",1,False,1,0,31060.0,0.0,1,0,0.00029208842439657525,1,0.0,0.0,0.0,False
100000008736394100,terminal,0.481406,24,0.121219,"Видимый вход от 1 узлов (16,000 KZT), выхода нет; depth=2<4.",2,False,1,0,16000.0,0.0,1,0,0.000291003491186888,1,0.0,0.0,0.0,False
100000008736760100,terminal,0.614057,24,0.405694,"Видимый вход от 1 узлов (54,757 KZT), выхода нет; depth=1<4.",1,False,1,0,54757.0,0.0,1,0,0.0002970621471222198,1,0.0,0.0,0.0,False
100000008736940100,consolidator,0.924377,8,0.933274,"Получает от 3 плательщиков, видимый вход 451,090 KZT; depth=1.",1,False,3,3,451090.0,182100.0,13,6,0.0024141567490764573,1,0.40368884258130305,97500.0,0.5354200988467874,False
100000008737422100,terminal,0.640391,24,0.467082,"Видимый вход от 1 узлов (76,903 KZT), выхода нет; depth=1<4.",1,False,1,0,76903.0,0.0,1,0,0.0003017103331154731,1,0.0,0.0,0.0,False
100000008737514100,terminal,0.647331,5,0.589858,"Видимый вход от 1 узлов (85,000 KZT), выхода нет; depth=2<4.",2,False,1,0,85000.0,0.0,1,0,0.00031261127288180154,7,0.0,0.0,0.0,False
100000008737958100,terminal,0.611744,24,0.58452,"Видимый вход от 2 узлов (53,373 KZT), выхода нет; depth=1<4.",1,False,2,0,53373.0,0.0,2,0,0.0002996261402634527,1,0.0,0.0,0.0,False
100000008738325100,peripheral,0.35,35,0.578069,"Недостаточно ролевых признаков: входящих 1, исходящих 1, depth=0.",0,True,1,1,36550.0,54000.0,1,1,0.0005285862410602071,2,1.4774281805745555,0.0,0.0,False
100000008738526100,peripheral,0.35,28,0.587189,"Недостаточно ролевых признаков: входящих 1, исходящих 1, depth=3.",3,False,1,1,15000.0,140000.0,1,1,0.0002874522211122586,8,9.333333333333334,15000.0,1.0,False
100000008738658100,terminal,0.547687,17,0.2371,"Видимый вход от 1 узлов (29,920 KZT), выхода нет; depth=3<4.",3,False,1,0,29920.0,0.0,1,0,0.00029023914137044126,1,0.0,0.0,0.0,False
100000008739887100,peripheral,0.35,0,0.811165,"Недостаточно ролевых признаков: входящих 2, исходящих 2, depth=3.",3,False,2,2,214000.0,307000.0,3,2,0.00033330063396974185,7,1.4345794392523366,214000.0,1.0,False
100000008740295100,peripheral,0.2,28,0.364324,"depth=4: обход обрывается; видимый вход от 1 узлов, исходящие неизвестны.",4,False,1,0,300000.0,0.0,1,0,0.00032503660932612125,8,0.0,0.0,0.0,True
100000008740793100,terminal,0.511566,17,0.15347,"Видимый вход от 1 узлов (21,000 KZT), выхода нет; depth=3<4.",3,False,1,0,21000.0,0.0,1,0,0.00028884692758013016,1,0.0,0.0,0.0,False
100000008741372100,terminal,0.568149,24,0.296263,"Видимый вход от 1 узлов (35,975 KZT), выхода нет; depth=1<4.",1,False,1,0,35975.0,0.0,1,0,0.00029312002532481696,1,0.0,0.0,0.0,False
100000008742053100,distributor,0.982206,28,0.940391,"Отправляет 12 получателям, видимый выход 2,789,000 KZT; depth=3.",3,False,1,12,10000.0,2789000.0,1,12,0.00028627115008932345,8,278.9,10000.0,1.0,False
100000008742266100,terminal,0.511566,24,0.185053,"Видимый вход от 1 узлов (21,000 KZT), выхода нет; depth=2<4.",2,False,1,0,21000.0,0.0,1,0,0.0002927016777398873,1,0.0,0.0,0.0,False
100000008743913100,distributor,0.978759,28,0.985765,"Отправляет 13 получателям, видимый выход 1,850,600 KZT; depth=2.",2,False,3,13,149300.0,1850600.0,3,13,0.0003321078123765368,9,12.395177494976558,149300.0,1.0,False
100000008744364100,terminal,0.52242,17,0.176601,"Видимый вход от 1 узлов (23,700 KZT), выхода нет; depth=3<4.",3,False,1,0,23700.0,0.0,1,0,0.00028926833758392384,1,0.0,0.0,0.0,False
100000008744799100,terminal,0.461566,17,0.061833,"Видимый вход от 1 узлов (12,600 KZT), выхода нет; depth=3<4.",3,False,1,0,12600.0,0.0,1,0,0.0002875358742349942,1,0.0,0.0,0.0,False
100000008744849100,terminal,0.584342,24,0.338523,"Видимый вход от 1 узлов (44,445 KZT), выхода нет; depth=1<4.",1,False,1,0,44445.0,0.0,1,0,0.0002948977791116342,1,0.0,0.0,0.0,False
100000008745474100,terminal,0.579181,24,0.323399,"Видимый вход от 1 узлов (40,559 KZT), выхода нет; depth=1<4.",1,False,1,0,40559.0,0.0,1,0,0.00029408215323022076,1,0.0,0.0,0.0,False
100000008745489100,terminal,0.616014,24,0.409253,"Видимый вход от 1 узлов (55,539 KZT), выхода нет; depth=1<4.",1,False,1,0,55539.0,0.0,1,0,0.0002972262797622778,1,0.0,0.0,0.0,False
100000008745643100,terminal,0.509609,24,0.158808,"Видимый вход от 1 узлов (20,313 KZT), выхода нет; depth=1<4.",1,False,1,0,20313.0,0.0,1,0,0.0002898327549813539,1,0.0,0.0,0.0,False
100000008745676100,peripheral,0.2,17,0.109097,"depth=4: обход обрывается; видимый вход от 1 узлов, исходящие неизвестны.",4,False,1,0,34547.0,0.0,1,0,0.0005303236661827117,1,0.0,0.0,0.0,True
100000008745725100,terminal,0.592616,24,0.356094,"Видимый вход от 1 узлов (47,060 KZT), выхода нет; depth=1<4.",1,False,1,0,47060.0,0.0,1,0,0.0002954466369808818,1,0.0,0.0,0.0,False
100000008745863100,terminal,0.517082,17,0.165036,"Видимый вход от 1 узлов (22,900 KZT), выхода нет; depth=3<4.",3,False,1,0,22900.0,0.0,1,0,0.00028914347536057757,1,0.0,0.0,0.0,False
100000008745884100,terminal,0.504004,17,0.142571,"Видимый вход от 1 узлов (20,000 KZT), выхода нет; depth=3<4.",3,False,1,0,20000.0,0.0,1,0,0.0002886908498009473,1,0.0,0.0,0.0,False
100000008746025100,terminal,0.514591,24,0.168594,"Видимый вход от 1 узлов (22,000 KZT), выхода нет; depth=1<4.",1,False,1,0,22000.0,0.0,1,0,0.0002901868365207117,1,0.0,0.0,0.0,False
100000008746449100,distributor,0.966303,28,0.931495,"Отправляет 10 получателям, видимый выход 1,009,000 KZT; depth=3.",3,False,1,10,10000.0,1009000.0,1,10,0.00028700414108164755,8,100.9,10000.0,1.0,False
100000008746673100,terminal,0.611388,24,0.395463,"Видимый вход от 1 узлов (53,048 KZT), выхода нет; depth=1<4.",1,False,1,0,53048.0,0.0,1,0,0.0002967034480405586,1,0.0,0.0,0.0,False
100000008747113100,terminal,0.714057,2,0.8879,"Видимый вход от 2 узлов (197,801 KZT), выхода нет; depth=1<4.",1,False,2,0,197801.0,0.0,2,0,0.00030751915506009543,10,0.0,0.0,0.0,False
100000008748408100,distributor,0.980649,32,0.93016,"Отправляет 21 получателям, видимый выход 1,499,960 KZT; depth=1.",1,False,1,21,360000.0,1499960.0,2,22,0.0003340545949423299,1,4.166555555555555,360000.0,1.0,False
100000008748795100,terminal,0.592349,4,0.40258,"Видимый вход от 1 узлов (47,057 KZT), выхода нет; depth=3<4.",3,False,1,0,47057.0,0.0,1,0,0.0002882195429069043,7,0.0,0.0,0.0,False
100000008748914100,distributor,0.986766,25,0.960409,"Отправляет 13 получателям, видимый выход 4,471,847 KZT; depth=1.",1,False,2,13,180000.0,4471847.0,9,21,0.0007908267344260654,1,24.843594444444445,180000.0,1.0,False
100000008749063100,terminal,0.497064,24,0.139235,"Видимый вход от 1 узлов (19,000 KZT), выхода нет; depth=1<4.",1,False,1,0,19000.0,0.0,1,0,0.0002895571716611542,1,0.0,0.0,0.0,False
100000008749405100,terminal,0.570552,17,0.287144,"Видимый вход от 1 узлов (37,150 KZT), выхода нет; depth=3<4.",3,False,1,0,37150.0,0.0,1,0,0.00029136758371393326,1,0.0,0.0,0.0,False
100000008749406100,terminal,0.48621,24,0.112322,"Видимый вход от 1 узлов (17,144 KZT), выхода нет; depth=1<4.",1,False,1,0,17144.0,0.0,1,0,0.0002891676190013747,1,0.0,0.0,0.0,False
100000008749618100,terminal,0.593416,24,0.358986,"Видимый вход от 1 узлов (47,280 KZT), выхода нет; depth=1<4.",1,False,1,0,47280.0,0.0,1,0,0.000295492812403916,1,0.0,0.0,0.0,False
100000008749900100,terminal,0.486655,17,0.099644,"Видимый вход от 1 узлов (17,150 KZT), выхода нет; depth=3<4.",3,False,1,0,17150.0,0.0,1,0,0.0002882460281302762,1,0.0,0.0,0.0,False
100000008749989100,terminal,0.481406,24,0.121219,"Видимый вход от 1 узлов (16,000 KZT), выхода нет; depth=2<4.",2,False,1,0,16000.0,0.0,1,0,0.000291003491186888,1,0.0,0.0,0.0,False
100000008750464100,terminal,0.43452,17,0.038256,"Видимый вход от 1 узлов (8,500 KZT), выхода нет; depth=3<4.",3,False,1,0,8500.0,0.0,1,0,0.0002868959553403445,1,0.0,0.0,0.0,False
100000008751349100,terminal,0.456406,12,0.150801,"Видимый вход от 1 узлов (11,630 KZT), выхода нет; depth=3<4.",3,False,1,0,11630.0,0.0,1,0,0.00028848577638606915,7,0.0,0.0,0.0,False
100000008751380100,terminal,0.750712,28,0.909698,"Видимый вход от 2 узлов (345,780 KZT), выхода нет; depth=3<4.",3,False,2,0,345780.0,0.0,2,0,0.0003127638118830448,9,0.0,0.0,0.0,False
100000008751429100,consolidator,0.913701,8,0.920819,"Получает от 3 плательщиков, видимый вход 386,200 KZT; depth=1.",1,False,3,1,386200.0,72600.0,6,2,0.0015043129924041077,1,0.1879854997410668,72600.0,1.0,False
100000008752616100,peripheral,0.35,28,0.883897,"Недостаточно ролевых признаков: входящих 2, исходящих 7, depth=2.",2,False,2,7,64510.0,1265000.0,2,7,0.00031306069757078097,9,19.6093628894745,64510.0,1.0,False
100000008753061100,terminal,0.544662,17,0.230427,"Видимый вход от 1 узлов (28,400 KZT), выхода нет; depth=3<4.",3,False,1,0,28400.0,0.0,2,0,0.0002900019031460833,1,0.0,0.0,0.0,False
100000008753193100,terminal,0.566904,24,0.293149,"Видимый вход от 1 узлов (35,225 KZT), выхода нет; depth=1<4.",1,False,1,0,35225.0,0.0,1,0,0.00029296260910992755,1,0.0,0.0,0.0,False
100000008753897100,terminal,0.525534,17,0.182384,"Видимый вход от 1 узлов (24,050 KZT), выхода нет; depth=3<4.",3,False,1,0,24050.0,0.0,1,0,0.0002893229648066379,1,0.0,0.0,0.0,False
100000008754608100,terminal,0.46032,17,0.060943,"Видимый вход от 1 узлов (12,300 KZT), выхода нет; depth=3<4.",3,False,1,0,12300.0,0.0,1,0,0.0002874890509012393,1,0.0,0.0,0.0,False
100000008754747100,terminal,0.588256,17,0.332963,"Видимый вход от 1 узлов (45,500 KZT), выхода нет; depth=3<4.",3,False,1,0,45500.0,0.0,1,0,0.00029267083317011014,1,0.0,0.0,0.0,False
100000008754997100,terminal,0.493505,17,0.116103,"Видимый вход от 1 узлов (18,000 KZT), выхода нет; depth=3<4.",3,False,1,0,18000.0,0.0,1,0,0.0002883786942425816,1,0.0,0.0,0.0,False
100000008755168100,terminal,0.490747,17,0.109431,"Видимый вход от 1 узлов (17,600 KZT), выхода нет; depth=3<4.",3,False,1,0,17600.0,0.0,1,0,0.00028831626313090844,1,0.0,0.0,0.0,False
100000008755361100,terminal,0.469573,24,0.075623,"Видимый вход от 1 узлов (14,627 KZT), выхода нет; depth=1<4.",1,False,1,0,14627.0,0.0,1,0,0.0002886393301842059,1,0.0,0.0,0.0,False
100000008755580100,terminal,0.481406,17,0.089635,"Видимый вход от 1 узлов (16,000 KZT), выхода нет; depth=3<4.",3,False,1,0,16000.0,0.0,1,0,0.00028806653868421585,1,0.0,0.0,0.0,False
100000008755754100,terminal,0.428381,19,0.067171,"Видимый вход от 1 узлов (7,000 KZT), выхода нет; depth=3<4.",3,False,1,0,7000.0,0.0,1,0,0.00029589900207032836,1,0.0,0.0,0.0,False
100000008757301100,peripheral,0.2,0,0.235209,"depth=4: обход обрывается; видимый вход от 1 узлов, исходящие неизвестны.",4,False,1,0,58398.0,0.0,3,0,0.0005305464848242204,7,0.0,0.0,0.0,True
100000008757369100,peripheral,0.35,0,0.470641,"Недостаточно ролевых признаков: входящих 1, исходящих 1, depth=3.",3,False,1,1,25961.0,58398.0,1,3,0.0002878715741932145,7,2.249451099726513,25961.0,1.0,False
100000008758106100,peripheral,0.2,28,0.02936,"depth=4: обход обрывается; видимый вход от 1 узлов, исходящие неизвестны.",4,False,1,0,10000.0,0.0,1,0,0.0002868848713875846,8,0.0,0.0,0.0,True
100000008758168100,peripheral,0.35,28,0.886566,"Недостаточно ролевых признаков: входящих 2, исходящих 5, depth=2.",2,False,2,5,75410.0,1533600.0,2,5,0.00031836725127907677,9,20.33682535472749,10000.0,0.13260840737302745,False
100000008758607100,peripheral,0.2,28,0.019684,"depth=4: обход обрывается; видимый вход от 1 узлов, исходящие неизвестны.",4,False,1,0,5000.0,0.0,1,0,0.0002862270828024374,8,0.0,0.0,0.0,True
100000008759795100,peripheral,0.2,19,0.016014,"depth=4: обход обрывается; видимый вход от 1 узлов, исходящие неизвестны.",4,False,1,0,17000.0,0.0,1,0,0.00029466683769708836,1,0.0,0.0,0.0,True
100000008759857100,peripheral,0.35,28,0.771352,"Недостаточно ролевых признаков: входящих 1, исходящих 2, depth=3.",3,False,1,2,5000.0,994000.0,1,3,0.0002863329149575189,9,198.8,5000.0,1.0,False
100000008760098100,peripheral,0.35,28,0.673932,"Недостаточно ролевых признаков: входящих 1, исходящих 1, depth=3.",3,False,1,1,7000.0,390000.0,1,1,0.0002866383632536104,9,55.714285714285715,7000.0,1.0,False
100000008761132100,peripheral,0.2,28,0.02936,"depth=4: обход обрывается; видимый вход от 1 узлов, исходящие неизвестны.",4,False,1,0,10000.0,0.0,1,0,0.0002868848713875846,8,0.0,0.0,0.0,True
100000008761219100,peripheral,0.35,28,0.803381,"Недостаточно ролевых признаков: входящих 2, исходящих 2, depth=3.",3,False,2,2,50000.0,375000.0,2,2,0.0002928408331364549,9,7.5,50000.0,1.0,False
100000008761220100,peripheral,0.2,28,0.02936,"depth=4: обход обрывается; видимый вход от 1 узлов, исходящие неизвестны.",4,False,1,0,10000.0,0.0,1,0,0.0002868848713875846,8,0.0,0.0,0.0,True
100000008762005100,peripheral,0.2,28,0.021686,"depth=4: обход обрывается; видимый вход от 1 узлов, исходящие неизвестны.",4,False,1,0,5000.0,0.0,1,0,0.0002867795934290686,8,0.0,0.0,0.0,True
100000008762728100,terminal,0.485587,5,0.313167,"Видимый вход от 1 узлов (17,026 KZT), выхода нет; depth=2<4.",2,False,1,0,17026.0,0.0,1,0,0.00031770106594377587,7,0.0,0.0,0.0,False
100000008762832100,peripheral,0.35,25,0.557384,"Недостаточно ролевых признаков: входящих 1, исходящих 1, depth=2.",2,False,1,1,150000.0,85000.0,1,4,0.00030814762084497525,1,0.5666666666666667,0.0,0.0,False
100000008762843100,peripheral,0.2,28,0.025189,"depth=4: обход обрывается; видимый вход от 1 узлов, исходящие неизвестны.",4,False,1,0,7000.0,0.0,1,0,0.00028726371311378,8,0.0,0.0,0.0,True
100000008762885100,peripheral,0.2,28,0.025189,"depth=4: обход обрывается; видимый вход от 1 узлов, исходящие неизвестны.",4,False,1,0,7000.0,0.0,1,0,0.00028726371311378,8,0.0,0.0,0.0,True
100000008763688100,terminal,0.511566,17,0.15347,"Видимый вход от 1 узлов (21,000 KZT), выхода нет; depth=3<4.",3,False,1,0,21000.0,0.0,1,0,0.00028884692758013016,1,0.0,0.0,0.0,False
100000008764436100,terminal,0.464413,24,0.080516,"Видимый вход от 1 узлов (13,100 KZT), выхода нет; depth=2<4.",2,False,1,0,13100.0,0.0,1,0,0.00029001854298614835,1,0.0,0.0,0.0,False
100000008764654100,terminal,0.537278,17,0.204404,"Видимый вход от 1 узлов (26,150 KZT), выхода нет; depth=3<4.",3,False,1,0,26150.0,0.0,1,0,0.00028965072814292185,1,0.0,0.0,0.0,False
100000008765494100,terminal,0.52411,24,0.215747,"Видимый вход от 1 узлов (24,000 KZT), выхода нет; depth=2<4.",2,False,1,0,24000.0,0.0,1,0,0.0002937205896716869,1,0.0,0.0,0.0,False
100000008765627100,terminal,0.62073,32,0.418149,"Видимый вход от 1 узлов (60,000 KZT), выхода нет; depth=2<4.",2,False,1,0,60000.0,0.0,1,0,0.0002969411403489074,1,0.0,0.0,0.0,False
100000008766031100,peripheral,0.2,28,0.021019,"depth=4: обход обрывается; видимый вход от 1 узлов, исходящие неизвестны.",4,False,1,0,5000.0,0.0,1,0,0.00028647703728241055,8,0.0,0.0,0.0,True
100000008766764100,peripheral,0.2,28,0.019684,"depth=4: обход обрывается; видимый вход от 1 узлов, исходящие неизвестны.",4,False,1,0,5000.0,0.0,1,0,0.0002862270828024374,8,0.0,0.0,0.0,True
100000008767027100,terminal,0.412544,28,0.158363,"Видимый вход от 1 узлов (5,000 KZT), выхода нет; depth=3<4.",3,False,1,0,5000.0,0.0,1,0,0.0002863329149575189,9,0.0,0.0,0.0,False
100000008767065100,terminal,0.445907,28,0.208185,"Видимый вход от 1 узлов (10,000 KZT), выхода нет; depth=3<4.",3,False,1,0,10000.0,0.0,1,0,0.0002870965356977476,9,0.0,0.0,0.0,False
100000008767925100,terminal,0.48621,24,0.112322,"Видимый вход от 1 узлов (17,144 KZT), выхода нет; depth=1<4.",1,False,1,0,17144.0,0.0,1,0,0.0002891676190013747,1,0.0,0.0,0.0,False
100000008767950100,terminal,0.488078,17,0.105872,"Видимый вход от 1 узлов (17,350 KZT), выхода нет; depth=3<4.",3,False,1,0,17350.0,0.0,1,0,0.0002882772436861127,1,0.0,0.0,0.0,False
100000008768896100,terminal,0.592616,24,0.356094,"Видимый вход от 1 узлов (47,060 KZT), выхода нет; depth=1<4.",1,False,1,0,47060.0,0.0,1,0,0.0002954466369808818,1,0.0,0.0,0.0,False
100000008769097100,terminal,0.556851,17,0.253336,"Видимый вход от 1 узлов (31,100 KZT), выхода нет; depth=3<4.",3,False,1,0,31100.0,0.0,1,0,0.000290423313149877,1,0.0,0.0,0.0,False
100000008769636100,terminal,0.518149,24,0.178381,"Видимый вход от 1 узлов (23,118 KZT), выхода нет; depth=1<4.",1,False,1,0,23118.0,0.0,1,0,0.0002904214916250401,1,0.0,0.0,0.0,False
100000008770483100,peripheral,0.2,28,0.031695,"depth=4: обход обрывается; видимый вход от 1 узлов, исходящие неизвестны.",4,False,1,0,5000.0,0.0,1,0,0.00028889205365380943,9,0.0,0.0,0.0,True
100000008771627100,terminal,0.483452,24,0.128559,"Видимый вход от 1 узлов (16,500 KZT), выхода нет; depth=2<4.",2,False,1,0,16500.0,0.0,1,0,0.0002911733098421879,1,0.0,0.0,0.0,False
100000008771814100,terminal,0.52242,24,0.206851,"Видимый вход от 1 узлов (23,700 KZT), выхода нет; depth=2<4.",2,False,1,0,23700.0,0.0,1,0,0.0002936186984785069,1,0.0,0.0,0.0,False
100000008771819100,terminal,0.573132,24,0.310943,"Видимый вход от 1 узлов (38,900 KZT), выхода нет; depth=1<4.",1,False,1,0,38900.0,0.0,1,0,0.0002937339485628855,1,0.0,0.0,0.0,False
100000008772058100,terminal,0.601957,24,0.399466,"Видимый вход от 1 узлов (50,000 KZT), выхода нет; depth=2<4.",2,False,1,0,50000.0,0.0,1,0,0.00030255115974728324,1,0.0,0.0,0.0,False
100000008772246100,terminal,0.584786,17,0.324956,"Видимый вход от 1 узлов (44,500 KZT), выхода нет; depth=3<4.",3,False,1,0,44500.0,0.0,1,0,0.0002925147553909273,1,0.0,0.0,0.0,False
100000008773876100,terminal,0.536299,24,0.219751,"Видимый вход от 1 узлов (26,120 KZT), выхода нет; depth=1<4.",1,False,1,0,26120.0,0.0,1,0,0.00029105157626117063,1,0.0,0.0,0.0,False
100000008774237100,peripheral,0.35,27,0.438612,"Недостаточно ролевых признаков: входящих 1, исходящих 1, depth=2.",2,False,1,1,50000.0,10000.0,1,1,0.00031034904672860115,1,0.2,10000.0,1.0,False
100000008775471100,terminal,0.777402,28,0.871441,"Видимый вход от 1 узлов (580,000 KZT), выхода нет; depth=3<4.",3,False,1,0,580000.0,0.0,2,0,0.0003583758008227347,8,0.0,0.0,0.0,False
100000008775747100,peripheral,0.2,28,0.019684,"depth=4: обход обрывается; видимый вход от 1 узлов, исходящие неизвестны.",4,False,1,0,5000.0,0.0,1,0,0.0002862270828024374,8,0.0,0.0,0.0,True
100000008776298100,terminal,0.582206,24,0.330516,"Видимый вход от 1 узлов (42,800 KZT), выхода нет; depth=1<4.",1,False,1,0,42800.0,0.0,1,0,0.0002945525128803102,1,0.0,0.0,0.0,False
100000008776310100,terminal,0.497865,17,0.129004,"Видимый вход от 1 узлов (19,200 KZT), выхода нет; depth=3<4.",3,False,1,0,19200.0,0.0,1,0,0.000288565987577601,1,0.0,0.0,0.0,False
100000008776420100,terminal,0.630249,17,0.43016,"Видимый вход от 1 узлов (69,500 KZT), выхода нет; depth=3<4.",3,False,1,0,69500.0,0.0,1,0,0.0002964166998704986,1,0.0,0.0,0.0,False
100000008776576100,terminal,0.470107,24,0.076512,"Видимый вход от 1 узлов (14,765 KZT), выхода нет; depth=1<4.",1,False,1,0,14765.0,0.0,1,0,0.0002886682947677456,1,0.0,0.0,0.0,False
100000008776720100,terminal,0.537278,17,0.204404,"Видимый вход от 1 узлов (26,150 KZT), выхода нет; depth=3<4.",3,False,1,0,26150.0,0.0,1,0,0.00028965072814292185,1,0.0,0.0,0.0,False
100000008777088100,terminal,0.493505,24,0.131673,"Видимый вход от 1 узлов (18,000 KZT), выхода нет; depth=1<4.",1,False,1,0,18000.0,0.0,1,0,0.00028934728337463503,1,0.0,0.0,0.0,False
100000008778010100,peripheral,0.2,17,0.17649,"depth=4: обход обрывается; видимый вход от 1 узлов, исходящие неизвестны.",4,False,1,0,76950.0,0.0,2,0,0.0005296426486872749,1,0.0,0.0,0.0,True
100000008778753100,peripheral,0.2,11,0.024689,"depth=4: обход обрывается; видимый вход от 1 узлов, исходящие неизвестны.",4,False,1,0,10000.0,0.0,1,0,0.00029415636801295676,7,0.0,0.0,0.0,True
100000008779584100,terminal,0.557473,24,0.266904,"Видимый вход от 1 узлов (31,400 KZT), выхода нет; depth=1<4.",1,False,1,0,31400.0,0.0,1,0,0.0002921597864139918,1,0.0,0.0,0.0,False
100000008782056100,terminal,0.546797,24,0.244662,"Видимый вход от 1 узлов (29,082 KZT), выхода нет; depth=1<4.",1,False,1,0,29082.0,0.0,1,0,0.00029167326536584036,1,0.0,0.0,0.0,False
100000008782421100,terminal,0.598043,24,0.367883,"Видимый вход от 1 узлов (49,680 KZT), выхода нет; depth=1<4.",1,False,1,0,49680.0,0.0,1,0,0.00029599654429156205,1,0.0,0.0,0.0,False
100000008782800100,terminal,0.582918,24,0.33452,"Видимый вход от 1 узлов (43,381 KZT), выхода нет; depth=1<4.",1,False,1,0,43381.0,0.0,1,0,0.0002946744579747778,1,0.0,0.0,0.0,False
